host;time;sys_actsess_max;sys_cpu;sys_iowait;sys_oswait;sys_pga;sys_pxqct;sys_pxruns;sys_pxsrvt;sys_read;sys_redo;sys_rmwait;sys_syspct;sys_write
1;2018-11-02 00:00:00;237.9;39.0;21.9;0.8;17064.1;15.9;305.9;179.4;5079.3;25.0;16.4;10.2;144.7
1;2018-11-02 01:00:00;313.8;47.9;15.4;1.0;15388.9;18.3;794.4;251.9;5122.0;30.6;6.6;12.8;172.4
1;2018-11-02 02:00:00;259.7;69.0;10.2;1.0;40204.6;15.3;855.3;291.1;6936.4;29.8;3.3;13.9;182.9
1;2018-11-02 03:00:00;334.4;57.1;24.4;1.1;48704.0;15.7;244.8;327.9;3857.7;34.0;0.8;11.7;228.8
1;2018-11-02 04:00:00;167.0;35.1;4.1;0.8;40982.4;4.3;294.9;72.4;1829.2;38.7;0.7;8.9;522.2
1;2018-11-02 05:00:00;214.2;35.5;4.2;0.9;41838.2;3.3;329.6;49.5;1566.3;52.4;1.0;10.0;280.9
1;2018-11-02 06:00:00;246.0;41.8;5.5;0.8;13806.9;2.8;281.0;58.5;1830.8;41.1;0.2;10.1;264.0
1;2018-11-02 07:00:00;291.0;59.5;6.2;1.3;13851.8;3.1;286.5;57.1;1573.6;77.7;0.3;15.2;374.8
1;2018-11-02 08:00:00;273.0;49.3;6.0;1.2;15686.4;2.9;251.6;54.2;5829.7;82.9;0.1;13.4;421.0
1;2018-11-02 09:00:00;258.9;38.7;11.4;0.9;19244.3;3.2;273.9;61.2;8887.1;64.0;0.5;11.1;319.6
1;2018-11-02 10:00:00;264.4;56.4;7.0;1.1;26663.4;5.0;280.1;127.1;4756.2;76.4;0.3;13.5;451.0
1;2018-11-02 11:00:00;261.3;43.5;6.9;1.1;12949.7;4.1;238.5;90.3;2422.2;77.0;1.2;12.0;417.2
1;2018-11-02 12:00:00;336.0;51.5;17.2;1.3;43738.1;9.7;232.0;228.8;1516.3;69.3;0.0;15.9;346.4
1;2018-11-02 13:00:00;285.9;55.5;15.2;1.3;46429.7;8.5;190.2;182.4;756.0;80.7;0.0;16.2;403.7
1;2018-11-02 14:00:00;280.0;43.6;10.9;1.1;18684.2;8.9;224.5;163.1;644.6;88.3;0.0;13.2;427.4
1;2018-11-02 15:00:00;271.0;40.1;11.7;1.0;21163.2;6.2;208.4;121.1;1417.5;74.4;0.0;11.5;412.9
1;2018-11-02 16:00:00;276.7;34.5;7.2;0.9;17290.1;5.4;208.9;99.9;910.7;69.5;0.0;10.7;336.1
1;2018-11-02 17:00:00;238.6;31.4;5.6;0.8;10242.9;3.9;195.1;57.4;510.5;68.6;0.0;9.4;1316.3
1;2018-11-02 18:00:00;222.9;29.9;9.3;0.9;10190.6;3.0;192.4;40.8;412.7;60.9;0.0;9.8;994.9
1;2018-11-02 19:00:00;152.6;38.5;22.0;0.9;72938.6;6.2;192.9;113.5;869.0;56.6;0.0;10.5;455.4
1;2018-11-02 20:00:00;170.3;23.9;7.8;0.8;10046.7;3.0;207.3;41.2;684.2;43.5;0.0;7.8;223.6
1;2018-11-02 21:00:00;117.6;15.1;16.4;0.5;10061.7;3.0;197.6;41.4;709.1;21.4;0.0;5.6;115.5
1;2018-11-02 22:00:00;102.7;15.4;16.7;0.5;10022.1;3.0;213.1;41.3;722.1;24.6;0.0;5.0;125.2
1;2018-11-02 23:00:00;299.9;35.6;5.4;0.9;31533.0;6.0;210.8;127.9;1033.5;41.2;0.0;10.7;220.9
1;2018-11-03 00:00:00;238.6;40.7;9.6;0.7;33955.0;16.6;353.9;195.8;11746.0;38.3;5.3;9.1;228.0
1;2018-11-03 01:00:00;151.8;43.5;6.4;0.8;22330.7;17.1;754.5;189.2;1387.0;39.3;2.0;10.2;198.2
1;2018-11-03 02:00:00;898.0;31.5;3.0;0.7;23216.4;8.7;835.4;145.4;1185.2;46.7;0.6;7.7;247.2
1;2018-11-03 03:00:00;140.6;19.8;10.9;0.7;22852.6;7.6;191.7;138.6;73.6;39.5;0.0;6.7;236.2
1;2018-11-03 04:00:00;128.6;23.0;3.5;0.6;41040.0;5.1;202.3;97.4;122.7;38.6;0.0;6.9;451.7
1;2018-11-03 05:00:00;116.1;18.0;2.9;0.6;33774.9;4.3;209.1;85.1;128.0;32.8;0.0;6.1;212.7
1;2018-11-03 06:00:00;137.5;22.8;15.4;0.6;13314.7;3.8;225.0;103.4;673.3;29.2;0.0;6.9;189.8
1;2018-11-03 07:00:00;230.4;33.5;15.2;0.9;10272.6;2.9;210.4;59.9;6615.3;60.8;0.0;10.1;316.0
1;2018-11-03 08:00:00;216.8;19.4;18.3;0.7;9988.0;2.2;194.4;33.9;5491.5;30.2;0.0;7.2;180.2
1;2018-11-03 09:00:00;185.7;18.9;5.4;0.6;10229.6;2.8;220.2;47.4;908.9;35.8;0.0;6.3;199.9
1;2018-11-03 10:00:00;95.8;20.1;5.8;0.7;9891.5;2.1;203.8;33.1;72.6;49.7;0.0;6.9;221.6
1;2018-11-03 11:00:00;227.2;18.0;5.3;0.6;9925.0;2.2;205.0;33.1;79.9;39.1;0.0;6.2;180.1
1;2018-11-03 12:00:00;118.0;19.3;4.9;0.6;9999.6;2.1;210.7;33.9;101.7;39.7;0.0;6.5;191.7
1;2018-11-03 13:00:00;85.1;22.0;4.6;0.5;19306.8;2.1;218.7;33.2;54.1;33.4;0.0;5.6;585.0
1;2018-11-03 14:00:00;104.5;23.8;4.5;0.5;19295.7;2.1;204.3;33.1;43.3;26.9;0.0;5.3;568.8
1;2018-11-03 15:00:00;113.0;19.0;4.3;0.5;19283.7;2.0;206.2;33.1;46.9;19.9;0.0;4.8;561.1
1;2018-11-03 16:00:00;105.9;17.0;2.0;0.4;19031.5;1.0;217.1;1.1;57.6;27.3;0.0;3.8;593.5
1;2018-11-03 17:00:00;77.2;15.0;2.0;0.3;18927.3;1.1;216.1;1.9;46.0;15.8;0.0;3.3;571.7
1;2018-11-03 18:00:00;114.0;14.4;3.4;0.3;21625.4;9.1;218.0;129.2;410.2;11.2;0.0;3.3;689.5
1;2018-11-03 19:00:00;38.8;14.7;2.4;0.3;21773.8;9.1;196.8;129.5;223.5;11.3;0.0;3.3;562.3
1;2018-11-03 20:00:00;37.5;13.8;2.3;0.3;21409.2;8.1;187.4;113.1;287.0;10.0;0.0;2.9;589.7
1;2018-11-03 21:00:00;152.9;20.8;34.8;0.4;21689.8;9.0;223.9;129.1;1168.3;7.7;0.0;4.3;683.1
1;2018-11-03 22:00:00;165.0;12.6;7.6;0.3;21841.8;9.3;203.7;132.2;1531.6;7.0;0.0;2.7;617.3
1;2018-11-03 23:00:00;202.8;24.6;5.9;0.6;26546.9;10.8;253.8;193.1;606.0;18.3;0.0;6.4;555.1
1;2018-11-04 00:00:00;273.4;37.9;15.0;0.6;23371.3;24.0;236.9;256.4;12206.7;17.7;17.1;7.7;551.0
1;2018-11-04 01:00:00;360.1;67.7;38.0;4.4;35211.1;29.4;792.9;373.9;4339.4;21.7;14.4;14.9;461.3
1;2018-11-04 02:00:00;290.7;60.2;8.6;0.8;61606.0;21.1;986.9;302.5;7886.3;14.3;7.2;11.3;511.2
1;2018-11-04 03:00:00;217.7;48.3;17.5;0.6;47632.7;17.4;221.3;290.7;3917.0;14.3;0.6;8.2;681.1
1;2018-11-04 04:00:00;81.5;18.3;5.4;0.4;46631.6;5.8;224.6;69.0;386.4;6.8;0.0;3.9;751.6
1;2018-11-04 05:00:00;161.3;21.7;11.7;0.5;26306.9;4.2;222.8;33.2;70.6;18.0;0.0;5.7;560.9
1;2018-11-04 06:00:00;237.6;31.2;17.1;0.7;26601.6;5.1;192.6;87.6;620.8;29.9;0.0;7.9;602.7
1;2018-11-04 07:00:00;231.6;33.7;16.9;0.7;20862.3;3.3;242.2;17.3;202.1;41.6;0.0;8.7;655.7
1;2018-11-04 08:00:00;154.4;28.0;16.4;0.7;19751.7;3.1;193.6;17.3;108.5;26.5;0.0;7.6;563.6
1;2018-11-04 09:00:00;156.7;21.2;19.2;0.5;19642.9;3.2;193.0;19.8;15805.1;20.3;0.0;5.8;583.8
1;2018-11-04 10:00:00;115.3;17.5;3.2;0.4;19773.8;3.2;222.9;22.0;84.6;10.6;0.0;4.1;562.2
1;2018-11-04 11:00:00;93.4;22.5;3.3;0.4;29478.5;3.7;229.4;70.2;1370.4;17.8;0.0;4.1;684.4
1;2018-11-04 12:00:00;119.2;25.7;4.1;0.5;29276.2;6.2;258.0;153.2;224.5;42.7;0.0;5.7;749.0
1;2018-11-04 13:00:00;135.5;26.2;5.3;0.6;44798.8;5.9;223.8;131.1;337.7;39.3;0.0;6.9;701.7
1;2018-11-04 14:00:00;77.9;25.5;5.8;0.6;27608.0;3.6;191.8;80.8;220.8;27.4;0.0;6.9;620.5
1;2018-11-04 15:00:00;120.2;20.9;4.3;0.5;36542.9;3.1;210.1;65.1;473.4;17.8;0.0;5.5;733.9
1;2018-11-04 16:00:00;126.6;28.7;4.2;0.5;26537.6;3.2;219.9;68.3;109.1;16.8;0.0;5.9;614.3
1;2018-11-04 17:00:00;237.2;23.3;2.2;0.4;25890.1;2.9;552.1;56.0;105.2;16.6;0.0;4.1;687.6
1;2018-11-04 18:00:00;145.9;20.1;2.8;0.4;19895.7;3.5;508.7;47.9;199.7;29.5;0.0;4.6;676.3
1;2018-11-04 19:00:00;95.7;27.0;3.6;0.5;35861.0;5.0;493.7;81.1;908.6;30.2;0.3;5.5;701.5
1;2018-11-04 20:00:00;195.1;29.4;6.0;0.6;53275.8;9.0;203.5;196.5;7221.3;26.7;0.0;7.0;536.0
1;2018-11-04 21:00:00;175.1;48.6;8.4;0.7;64071.9;15.2;211.0;299.0;2396.9;11.2;1.2;9.0;371.7
1;2018-11-04 22:00:00;191.7;29.6;3.8;0.4;33055.0;11.0;227.5;223.3;1466.8;19.9;0.0;5.8;189.3
1;2018-11-04 23:00:00;88.6;14.6;4.0;0.5;30471.3;4.7;192.7;82.6;549.4;22.9;0.0;5.3;142.8
1;2018-11-05 00:00:00;151.7;20.7;6.2;0.5;14987.5;4.4;245.4;70.1;661.9;32.0;0.0;5.9;185.7
1;2018-11-05 01:00:00;150.9;22.3;2.8;0.6;11643.0;3.9;856.5;50.0;4365.7;36.0;0.0;6.3;169.3
1;2018-11-05 02:00:00;179.4;54.6;3.0;0.6;34211.9;11.4;883.4;206.9;6490.2;21.7;0.8;8.3;132.1
1;2018-11-05 03:00:00;115.3;14.6;10.0;0.4;18721.5;7.5;246.4;130.9;3018.0;21.5;0.0;4.2;130.6
1;2018-11-05 04:00:00;143.9;23.6;2.3;0.5;40881.1;3.3;238.3;51.5;836.4;22.3;0.0;6.1;360.3
1;2018-11-05 05:00:00;153.2;17.5;2.1;0.5;9335.2;1.5;237.1;16.3;300.8;35.8;0.0;5.8;199.8
1;2018-11-05 06:00:00;242.5;29.7;4.9;0.7;11863.6;3.3;194.8;72.9;705.4;40.7;0.0;8.0;242.7
1;2018-11-05 07:00:00;229.7;33.1;5.0;0.7;14532.1;4.2;265.7;85.4;849.2;50.5;0.0;9.3;301.0
1;2018-11-05 08:00:00;266.3;26.8;4.6;0.7;17389.6;4.5;234.4;80.0;16385.9;34.0;0.0;7.8;252.2
1;2018-11-05 09:00:00;133.5;11.8;2.0;0.4;10390.9;2.3;317.9;33.5;1093.6;22.8;0.0;3.6;96.1
1;2018-11-05 10:00:00;166.3;14.2;2.1;0.4;13939.1;2.1;236.4;28.8;1003.1;16.5;0.0;4.3;129.9
1;2018-11-05 11:00:00;152.7;9.9;1.3;0.3;14555.0;3.3;272.2;47.0;1210.2;9.6;0.4;2.8;122.7
1;2018-11-05 12:00:00;169.9;10.1;1.5;0.3;13746.7;2.1;225.2;27.1;6087.9;11.9;0.0;3.1;134.0
1;2018-11-05 13:00:00;64.5;9.8;1.7;0.3;9783.3;2.0;287.5;27.3;1511.0;12.1;0.0;2.8;80.0
1;2018-11-05 14:00:00;107.6;15.0;3.0;0.4;14458.6;3.6;272.3;60.3;1670.8;11.5;0.3;3.9;156.8
1;2018-11-05 15:00:00;57.5;11.4;1.9;0.3;9685.5;2.3;301.2;34.9;1264.1;12.4;0.1;3.3;153.3
1;2018-11-05 16:00:00;77.2;11.9;1.9;0.3;14962.6;2.7;275.2;29.9;1066.6;15.0;0.0;3.3;117.1
1;2018-11-05 17:00:00;80.3;14.4;3.0;0.4;13515.3;3.8;572.9;54.0;1411.6;14.9;0.1;3.9;171.9
1;2018-11-05 18:00:00;79.8;12.0;1.7;0.3;13830.6;3.5;533.7;40.8;1403.6;10.4;0.1;3.2;117.7
1;2018-11-05 19:00:00;64.1;10.0;1.2;0.2;9956.5;2.6;296.4;30.7;1290.9;9.8;0.3;2.6;86.4
1;2018-11-05 20:00:00;251.0;35.3;10.9;0.7;43685.8;10.9;415.7;263.1;8761.7;11.5;2.3;8.8;467.4
1;2018-11-05 21:00:00;193.9;48.7;8.8;0.8;37273.7;7.8;318.0;184.9;2673.0;20.8;1.9;10.0;348.9
1;2018-11-05 22:00:00;158.0;43.6;4.6;0.8;19242.5;6.0;283.7;140.4;1805.9;23.8;1.1;9.6;212.7
1;2018-11-05 23:00:00;281.6;35.9;14.3;0.9;16849.2;5.0;329.0;122.8;1996.6;23.1;0.9;11.4;200.7
1;2018-11-06 00:00:00;214.4;36.8;21.7;0.8;16260.9;15.1;445.9;134.8;16864.5;36.9;4.9;9.7;175.9
1;2018-11-06 01:00:00;230.7;38.3;28.5;0.8;20108.9;15.5;832.7;139.2;5176.9;21.8;1.3;9.8;162.9
1;2018-11-06 02:00:00;241.6;64.1;25.8;1.3;38938.5;16.3;856.2;254.2;6256.4;23.6;1.6;10.2;164.6
1;2018-11-06 03:00:00;263.9;43.6;41.3;0.8;48132.7;17.2;288.0;314.5;4827.7;18.4;0.9;8.6;203.4
1;2018-11-06 04:00:00;237.1;31.0;19.6;0.7;39014.5;5.7;273.4;100.4;1300.7;23.8;0.0;8.2;355.5
1;2018-11-06 05:00:00;219.1;22.3;4.3;0.6;11771.3;3.3;306.3;47.2;1697.9;32.3;0.3;6.5;227.1
1;2018-11-06 06:00:00;265.9;40.6;6.9;0.8;13223.0;5.9;322.9;146.8;2639.5;37.5;0.1;10.1;307.4
1;2018-11-06 07:00:00;221.7;31.9;4.7;0.8;15713.8;3.1;266.7;47.6;1154.3;50.3;0.1;9.4;286.8
1;2018-11-06 08:00:00;313.1;44.6;5.3;1.2;14409.2;4.8;293.6;127.4;15925.5;65.5;1.0;11.8;306.6
1;2018-11-06 09:00:00;295.7;35.8;7.8;0.9;11670.8;3.5;260.9;60.3;1257.8;72.5;0.0;9.7;326.7
1;2018-11-06 10:00:00;245.4;38.2;6.8;0.9;15337.8;4.7;334.3;97.0;2362.6;69.3;0.4;10.1;350.2
1;2018-11-06 11:00:00;238.1;35.9;8.3;0.9;14545.1;2.7;288.0;39.1;1070.2;82.4;0.3;10.7;360.7
1;2018-11-06 12:00:00;316.8;43.0;7.8;1.0;19476.8;5.6;237.2;133.8;3417.9;67.3;0.2;11.6;335.5
1;2018-11-06 13:00:00;302.6;40.8;5.6;1.0;14046.5;4.1;331.6;94.9;1359.0;70.3;0.4;11.6;349.0
1;2018-11-06 14:00:00;270.9;34.8;4.8;0.9;11624.4;3.7;213.3;67.2;1163.3;63.4;0.1;10.2;321.0
1;2018-11-06 15:00:00;259.1;42.1;5.2;0.9;16933.3;5.4;301.8;101.1;2059.4;61.6;0.1;11.4;363.5
1;2018-11-06 16:00:00;267.0;37.1;4.3;0.8;33142.9;11.2;284.7;299.6;1235.3;98.4;0.0;9.2;478.6
1;2018-11-06 17:00:00;272.7;34.9;4.7;0.8;21522.5;9.0;371.3;231.4;633.2;93.5;0.0;9.2;524.5
1;2018-11-06 18:00:00;240.2;31.5;3.9;0.7;18554.8;5.3;484.7;81.5;974.6;65.7;0.0;8.9;335.1
1;2018-11-06 19:00:00;160.0;27.8;3.7;0.6;16559.0;5.4;246.0;87.7;1198.7;57.2;0.0;7.6;332.9
1;2018-11-06 20:00:00;317.8;60.2;21.3;1.3;45683.8;15.3;472.9;401.6;2451.0;48.9;0.9;18.7;396.1
1;2018-11-06 21:00:00;298.0;83.5;24.3;3.1;45919.0;14.6;196.1;379.9;2098.7;43.5;0.9;19.6;487.5
1;2018-11-06 22:00:00;312.4;64.1;19.9;1.2;54282.5;11.8;191.2;303.1;1707.7;41.3;0.2;16.6;313.8
1;2018-11-06 23:00:00;327.6;37.0;16.1;1.0;26885.0;9.6;263.4;260.0;1450.9;26.3;0.2;12.6;162.2
1;2018-11-07 00:00:00;242.0;38.0;10.3;0.8;18272.1;18.2;262.2;247.6;7187.4;30.2;4.4;10.3;164.6
1;2018-11-07 01:00:00;309.3;50.0;15.4;1.0;17085.4;22.3;813.1;305.6;4318.0;36.3;0.5;13.2;250.1
1;2018-11-07 02:00:00;228.4;57.2;8.4;1.0;46067.4;19.5;846.7;332.1;6527.9;33.4;1.2;9.2;167.8
1;2018-11-07 03:00:00;422.3;37.7;20.2;0.8;25056.4;16.2;268.9;276.8;2914.1;34.6;0.7;8.6;226.0
1;2018-11-07 04:00:00;236.1;31.7;19.0;0.7;54536.0;5.8;292.6;54.7;460.0;32.5;0.0;7.9;667.7
1;2018-11-07 05:00:00;260.8;33.4;7.1;0.6;54892.2;5.5;352.5;77.2;825.1;32.5;0.3;7.7;413.4
1;2018-11-07 06:00:00;364.7;43.8;7.8;0.8;50721.2;4.0;263.6;126.5;893.3;39.5;0.3;10.3;322.5
1;2018-11-07 07:00:00;306.9;36.1;6.9;0.9;15841.1;4.3;258.8;84.3;7298.9;53.2;0.0;10.4;366.4
1;2018-11-07 08:00:00;283.3;43.7;12.1;1.1;17390.0;2.8;234.8;38.4;16948.3;62.1;0.0;13.4;395.9
1;2018-11-07 09:00:00;302.0;40.7;12.1;1.0;13387.0;3.9;233.9;57.1;880.2;72.5;0.0;11.7;393.7
1;2018-11-07 10:00:00;423.3;47.0;41.7;1.1;18595.6;9.4;294.5;148.5;1430.0;72.5;0.3;12.7;389.5
1;2018-11-07 11:00:00;391.2;36.2;37.5;1.3;20421.7;12.4;295.0;256.4;2334.8;55.5;0.1;10.4;294.6
1;2018-11-07 12:00:00;432.1;66.1;41.1;3.0;27253.4;12.3;312.2;204.4;1025.7;70.3;0.0;18.6;399.5
1;2018-11-07 13:00:00;318.1;51.7;12.1;1.2;17839.5;11.9;375.4;222.5;2460.4;57.9;0.0;14.4;451.0
1;2018-11-07 14:00:00;241.6;35.0;6.5;0.9;12147.7;3.4;281.1;68.9;795.0;69.2;0.0;10.0;320.8
1;2018-11-07 15:00:00;288.3;36.9;5.4;0.9;12723.4;4.0;235.1;61.8;1372.3;66.0;0.0;10.3;341.3
1;2018-11-07 16:00:00;251.8;41.1;6.3;0.9;35021.4;4.7;304.9;85.5;1554.2;61.6;0.5;11.2;368.4
1;2018-11-07 17:00:00;226.4;38.8;5.7;0.9;15405.6;4.6;373.2;69.1;1294.9;66.4;0.0;11.2;353.7
1;2018-11-07 18:00:00;335.0;33.9;5.0;0.8;13401.5;6.7;397.2;103.5;1816.2;56.5;1.7;9.3;315.1
1;2018-11-07 19:00:00;336.6;31.2;6.3;0.7;16070.1;6.8;496.5;104.8;1962.6;53.2;0.1;8.6;278.5
1;2018-11-07 20:00:00;409.9;59.8;24.8;1.4;41520.7;14.7;503.5;367.1;7549.8;40.3;1.9;18.3;364.9
1;2018-11-07 21:00:00;427.2;79.0;30.0;1.8;48393.0;14.3;267.7;378.7;2448.3;40.1;0.3;19.2;457.2
1;2018-11-07 22:00:00;304.8;72.5;23.0;1.4;45958.6;11.6;221.6;316.8;2209.7;38.1;0.3;18.1;348.0
1;2018-11-07 23:00:00;364.3;48.8;20.9;1.1;22876.5;9.4;269.7;248.6;2139.6;35.0;0.2;15.1;192.1
1;2018-11-08 00:00:00;234.8;40.4;15.6;0.8;19397.4;15.0;330.6;195.4;10157.9;21.7;5.6;10.4;154.4
1;2018-11-08 01:00:00;339.0;50.6;24.3;1.0;15789.2;18.9;778.5;271.6;4329.9;21.1;0.5;12.8;167.8
1;2018-11-08 02:00:00;277.7;53.4;6.0;0.7;42741.2;18.8;907.8;272.4;6902.1;16.2;0.3;9.2;149.7
1;2018-11-08 03:00:00;301.0;57.6;15.9;0.9;43018.1;19.2;488.1;318.2;4577.9;26.3;1.2;10.9;245.8
1;2018-11-08 04:00:00;223.1;24.0;24.7;0.5;41947.8;4.0;282.7;66.5;1559.9;20.6;0.1;6.2;526.4
1;2018-11-08 05:00:00;233.0;26.0;6.9;0.7;45843.5;3.7;292.9;52.4;1340.3;31.8;0.2;7.5;265.9
1;2018-11-08 06:00:00;291.9;32.1;8.8;0.8;16210.6;4.3;243.9;79.6;1329.4;36.4;0.0;8.7;303.2
1;2018-11-08 07:00:00;274.6;52.6;8.6;1.3;16198.4;4.6;295.5;94.6;1568.1;71.1;1.2;14.0;427.6
1;2018-11-08 08:00:00;366.6;57.8;16.4;1.2;17147.5;9.7;464.5;199.8;21519.5;62.7;0.8;13.5;415.0
1;2018-11-08 09:00:00;456.5;51.7;17.2;0.9;16047.3;10.8;447.0;184.0;15964.6;53.0;0.0;11.9;273.7
1;2018-11-08 10:00:00;372.1;54.7;20.9;1.0;30267.4;11.8;392.4;174.8;675.4;53.5;0.1;12.5;286.7
1;2018-11-08 11:00:00;323.5;40.3;22.1;0.9;20092.8;9.4;375.1;185.3;2024.5;64.7;0.1;10.2;318.0
1;2018-11-08 12:00:00;324.7;67.3;15.0;3.6;14894.3;7.2;404.0;112.4;956.3;64.9;0.0;12.2;304.9
1;2018-11-08 13:00:00;314.8;46.4;8.3;1.1;16436.0;4.1;414.8;91.7;1429.0;67.0;0.1;12.7;358.0
1;2018-11-08 14:00:00;283.7;47.8;7.6;1.0;36725.6;6.0;470.2;80.2;951.7;66.0;0.1;11.4;385.1
1;2018-11-08 15:00:00;370.5;55.8;6.9;1.5;42433.9;7.5;419.3;135.6;1026.0;66.3;0.2;13.2;325.7
1;2018-11-08 16:00:00;262.9;50.4;8.6;1.2;37708.4;7.8;372.6;126.9;1727.3;61.1;0.3;11.9;282.4
1;2018-11-08 17:00:00;274.5;40.6;6.8;0.8;36766.6;6.2;606.8;126.8;1177.5;59.6;0.0;9.8;275.1
1;2018-11-08 18:00:00;297.7;63.5;26.1;2.2;20465.2;13.7;492.9;243.0;3450.3;61.5;0.4;16.7;335.9
1;2018-11-08 19:00:00;240.5;45.1;23.5;1.0;14383.0;9.3;482.7;142.9;2186.9;56.3;0.0;12.3;384.5
1;2018-11-08 20:00:00;367.0;47.4;11.1;1.2;45154.7;12.5;614.9;287.1;2579.9;46.9;3.6;12.4;447.8
1;2018-11-08 21:00:00;251.8;56.1;14.4;0.7;63078.8;12.2;441.8;311.5;2454.8;39.1;0.9;9.7;467.9
1;2018-11-08 22:00:00;204.8;35.9;6.3;0.6;23943.7;7.2;500.3;170.4;2004.1;30.2;1.6;6.1;330.4
1;2018-11-08 23:00:00;257.2;21.5;8.0;0.6;15866.8;6.2;386.8;114.7;1578.8;19.9;1.2;6.1;142.4
1;2018-11-09 00:00:00;215.5;32.7;11.4;0.7;18248.6;15.5;454.5;142.7;7819.3;27.2;8.0;8.0;142.4
1;2018-11-09 01:00:00;307.8;53.2;12.3;1.0;19924.4;22.5;927.1;319.5;6350.7;30.8;8.3;12.8;247.1
1;2018-11-09 02:00:00;407.5;50.0;8.0;0.8;46445.2;18.2;934.9;295.7;5972.0;24.8;0.4;9.0;186.4
1;2018-11-09 03:00:00;269.5;37.8;29.0;0.7;29694.2;14.1;456.3;294.8;3974.6;31.6;1.0;7.6;202.5
1;2018-11-09 04:00:00;261.1;27.2;16.9;0.7;45463.3;3.5;466.0;52.5;1143.7;24.7;0.3;7.6;502.9
1;2018-11-09 05:00:00;215.8;20.8;5.3;0.6;42274.3;3.0;457.8;35.1;1128.5;33.3;0.1;6.4;198.4
1;2018-11-09 06:00:00;236.5;38.4;11.0;0.9;11622.8;4.8;421.1;126.2;2287.1;36.8;1.3;10.2;261.3
1;2018-11-09 07:00:00;242.7;45.1;12.4;1.1;9848.0;1.8;323.5;13.0;150.4;85.2;0.0;12.4;409.3
1;2018-11-09 08:00:00;270.3;46.4;27.1;1.1;9802.5;1.9;433.8;31.3;5586.3;81.4;0.0;12.9;409.5
1;2018-11-09 09:00:00;331.8;34.6;13.5;0.8;26617.2;6.7;533.3;162.3;1570.4;58.3;0.2;10.2;310.3
1;2018-11-09 10:00:00;345.1;57.0;14.6;1.1;30776.0;10.4;370.7;268.4;4008.1;85.1;0.0;13.9;480.7
1;2018-11-09 11:00:00;312.0;36.0;20.5;1.0;17894.9;7.6;386.6;192.3;675.6;86.2;0.0;11.4;420.0
1;2018-11-09 12:00:00;355.7;70.9;14.0;2.8;34572.5;12.3;577.9;284.8;1696.5;73.3;0.1;20.6;387.7
1;2018-11-09 13:00:00;291.8;59.2;14.9;1.6;42432.8;7.0;419.6;143.9;1387.1;74.6;0.7;18.2;365.1
1;2018-11-09 14:00:00;344.8;50.6;16.8;1.4;33192.8;9.6;476.3;173.2;2178.1;64.0;1.6;16.5;360.0
1;2018-11-09 15:00:00;343.9;52.0;10.3;1.4;41797.5;11.8;431.4;181.3;2373.5;62.6;2.5;14.1;333.2
1;2018-11-09 16:00:00;311.7;47.7;9.3;1.1;19012.5;9.6;437.9;129.5;2032.2;66.3;2.4;13.3;349.1
1;2018-11-09 17:00:00;313.3;48.3;9.3;1.1;16504.3;10.4;415.7;155.3;2456.6;67.3;3.4;13.3;852.9
1;2018-11-09 18:00:00;282.8;41.7;9.8;1.0;22652.9;8.7;457.3;103.8;1961.1;65.7;1.7;11.8;372.6
1;2018-11-09 19:00:00;267.5;60.6;12.4;1.7;76286.1;11.7;367.0;171.2;2126.2;61.0;1.3;15.5;505.0
1;2018-11-09 20:00:00;270.4;38.2;9.3;0.9;16527.5;8.1;386.3;93.1;1619.8;55.4;0.0;11.5;293.9
1;2018-11-09 21:00:00;197.5;30.5;6.1;0.8;16998.4;7.0;444.4;70.3;1868.1;56.5;1.1;8.9;304.9
1;2018-11-09 22:00:00;171.1;30.7;4.7;0.7;12870.1;4.3;395.5;56.0;1853.0;58.4;0.3;8.7;294.8
1;2018-11-09 23:00:00;233.3;45.4;8.3;1.0;18860.1;6.5;431.9;150.7;1788.4;33.9;2.5;12.5;201.4
1;2018-11-10 00:00:00;353.6;62.2;22.4;1.4;18177.9;18.6;383.9;251.3;11688.3;33.8;16.3;17.6;147.5
1;2018-11-10 01:00:00;349.2;63.3;19.0;1.4;14314.3;16.6;897.2;234.4;2100.7;30.6;9.1;17.5;172.9
1;2018-11-10 02:00:00;211.1;52.1;19.4;1.2;14492.4;11.7;1046.9;201.2;1922.4;20.1;1.0;15.2;129.4
1;2018-11-10 03:00:00;145.5;38.4;26.5;1.0;16767.7;7.8;413.8;161.0;1347.5;16.4;0.1;11.5;121.5
1;2018-11-10 04:00:00;249.1;42.2;7.5;0.8;59798.6;5.3;372.5;113.3;1041.7;15.9;0.0;9.9;561.9
1;2018-11-10 05:00:00;221.3;34.8;8.1;0.7;57717.9;4.1;400.0;78.0;1067.6;20.3;0.5;8.7;518.4
1;2018-11-10 06:00:00;228.5;47.5;10.8;1.0;16422.8;5.0;343.8;125.9;1485.7;30.1;0.1;12.3;249.7
1;2018-11-10 07:00:00;266.3;35.4;6.4;0.8;14970.9;2.7;371.7;39.4;1239.3;34.5;0.3;9.6;265.9
1;2018-11-10 08:00:00;244.6;43.2;6.6;1.0;13455.9;3.4;390.0;60.5;5884.3;40.6;0.1;11.6;289.4
1;2018-11-10 09:00:00;257.9;49.3;11.5;1.0;15363.5;3.2;406.0;51.1;1285.0;62.3;0.0;12.5;339.7
1;2018-11-10 10:00:00;185.6;53.5;16.6;1.1;13607.7;3.7;341.6;58.0;1741.4;59.8;0.1;14.0;351.3
1;2018-11-10 11:00:00;276.9;42.0;17.7;0.9;37081.8;4.0;371.2;79.5;758.6;54.1;0.4;11.1;318.5
1;2018-11-10 12:00:00;164.2;43.8;16.1;1.0;20095.6;3.9;352.6;74.2;817.2;54.7;0.0;11.4;360.1
1;2018-11-10 13:00:00;254.9;37.6;4.0;0.7;31919.8;3.6;328.0;66.6;580.4;44.6;0.0;9.0;574.7
1;2018-11-10 14:00:00;206.9;34.5;4.0;0.6;23010.1;3.6;377.8;76.3;1077.2;35.7;0.0;7.1;538.6
1;2018-11-10 15:00:00;91.6;33.2;3.3;0.6;21058.5;4.2;348.5;73.1;846.6;30.9;0.0;6.8;536.1
1;2018-11-10 16:00:00;89.8;30.6;3.2;0.5;24591.6;3.1;364.1;40.2;1338.1;22.5;0.0;5.9;542.9
1;2018-11-10 17:00:00;130.0;31.2;3.6;0.5;22308.8;3.5;363.3;53.4;1227.3;18.5;0.0;5.7;543.8
1;2018-11-10 18:00:00;89.3;28.8;3.1;0.5;23160.8;2.9;395.9;41.8;1288.5;16.0;0.2;5.3;518.5
1;2018-11-10 19:00:00;227.1;23.8;2.1;0.4;23851.2;2.0;372.7;24.7;1074.5;13.5;0.0;4.3;594.5
1;2018-11-10 20:00:00;206.9;48.0;20.5;1.1;23861.4;7.9;344.8;209.1;6475.9;12.2;0.4;15.1;459.4
1;2018-11-10 21:00:00;238.2;46.6;22.4;1.0;25768.2;7.8;325.0;179.2;1639.1;10.4;0.6;13.3;448.2
1;2018-11-10 22:00:00;158.8;47.5;20.7;1.0;21744.7;6.6;328.4;170.1;1438.9;10.7;0.2;13.6;423.5
1;2018-11-10 23:00:00;217.5;50.7;16.9;1.0;35739.6;7.8;369.6;198.0;1582.0;19.9;1.8;14.4;572.4
1;2018-11-11 00:00:00;346.3;59.7;8.7;1.2;22126.1;20.8;411.6;235.3;5916.3;26.9;13.4;12.6;490.1
1;2018-11-11 01:00:00;254.5;54.3;7.7;0.9;24432.3;15.0;893.5;151.4;1737.4;31.8;8.1;12.3;449.6
1;2018-11-11 02:00:00;192.9;44.6;5.1;0.7;20477.9;12.4;1020.2;145.1;7719.7;14.1;1.5;8.8;475.0
1;2018-11-11 03:00:00;138.2;23.5;17.1;0.4;18305.6;4.2;447.4;43.9;1432.3;14.1;0.2;4.3;475.9
1;2018-11-11 04:00:00;230.0;39.5;11.8;0.5;54304.5;4.8;5546.2;70.4;1833.1;16.8;0.4;7.5;757.7
1;2018-11-11 05:00:00;242.7;41.4;14.7;0.8;57239.8;3.9;7087.2;63.1;1468.9;27.0;0.2;9.8;558.6
1;2018-11-11 06:00:00;279.5;56.4;18.1;1.0;19950.9;4.2;420.1;92.2;1456.2;32.6;0.5;13.1;607.3
1;2018-11-11 07:00:00;237.1;55.9;20.9;1.1;21971.7;4.1;384.8;77.9;1393.4;44.6;0.0;13.4;598.7
1;2018-11-11 08:00:00;322.4;48.6;10.9;0.9;20612.7;3.5;417.9;55.7;16650.6;44.9;0.0;12.0;555.7
1;2018-11-11 09:00:00;257.2;39.3;4.3;0.7;24067.3;4.4;422.3;80.6;1877.6;37.8;0.0;8.3;562.1
1;2018-11-11 10:00:00;174.1;32.4;3.0;0.6;18459.5;4.5;421.6;65.6;1219.7;39.3;0.0;7.0;560.0
1;2018-11-11 11:00:00;123.5;31.0;4.2;0.6;20455.9;3.3;400.9;49.2;1521.7;30.8;0.0;6.4;559.4
1;2018-11-11 12:00:00;195.4;37.9;5.9;0.7;24381.2;10.7;438.1;138.3;2779.8;32.0;0.0;8.8;566.0
1;2018-11-11 13:00:00;200.1;42.8;3.9;0.6;74900.3;6.3;348.1;97.9;758.2;34.1;0.0;7.4;705.8
1;2018-11-11 14:00:00;275.4;38.9;3.2;0.6;34128.0;6.0;437.1;98.7;1651.5;33.7;0.0;7.0;663.6
1;2018-11-11 15:00:00;122.4;34.2;3.5;0.6;31622.0;6.6;359.2;105.8;1517.5;31.4;0.0;7.5;777.9
1;2018-11-11 16:00:00;151.4;22.5;2.6;0.5;20079.3;5.2;426.0;51.9;1146.3;23.3;0.0;5.3;583.9
1;2018-11-11 17:00:00;165.4;22.3;2.3;0.4;20514.2;5.7;607.2;56.7;1583.2;31.9;0.4;5.0;648.4
1;2018-11-11 18:00:00;396.4;59.1;38.5;0.7;48516.9;17.8;390.2;291.4;5044.0;34.5;0.4;10.0;532.7
1;2018-11-11 19:00:00;156.0;41.5;6.7;0.6;29970.8;18.8;400.5;321.6;1619.2;50.2;0.5;8.3;771.9
1;2018-11-11 20:00:00;431.9;90.1;36.5;9.1;67341.0;23.6;413.5;533.5;4611.6;34.7;5.6;20.0;601.2
1;2018-11-11 21:00:00;339.8;90.6;46.3;3.1;62484.9;23.5;425.7;505.6;3185.9;14.1;1.1;18.3;653.9
1;2018-11-11 22:00:00;294.2;71.9;12.2;1.2;49233.2;16.4;521.3;344.1;3116.5;14.1;1.6;14.7;609.9
1;2018-11-11 23:00:00;228.6;57.0;13.7;1.0;48344.6;12.4;656.7;280.2;2559.8;14.4;1.2;14.4;509.9
1;2018-11-12 00:00:00;264.7;48.0;8.2;0.8;35792.9;17.3;359.1;193.3;15388.4;21.2;12.6;10.1;484.8
1;2018-11-12 01:00:00;249.5;56.1;7.3;0.9;23650.9;17.8;917.2;220.9;2423.1;28.1;6.0;11.5;430.8
1;2018-11-12 02:00:00;159.2;28.5;12.5;0.6;14750.4;11.4;1050.2;145.0;6211.6;12.5;0.1;7.1;144.1
1;2018-11-12 03:00:00;158.1;26.4;23.9;0.7;15805.9;9.5;401.7;119.8;1643.2;20.0;0.0;7.2;110.3
1;2018-11-12 04:00:00;242.7;39.4;10.8;0.8;49984.1;5.9;413.5;99.1;1765.3;28.3;0.4;9.4;506.6
1;2018-11-12 05:00:00;238.9;34.1;5.1;0.7;11098.0;5.7;432.7;74.5;1233.6;35.5;0.1;8.7;201.0
1;2018-11-12 06:00:00;403.2;52.2;11.0;1.1;24002.9;7.7;364.4;192.4;993.1;50.7;0.0;13.6;310.6
1;2018-11-12 07:00:00;318.1;43.5;4.5;0.9;10673.7;5.3;385.3;85.7;1198.3;56.7;0.8;11.2;300.2
1;2018-11-12 08:00:00;288.9;59.1;12.7;1.2;12840.8;5.5;341.6;86.0;16617.2;70.4;0.0;14.8;377.9
1;2018-11-12 09:00:00;341.6;57.1;7.2;1.4;13446.9;5.2;381.5;128.5;1290.8;69.4;0.0;13.8;347.3
1;2018-11-12 10:00:00;332.3;41.0;5.2;0.9;19597.8;4.0;356.6;89.9;1001.7;65.2;0.1;10.5;317.2
1;2018-11-12 11:00:00;308.4;43.4;6.4;0.9;14876.5;5.2;423.5;99.4;1883.5;63.9;0.0;10.8;1971.0
1;2018-11-12 12:00:00;292.2;39.7;7.6;0.9;14978.0;4.4;555.6;89.0;419.6;62.5;0.0;10.4;552.6
1;2018-11-12 13:00:00;259.6;36.7;6.1;0.8;11094.2;4.9;673.0;83.3;1440.0;65.9;0.0;9.2;305.0
1;2018-11-12 14:00:00;296.2;39.3;4.0;0.8;14784.7;4.2;417.9;72.0;896.3;65.7;0.0;9.9;863.1
1;2018-11-12 15:00:00;241.2;40.6;3.4;0.8;16143.9;3.2;364.1;53.9;1359.6;64.6;0.1;10.2;319.4
1;2018-11-12 16:00:00;323.5;36.4;4.1;0.8;16932.4;3.9;337.5;59.2;674.7;61.0;0.2;9.3;1581.8
1;2018-11-12 17:00:00;264.1;45.0;8.7;0.9;16264.2;7.1;403.6;164.2;1815.7;68.7;1.4;11.3;343.8
1;2018-11-12 18:00:00;406.6;61.4;12.6;3.1;13996.7;11.1;468.7;187.7;4822.8;68.9;1.8;13.5;504.5
1;2018-11-12 19:00:00;281.4;33.1;7.7;0.8;10863.8;4.2;323.2;63.5;2153.1;70.5;0.0;8.7;333.2
1;2018-11-12 20:00:00;407.5;54.3;8.7;1.4;53955.3;11.9;530.2;263.0;3043.1;51.8;2.0;12.6;473.0
1;2018-11-12 21:00:00;344.4;75.7;15.6;2.5;52778.6;14.5;422.9;350.1;2590.1;51.0;3.1;14.5;474.2
1;2018-11-12 22:00:00;271.1;65.7;12.5;1.3;38767.7;10.1;447.4;225.2;2128.8;46.1;2.7;13.2;343.8
1;2018-11-12 23:00:00;252.8;52.4;14.5;1.3;19389.2;9.3;447.0;225.9;2832.6;49.6;2.9;14.7;255.9
1;2018-11-13 00:00:00;249.5;47.1;11.0;0.9;19614.2;15.0;408.0;153.7;13423.2;57.5;5.1;11.2;281.7
1;2018-11-13 01:00:00;339.8;56.2;18.4;1.1;14978.3;15.0;977.8;184.4;2302.1;49.8;7.8;13.6;271.3
1;2018-11-13 02:00:00;301.2;76.4;7.6;2.3;45488.3;18.3;1027.8;310.9;6819.7;49.1;3.5;13.7;230.4
1;2018-11-13 03:00:00;317.0;65.3;37.5;2.5;35989.4;17.4;385.5;318.6;3679.8;63.3;0.9;12.4;339.8
1;2018-11-13 04:00:00;252.4;44.8;12.9;0.9;64582.6;6.2;346.9;97.7;620.9;52.5;0.0;11.2;636.6
1;2018-11-13 05:00:00;235.3;42.6;17.1;0.9;49889.2;5.2;415.7;80.4;1744.4;42.4;0.0;10.4;578.8
1;2018-11-13 06:00:00;362.9;54.1;18.5;1.0;50472.1;6.7;457.3;116.4;2472.8;47.6;0.0;13.4;302.3
1;2018-11-13 07:00:00;305.5;47.7;30.6;1.0;16456.4;5.4;515.7;82.0;1226.1;55.6;0.0;13.0;327.9
1;2018-11-13 08:00:00;360.0;66.6;23.6;1.5;19686.1;9.4;305.3;176.6;15982.6;68.7;0.0;18.0;381.9
1;2018-11-13 09:00:00;270.0;42.8;14.7;0.9;16040.6;8.0;354.1;123.9;16018.1;56.9;0.0;11.0;317.7
1;2018-11-13 10:00:00;350.1;41.6;6.2;0.9;16589.6;6.8;401.2;119.6;648.1;64.5;0.0;10.5;323.8
1;2018-11-13 11:00:00;316.1;47.1;18.7;0.9;36422.8;6.0;302.7;97.1;267.8;64.3;0.0;11.0;418.9
1;2018-11-13 12:00:00;368.3;60.3;7.4;1.6;43988.2;8.7;315.1;166.0;922.0;64.1;0.4;13.2;386.5
1;2018-11-13 13:00:00;316.5;59.7;7.5;1.5;22347.3;8.5;309.2;162.0;970.5;72.6;0.2;14.6;418.5
1;2018-11-13 14:00:00;295.1;45.0;7.0;1.0;19735.1;5.5;291.0;88.7;391.7;70.4;0.0;11.8;364.5
1;2018-11-13 15:00:00;333.5;48.7;6.0;1.1;18524.6;7.0;339.0;91.5;740.4;67.6;0.0;12.5;340.6
1;2018-11-13 16:00:00;308.0;52.7;6.7;1.1;17549.3;9.1;415.6;128.5;1098.3;78.2;0.8;13.8;494.0
1;2018-11-13 17:00:00;268.5;46.9;12.6;1.1;16375.6;8.8;342.1;153.8;780.4;87.4;0.0;13.3;404.8
1;2018-11-13 18:00:00;415.8;65.0;27.1;4.8;27128.5;13.4;413.3;207.6;3361.3;75.2;0.1;16.4;441.7
1;2018-11-13 19:00:00;241.6;50.8;9.0;1.1;17432.4;8.4;434.6;143.8;2037.7;77.0;0.1;13.8;495.1
1;2018-11-13 20:00:00;406.8;67.3;23.7;1.6;40388.0;15.2;452.6;364.3;2135.5;66.7;2.7;19.3;463.7
1;2018-11-13 21:00:00;308.3;70.8;32.3;1.4;47406.3;13.9;344.3;363.5;1836.0;37.2;0.3;19.1;438.7
1;2018-11-13 22:00:00;302.0;59.3;20.0;1.2;47170.9;11.6;352.1;293.6;1431.5;39.4;0.4;16.5;288.5
1;2018-11-13 23:00:00;337.6;59.4;23.7;1.5;35554.6;9.5;337.4;254.9;1422.8;45.6;0.0;20.6;227.1
1;2018-11-14 00:00:00;301.7;42.3;14.7;1.0;16801.5;16.5;465.3;153.2;12194.8;50.3;6.1;12.4;279.3
1;2018-11-14 01:00:00;381.5;65.6;21.0;1.5;20934.5;25.9;1085.4;317.5;2929.4;46.0;6.8;19.3;245.2
1;2018-11-14 02:00:00;408.6;50.4;10.2;1.1;40271.6;20.5;979.5;293.3;7652.3;43.8;0.2;13.2;255.3
1;2018-11-14 03:00:00;392.2;64.4;17.8;1.3;38705.9;19.5;844.4;341.7;4591.8;34.1;0.2;15.6;302.1
1;2018-11-14 04:00:00;211.6;46.5;28.3;0.9;50295.7;11.8;347.0;128.0;1423.3;29.5;0.5;10.8;379.9
1;2018-11-14 05:00:00;264.5;32.4;11.8;0.8;46524.9;5.8;469.6;97.5;1981.3;32.1;0.1;9.1;426.1
1;2018-11-14 06:00:00;250.8;35.4;8.1;0.8;13274.7;3.4;416.9;56.2;1421.1;43.4;0.0;9.8;316.3
1;2018-11-14 07:00:00;343.9;46.8;7.9;1.2;17200.3;3.5;373.4;59.3;5997.8;71.1;0.1;13.6;367.2
1;2018-11-14 08:00:00;275.5;55.4;26.2;1.3;16151.9;5.6;387.0;83.4;16407.1;69.6;0.0;16.5;404.5
1;2018-11-14 09:00:00;257.6;35.8;17.6;1.0;17401.6;3.5;412.2;60.2;18251.4;54.9;0.0;11.6;306.4
1;2018-11-14 10:00:00;258.2;36.9;16.4;1.0;10048.5;3.6;302.4;84.3;492.3;66.4;0.0;11.5;316.2
1;2018-11-14 11:00:00;321.0;38.1;17.3;1.0;15676.3;4.4;409.4;88.9;1426.3;59.6;0.0;11.9;321.6
1;2018-11-14 12:00:00;322.2;39.5;18.7;1.0;12335.1;4.2;376.3;78.4;7539.0;62.3;0.0;11.9;306.9
1;2018-11-14 13:00:00;297.5;36.7;20.3;1.0;12175.3;2.9;336.9;40.2;2464.9;68.0;0.0;11.3;315.7
1;2018-11-14 14:00:00;248.9;37.0;6.3;1.0;11318.1;2.1;343.8;24.9;2040.2;67.3;0.0;11.2;311.9
1;2018-11-14 15:00:00;146.6;37.7;6.2;1.0;10381.0;2.2;334.9;27.4;1957.6;68.8;0.0;11.4;335.7
1;2018-11-14 16:00:00;245.2;46.0;5.1;1.1;41820.7;9.9;401.4;264.3;2564.9;105.5;0.0;13.0;716.3
1;2018-11-14 17:00:00;301.9;59.0;5.5;1.3;35167.6;10.8;370.4;290.7;2743.7;112.3;0.0;15.9;770.4
1;2018-11-14 18:00:00;334.2;65.2;29.8;1.5;38969.2;13.7;324.6;269.8;2192.7;102.1;0.0;16.0;489.7
1;2018-11-14 19:00:00;409.7;65.5;25.2;2.2;36558.9;13.0;352.0;244.2;1984.6;82.5;0.0;16.2;425.7
1;2018-11-14 20:00:00;497.8;72.9;19.3;4.9;61132.2;17.3;466.5;394.2;3219.6;95.1;0.2;17.3;680.7
1;2018-11-14 21:00:00;403.1;61.2;15.6;0.8;73989.9;12.0;330.2;321.5;1302.0;79.4;0.0;11.2;527.7
1;2018-11-14 22:00:00;319.7;45.8;9.3;0.7;42407.4;9.3;349.6;248.6;748.7;30.7;0.0;9.4;283.1
1;2018-11-14 23:00:00;301.8;29.1;10.9;0.7;41263.8;7.8;371.7;227.9;640.3;34.8;0.0;8.4;204.8
1;2018-11-16 00:00:00;249.3;33.4;37.6;0.8;34220.5;6.8;326.8;249.8;894.8;44.5;0.0;9.8;226.9
1;2018-11-16 01:00:00;351.8;49.6;28.2;1.0;53686.0;12.0;918.3;302.4;4882.1;45.1;0.0;14.0;286.6
1;2018-11-16 02:00:00;284.2;64.4;14.2;0.7;62756.9;15.6;893.8;354.0;5818.4;15.3;0.2;10.9;159.8
1;2018-11-16 03:00:00;297.5;56.0;24.8;0.8;47635.5;16.6;510.5;397.3;4010.8;23.9;0.3;10.9;407.1
1;2018-11-16 04:00:00;270.6;39.3;11.2;0.7;42979.1;5.1;323.2;151.2;899.7;31.1;0.0;8.0;485.4
1;2018-11-16 05:00:00;288.3;27.3;23.8;0.6;39889.0;3.3;341.7;113.0;507.1;27.9;0.0;6.5;341.8
1;2018-11-16 06:00:00;333.9;49.5;18.9;1.0;16845.3;4.4;317.9;168.0;982.5;47.2;0.0;12.2;366.7
1;2018-11-16 07:00:00;391.6;58.8;21.7;1.3;15523.2;3.8;308.0;120.6;746.8;59.0;0.0;16.8;332.0
1;2018-11-16 08:00:00;364.2;75.6;28.4;2.2;57885.9;6.6;371.2;174.5;16419.9;67.0;0.0;20.8;360.1
1;2018-11-16 09:00:00;347.6;59.6;22.0;1.3;22242.7;5.0;335.1;118.8;947.7;73.4;0.0;16.9;406.7
1;2018-11-16 10:00:00;368.3;62.8;20.5;1.2;25468.2;4.2;379.6;103.7;5661.7;65.0;0.6;15.4;456.6
1;2018-11-16 11:00:00;321.1;41.4;20.1;1.0;19395.8;3.2;324.2;77.5;210.8;64.0;0.0;11.4;392.3
1;2018-11-16 12:00:00;337.6;61.0;27.3;1.7;35949.2;6.8;322.2;197.8;766.7;62.4;0.0;18.5;352.4
1;2018-11-16 13:00:00;456.2;68.1;28.3;2.4;80855.4;20.3;393.6;337.8;10231.9;59.1;13.3;18.4;499.3
1;2018-11-16 14:00:00;357.1;73.1;21.9;2.4;91964.0;17.8;362.5;289.6;1188.3;58.4;3.2;19.5;503.3
1;2018-11-16 15:00:00;365.5;78.3;17.4;2.4;89329.2;16.3;327.2;272.1;743.6;64.6;1.1;19.7;513.8
1;2018-11-16 16:00:00;319.3;60.3;14.2;1.2;66328.5;15.7;361.3;213.8;862.4;69.0;0.0;15.5;379.7
1;2018-11-16 17:00:00;327.6;56.2;13.7;1.2;69915.3;15.0;331.4;213.5;896.2;66.7;0.0;14.0;814.6
1;2018-11-16 18:00:00;257.3;51.5;5.4;1.0;68811.8;14.3;357.8;192.5;522.0;69.3;0.0;12.6;332.9
1;2018-11-16 19:00:00;369.3;64.9;6.0;1.2;98209.8;17.3;315.3;259.9;791.2;61.1;0.0;14.7;527.4
1;2018-11-16 20:00:00;235.0;49.7;16.3;1.1;81588.7;18.7;394.7;327.4;1246.7;56.2;0.0;14.6;280.8
1;2018-11-16 21:00:00;140.5;35.3;16.9;0.8;60682.6;16.0;192.6;271.4;1213.5;33.7;0.0;10.5;202.6
1;2018-11-16 22:00:00;161.3;41.0;13.0;0.9;69611.7;18.2;204.3;323.4;2003.5;24.5;0.2;11.9;150.7
1;2018-11-16 23:00:00;163.1;38.8;10.1;0.8;70410.5;17.4;193.0;321.2;1345.6;28.8;0.0;11.4;141.1
1;2018-11-17 00:00:00;250.8;36.3;12.0;0.7;89869.9;21.3;248.8;475.5;720.0;70.4;0.0;9.0;398.7
1;2018-11-17 01:00:00;254.3;42.6;4.0;0.8;78627.6;19.9;808.4;425.4;492.8;73.4;0.0;10.6;437.8
1;2018-11-17 02:00:00;193.6;27.0;5.2;0.5;81305.0;16.8;790.9;292.3;530.3;20.6;0.0;6.1;187.1
1;2018-11-17 03:00:00;145.0;23.6;7.9;0.6;77784.8;16.0;149.5;280.3;266.5;27.7;0.0;6.2;150.1
1;2018-11-17 04:00:00;182.0;32.0;7.6;0.6;117482.0;16.1;193.5;280.3;497.5;24.8;0.0;6.6;554.4
1;2018-11-17 05:00:00;147.7;25.5;21.1;0.5;108451.8;16.0;172.9;264.0;297.7;25.7;0.0;5.8;410.2
1;2018-11-17 06:00:00;218.7;30.9;6.3;0.6;65521.1;13.1;174.5;256.1;618.9;39.1;0.0;6.6;218.7
1;2018-11-17 07:00:00;175.7;39.8;16.6;0.9;60945.1;12.2;167.0;200.2;136.8;51.3;0.0;11.1;307.1
1;2018-11-17 08:00:00;302.2;53.4;21.1;1.2;62500.2;13.1;149.2;264.3;16120.8;60.0;0.0;14.7;360.0
1;2018-11-17 09:00:00;241.8;29.3;17.8;0.8;58184.6;12.9;166.0;228.7;32098.7;48.5;0.0;8.3;260.7
1;2018-11-17 10:00:00;155.7;32.7;12.4;0.8;55909.3;10.0;189.8;180.7;296.9;53.7;0.0;9.4;283.9
1;2018-11-17 11:00:00;205.5;26.4;3.6;0.5;56875.9;8.4;190.8;144.9;234.4;45.1;0.0;5.6;293.6
1;2018-11-17 12:00:00;275.0;32.4;3.9;0.5;73840.3;8.3;185.4;144.3;5725.4;38.2;0.0;6.4;281.3
1;2018-11-17 13:00:00;98.7;29.4;4.4;0.5;65068.5;7.7;189.2;130.9;694.6;38.8;0.0;5.8;555.2
1;2018-11-17 14:00:00;134.1;31.3;4.6;0.7;25816.4;2.1;193.1;36.2;97.0;43.2;0.0;7.4;552.3
1;2018-11-17 15:00:00;229.7;27.9;4.5;0.6;16765.2;1.3;173.7;8.8;62.1;37.9;0.0;6.8;497.6
1;2018-11-17 16:00:00;268.6;42.8;11.8;0.8;25371.3;18.0;238.4;174.5;18604.9;30.1;18.1;9.4;513.2
1;2018-11-17 17:00:00;176.6;42.5;10.5;0.8;18477.4;16.3;222.3;143.1;1298.8;27.9;7.8;9.5;477.1
1;2018-11-17 18:00:00;78.9;30.1;5.6;0.6;18517.9;9.9;186.0;85.3;396.9;26.4;0.0;7.1;457.0
1;2018-11-17 19:00:00;52.0;22.1;3.4;0.5;17569.7;8.1;182.7;64.1;34.3;39.1;0.0;5.2;542.0
1;2018-11-17 20:00:00;227.3;26.6;4.3;0.5;24963.5;10.9;237.3;134.9;296.4;48.2;0.2;5.5;533.6
1;2018-11-17 21:00:00;268.6;39.5;19.4;0.8;28823.7;14.8;225.9;249.5;1212.9;38.6;0.0;10.1;484.1
1;2018-11-17 22:00:00;140.8;31.3;13.8;0.8;28341.2;12.0;195.0;185.0;489.0;27.9;0.0;9.1;393.1
1;2018-11-17 23:00:00;153.2;32.6;17.8;0.9;35815.3;12.2;194.7;220.9;1286.9;24.4;0.0;10.9;493.3
1;2018-11-18 00:00:00;186.9;28.5;14.1;0.7;27626.2;12.0;190.2;174.8;423.3;23.9;0.0;8.9;434.5
1;2018-11-18 01:00:00;166.6;34.1;10.1;0.8;29432.7;18.2;783.9;257.2;3907.4;32.5;0.0;9.8;453.0
1;2018-11-18 02:00:00;146.6;48.9;9.4;0.6;74071.4;25.5;805.3;467.3;5877.8;21.9;0.1;8.1;428.0
1;2018-11-18 03:00:00;255.2;47.0;16.7;0.6;55823.5;28.1;214.9;583.8;3962.8;55.2;0.4;8.0;671.3
1;2018-11-18 04:00:00;28.5;14.0;0.6;0.2;54443.8;15.7;184.2;198.8;58.7;11.8;0.0;2.3;686.1
1;2018-11-18 05:00:00;120.3;11.0;5.0;0.3;54151.9;11.3;213.6;128.8;31.3;11.6;0.0;2.7;452.6
1;2018-11-18 06:00:00;208.0;26.1;5.5;0.5;30328.0;12.0;178.9;185.8;595.6;34.4;0.0;6.4;479.9
1;2018-11-18 07:00:00;265.1;25.4;7.0;0.4;26314.0;11.9;215.0;147.5;6332.6;43.7;0.0;4.9;519.2
1;2018-11-18 08:00:00;77.5;11.3;1.4;0.2;21866.7;10.3;172.2;113.3;5199.4;31.8;0.0;2.6;521.8
1;2018-11-18 09:00:00;138.3;36.8;7.6;0.8;26480.8;11.2;173.7;128.3;273.8;59.4;0.0;9.3;678.9
1;2018-11-18 10:00:00;125.5;32.4;7.7;0.8;26041.8;10.3;173.0;97.7;164.3;47.9;0.0;8.8;531.3
1;2018-11-18 11:00:00;536.1;45.6;16.7;0.8;72783.6;10.2;171.0;144.4;217.5;38.9;0.0;9.7;587.7
1;2018-11-18 12:00:00;131.4;20.8;10.1;0.5;40113.5;10.3;163.2;136.6;384.1;23.9;0.0;5.6;479.7
1;2018-11-18 13:00:00;705.4;19.3;7.5;0.5;35049.2;10.3;177.8;113.1;96.1;24.1;0.0;5.2;576.1
1;2018-11-18 14:00:00;177.8;16.1;4.3;0.4;25712.5;10.2;163.9;82.3;43.6;15.7;0.0;4.0;487.0
1;2018-11-18 15:00:00;126.9;15.1;3.8;0.4;25722.5;10.2;163.1;82.4;32.1;15.4;0.0;3.9;531.8
1;2018-11-18 16:00:00;114.4;16.1;1.6;0.3;37292.5;10.2;156.1;112.2;197.2;11.3;0.0;3.4;548.4
1;2018-11-18 17:00:00;113.0;13.0;1.5;0.3;31837.6;10.2;153.7;112.5;95.7;20.0;0.0;2.9;561.2
1;2018-11-18 18:00:00;275.3;23.8;41.7;0.5;28512.7;17.1;195.1;217.1;2590.0;12.0;0.4;6.2;469.0
1;2018-11-18 19:00:00;167.7;18.8;34.5;0.5;28090.2;17.2;198.7;208.4;2893.5;10.1;0.0;5.0;634.7
1;2018-11-18 20:00:00;232.7;39.8;23.3;1.0;56849.9;18.4;285.9;345.8;8603.5;10.7;0.1;12.7;554.9
1;2018-11-18 21:00:00;198.0;62.0;26.6;1.1;76295.5;14.1;192.4;348.2;1577.9;8.2;0.0;15.6;477.0
1;2018-11-18 22:00:00;187.7;56.3;20.0;1.1;53106.3;11.4;182.0;292.0;1308.9;16.5;0.0;15.1;467.1
1;2018-11-18 23:00:00;161.7;39.4;23.2;1.2;36246.3;8.0;184.8;228.9;1579.3;17.9;0.0;15.2;413.5
1;2018-11-19 00:00:00;146.4;21.0;10.7;0.7;23370.0;4.7;221.9;88.3;389.0;28.6;0.0;7.3;140.1
1;2018-11-19 01:00:00;227.6;33.3;13.7;0.9;23777.0;9.5;813.6;133.5;4620.3;39.7;0.0;10.6;190.1
1;2018-11-19 02:00:00;204.3;56.0;10.4;0.8;48359.8;15.6;771.4;261.4;5897.0;25.9;0.5;10.5;123.3
1;2018-11-19 03:00:00;166.3;26.6;3.9;0.5;41286.1;14.2;219.1;230.6;4175.0;23.3;0.1;5.6;121.9
1;2018-11-19 04:00:00;149.7;21.1;2.5;0.5;50376.9;5.4;190.2;49.7;75.2;25.3;0.0;5.8;419.4
1;2018-11-19 05:00:00;157.1;21.2;19.3;0.6;19204.1;5.2;196.6;44.4;61.0;36.2;0.0;6.8;192.8
1;2018-11-19 06:00:00;234.3;33.9;6.0;0.8;19610.1;7.9;212.3;79.8;593.5;45.0;0.0;9.4;280.4
1;2018-11-19 07:00:00;257.2;35.9;4.9;0.9;19456.7;6.2;215.1;60.9;315.7;65.1;0.0;10.5;318.6
1;2018-11-19 08:00:00;325.4;41.2;5.5;0.9;17841.0;10.5;205.1;130.0;5427.3;62.8;0.1;11.9;352.2
1;2018-11-19 09:00:00;184.1;26.2;4.4;0.7;15280.6;5.1;200.7;45.1;101.5;65.9;0.0;8.1;284.5
1;2018-11-19 10:00:00;280.8;30.2;4.5;0.8;15908.1;3.3;198.9;41.9;223.1;62.0;0.0;9.4;280.5
1;2018-11-19 11:00:00;273.7;27.4;5.0;0.7;16547.8;9.7;187.8;93.3;584.9;57.8;0.0;8.2;270.4
1;2018-11-19 12:00:00;290.9;26.7;6.2;0.7;11987.6;10.0;196.6;75.1;5576.2;63.3;0.0;8.2;1970.1
1;2018-11-19 13:00:00;176.8;23.9;4.6;0.6;21274.1;16.9;172.9;110.7;203.3;59.0;0.0;7.4;267.2
1;2018-11-19 14:00:00;233.0;26.1;8.8;0.7;12145.0;16.6;197.4;100.7;121.2;103.1;0.0;8.1;442.4
1;2018-11-19 15:00:00;264.3;30.9;8.6;0.8;20710.7;17.9;177.1;113.9;690.7;67.1;0.0;9.0;320.3
1;2018-11-19 16:00:00;241.3;37.9;6.6;0.9;29049.6;23.9;211.8;223.2;835.1;77.6;0.0;10.9;461.7
1;2018-11-19 17:00:00;336.3;71.1;7.3;2.2;64543.4;29.2;265.6;354.2;6758.0;66.5;0.4;15.4;396.5
1;2018-11-19 18:00:00;242.8;43.8;7.5;0.8;33993.7;27.5;233.4;309.4;3302.7;61.1;0.0;11.0;347.5
1;2018-11-19 19:00:00;271.1;42.3;5.1;0.9;22472.5;22.0;189.2;224.8;3210.8;54.9;0.2;10.4;299.3
1;2018-11-19 20:00:00;373.8;57.7;13.7;1.1;68583.3;19.0;227.9;331.9;2455.2;45.6;0.1;15.8;438.0
1;2018-11-19 21:00:00;254.1;65.1;22.3;1.0;30676.6;20.2;182.7;395.2;2368.3;37.1;0.0;14.6;407.0
1;2018-11-19 22:00:00;184.5;53.3;15.8;0.8;44498.9;11.2;221.0;244.2;1704.2;27.4;0.0;11.7;325.6
1;2018-11-19 23:00:00;207.1;39.5;19.4;0.9;27167.0;9.4;240.4;214.2;1492.2;20.8;0.0;12.2;126.2
1;2018-11-20 00:00:00;177.3;35.0;23.4;0.8;22244.3;7.5;214.3;138.5;864.7;30.6;0.0;10.3;155.4
1;2018-11-20 01:00:00;344.7;46.6;22.3;1.0;31622.9;13.9;801.8;264.6;3387.1;31.5;0.0;13.8;176.2
1;2018-11-20 02:00:00;141.5;20.9;9.8;0.5;21934.6;7.5;851.0;123.9;762.7;22.2;0.0;6.2;128.5
1;2018-11-20 03:00:00;229.6;34.3;14.8;0.9;12975.3;5.1;227.8;88.2;718.4;31.7;0.0;10.1;171.5
1;2018-11-20 04:00:00;212.3;49.0;13.8;1.0;47203.8;6.0;232.2;90.1;644.5;38.8;0.0;12.6;508.6
1;2018-11-20 05:00:00;228.6;26.6;23.1;0.7;46206.8;6.1;215.0;89.2;268.6;34.1;0.0;8.3;469.4
1;2018-11-20 06:00:00;317.3;41.1;13.2;1.0;23001.7;4.6;226.0;133.4;745.5;51.7;0.0;11.7;290.6
1;2018-11-20 07:00:00;277.3;41.3;11.5;1.1;13949.2;3.9;256.3;93.8;6708.6;60.4;0.0;13.6;341.9
1;2018-11-20 08:00:00;340.8;57.6;13.9;1.4;10971.2;5.2;202.1;63.7;194.3;73.4;0.1;17.9;405.8
1;2018-11-20 09:00:00;397.6;59.7;18.5;1.3;11752.2;3.1;237.6;35.6;641.5;73.0;0.0;16.3;367.4
1;2018-11-20 10:00:00;327.4;64.7;21.3;1.3;12464.5;3.5;186.7;43.1;827.5;80.7;0.0;17.3;366.9
1;2018-11-20 11:00:00;1716.0;54.8;22.2;1.2;19520.9;5.5;202.7;85.5;17915.6;58.8;0.9;15.4;304.1
1;2018-11-20 12:00:00;1658.3;60.3;19.4;1.3;31281.2;5.7;193.7;131.6;1269.8;68.5;1.2;15.9;390.2
1;2018-11-20 13:00:00;365.7;64.1;13.3;1.4;31918.3;5.0;193.6;95.8;1048.3;62.0;2.0;16.9;301.6
1;2018-11-20 14:00:00;406.5;68.0;17.2;2.9;24066.6;5.7;189.4;148.8;3218.6;58.3;2.0;15.6;333.2
1;2018-11-20 15:00:00;344.8;59.7;18.7;1.2;22203.4;4.4;201.8;119.7;3166.1;63.7;0.0;14.9;328.9
1;2018-11-20 16:00:00;282.4;68.3;9.0;1.3;21171.5;4.7;186.0;123.4;2811.3;70.5;0.1;16.0;346.2
1;2018-11-20 17:00:00;407.1;94.1;8.3;11.1;45490.5;11.9;214.1;248.3;6445.4;61.5;0.1;20.2;325.8
1;2018-11-20 18:00:00;536.5;69.6;25.9;2.6;40291.1;13.2;265.5;289.4;4783.2;66.1;0.1;17.1;320.1
1;2018-11-20 19:00:00;319.3;67.1;28.6;3.7;37686.4;13.7;189.0;267.8;4253.1;62.9;0.2;17.2;317.2
1;2018-11-20 20:00:00;465.4;79.5;22.2;7.3;48073.6;14.3;442.8;383.8;4181.0;52.0;0.2;21.6;488.9
1;2018-11-20 21:00:00;323.2;95.3;34.3;8.6;57557.9;14.2;346.4;433.4;2461.2;43.6;0.1;22.1;372.8
1;2018-11-20 22:00:00;268.7;80.0;20.9;1.7;66842.1;11.5;316.3;358.0;1317.7;31.3;0.0;19.3;293.4
1;2018-11-20 23:00:00;249.5;70.6;22.6;1.4;45980.8;10.5;287.9;357.3;1505.6;33.3;0.4;20.2;194.2
1;2018-11-21 00:00:00;232.2;49.2;28.0;1.2;31073.8;7.2;318.4;226.8;960.8;42.5;0.0;15.4;186.1
1;2018-11-21 01:00:00;291.7;40.6;10.7;0.9;24416.0;12.9;908.6;272.3;4339.2;32.1;0.0;11.4;169.0
1;2018-11-21 02:00:00;221.2;62.3;7.7;0.8;40287.0;16.0;887.9;331.0;6196.1;20.7;0.3;11.3;103.9
1;2018-11-21 03:00:00;327.5;39.6;9.0;0.8;37825.0;13.5;290.7;281.2;3914.5;27.7;0.2;9.1;157.4
1;2018-11-21 04:00:00;313.7;31.0;9.0;0.8;57360.5;7.1;318.9;152.6;473.6;27.2;0.0;9.0;514.6
1;2018-11-21 05:00:00;238.8;21.2;16.8;0.6;55982.7;4.5;294.1;114.0;113.1;35.6;0.0;6.9;314.7
1;2018-11-21 06:00:00;300.2;41.2;8.3;0.9;27704.0;7.1;314.0;187.2;844.2;43.4;0.0;11.0;291.2
1;2018-11-21 07:00:00;252.7;48.5;6.8;1.0;15010.2;6.7;316.7;170.7;617.8;57.5;0.0;13.1;343.7
1;2018-11-21 08:00:00;392.4;57.9;15.2;1.2;31644.1;5.7;326.3;180.4;16131.1;76.9;0.0;15.4;385.7
1;2018-11-21 09:00:00;274.2;41.3;24.7;1.0;15398.2;4.3;291.0;114.8;140.8;65.8;0.0;11.9;331.7
1;2018-11-21 10:00:00;337.5;39.7;16.6;1.0;15256.8;4.4;343.2;103.2;357.4;60.3;0.0;11.7;309.0
1;2018-11-21 11:00:00;301.0;29.1;19.6;0.9;15238.7;4.2;302.2;97.3;106.3;67.7;0.0;9.6;287.2
1;2018-11-21 12:00:00;301.3;33.1;21.2;0.9;21886.9;4.2;316.2;111.8;420.4;63.1;0.0;10.1;293.8
1;2018-11-21 13:00:00;311.2;34.6;9.8;0.9;22107.6;4.8;401.2;123.6;241.6;67.5;0.0;10.4;353.9
1;2018-11-21 14:00:00;283.3;36.8;11.6;0.8;34600.6;5.0;383.4;121.1;157.5;65.5;0.0;10.0;322.3
1;2018-11-21 15:00:00;332.7;35.3;9.9;0.9;33168.7;5.1;317.2;115.1;122.5;63.7;0.0;10.4;326.6
1;2018-11-21 16:00:00;234.2;31.9;5.4;0.8;31543.5;5.5;312.0;121.9;245.3;65.3;0.0;9.9;328.6
1;2018-11-21 17:00:00;311.6;59.3;7.4;1.2;36637.5;12.0;323.3;231.0;6586.1;54.2;0.2;13.3;259.5
1;2018-11-21 18:00:00;396.1;43.6;40.8;1.3;26759.9;14.2;651.8;242.9;3683.3;56.0;0.0;11.9;362.8
1;2018-11-21 19:00:00;188.6;26.5;10.7;0.7;16585.5;5.3;456.8;129.8;2161.7;56.4;0.0;7.7;398.8
1;2018-11-21 20:00:00;390.5;46.2;11.4;0.9;59285.2;11.5;480.3;286.0;1671.2;52.7;0.0;11.9;451.3
1;2018-11-21 21:00:00;273.0;45.8;13.2;0.7;27078.0;9.5;296.5;259.8;1612.2;29.3;0.0;9.8;394.2
1;2018-11-21 22:00:00;259.2;29.0;11.8;0.6;37978.0;6.6;290.5;196.4;745.4;17.0;0.0;6.4;162.6
1;2018-11-21 23:00:00;157.6;31.2;9.8;0.7;37088.9;12.1;339.3;377.9;990.9;77.9;0.0;8.5;408.8
1;2018-11-22 00:00:00;271.8;17.1;17.5;0.4;28220.6;9.6;327.1;262.0;199.7;57.4;0.0;4.5;274.0
1;2018-11-22 01:00:00;254.4;25.1;13.3;0.6;30964.3;14.8;878.3;290.2;4251.7;29.6;0.0;7.6;147.6
1;2018-11-22 02:00:00;260.8;58.0;7.9;0.7;56601.3;16.2;879.4;335.2;7465.7;24.1;0.5;9.7;111.9
1;2018-11-22 03:00:00;271.1;32.0;8.6;0.5;40008.4;12.3;309.5;253.2;3006.1;32.0;0.3;5.6;174.0
1;2018-11-22 04:00:00;165.4;28.7;10.9;0.6;72625.7;6.9;293.2;121.8;114.2;27.5;0.0;6.5;629.5
1;2018-11-22 05:00:00;215.1;24.0;24.4;0.7;68597.1;4.6;322.2;129.1;265.7;41.6;0.0;7.6;303.6
1;2018-11-22 06:00:00;245.7;40.9;12.4;0.9;26693.0;5.4;286.4;172.2;762.7;56.9;0.0;10.8;343.3
1;2018-11-22 07:00:00;308.9;44.1;15.5;1.0;24070.8;4.8;289.5;124.4;372.6;77.5;0.0;13.2;385.8
1;2018-11-22 08:00:00;344.7;66.1;21.4;1.4;25476.5;5.3;312.8;139.6;16198.5;90.3;0.0;18.1;423.4
1;2018-11-22 09:00:00;384.9;39.8;28.2;1.1;26849.4;5.1;290.0;112.0;16183.6;65.0;0.0;13.0;347.0
1;2018-11-22 10:00:00;334.4;39.4;24.0;1.0;62917.1;6.5;294.3;168.2;376.6;55.8;0.0;11.8;381.7
1;2018-11-22 11:00:00;346.2;43.2;26.9;1.0;66363.9;6.5;280.0;161.1;1163.8;61.7;0.0;12.5;319.9
1;2018-11-22 12:00:00;327.2;45.8;24.6;1.1;24345.2;5.7;319.9;139.5;1154.3;59.7;0.0;12.8;354.3
1;2018-11-22 13:00:00;251.9;40.7;25.1;1.0;24757.2;5.4;300.7;100.7;1696.6;60.4;0.0;12.3;303.6
1;2018-11-22 14:00:00;279.6;37.4;23.7;1.0;25249.2;5.0;331.5;91.0;978.7;61.2;0.0;11.2;281.2
1;2018-11-22 15:00:00;442.4;51.0;18.3;1.2;28527.3;20.4;354.4;200.6;7224.8;58.7;25.2;13.9;279.3
1;2018-11-22 16:00:00;350.8;49.1;18.4;1.0;28066.3;17.2;344.3;162.5;1288.5;60.7;6.6;13.3;281.3
1;2018-11-22 17:00:00;476.4;89.1;21.9;6.8;51459.6;23.1;348.1;348.5;7141.6;56.5;5.2;19.2;290.6
1;2018-11-22 18:00:00;481.6;53.4;50.8;2.5;41266.0;18.2;346.0;292.6;3494.1;62.4;0.2;14.2;328.0
1;2018-11-22 19:00:00;312.9;38.7;18.8;0.9;35463.8;10.2;354.0;149.8;1535.6;54.6;0.0;11.9;415.1
1;2018-11-22 20:00:00;405.4;42.6;20.7;1.0;62326.9;13.9;304.0;293.6;1782.5;45.7;0.0;12.9;458.7
1;2018-11-22 21:00:00;225.0;44.0;19.8;0.7;47812.0;12.4;311.4;292.9;1328.1;33.2;0.0;9.8;366.4
1;2018-11-22 22:00:00;209.7;33.1;14.5;0.6;32989.9;9.1;292.3;207.4;761.6;13.4;0.0;7.8;181.9
1;2018-11-22 23:00:00;249.6;21.6;16.7;0.7;28999.9;6.1;318.4;161.0;936.4;15.7;0.0;8.5;80.3
1;2018-11-23 00:00:00;224.1;19.5;21.0;0.6;24119.0;5.1;317.6;106.7;300.5;25.8;0.0;6.8;111.0
1;2018-11-23 01:00:00;328.5;29.0;16.3;0.7;27660.5;12.8;847.9;242.6;3637.1;28.9;0.0;9.1;149.4
1;2018-11-23 02:00:00;266.9;61.7;13.4;0.8;47150.1;16.6;928.6;330.4;6404.7;18.9;1.6;11.9;81.7
1;2018-11-23 03:00:00;324.9;27.4;17.1;0.7;39322.8;10.9;322.7;202.5;2789.7;23.8;0.5;8.2;137.2
1;2018-11-23 04:00:00;378.0;28.2;12.5;0.6;49166.3;3.8;336.9;55.7;107.7;24.6;0.0;7.6;575.6
1;2018-11-23 05:00:00;216.7;26.0;25.0;0.7;49173.7;5.3;334.0;94.7;499.2;34.5;0.0;8.6;187.0
1;2018-11-23 06:00:00;266.7;47.8;12.7;1.1;23344.3;6.8;344.0;170.3;987.3;45.3;0.0;13.4;304.8
1;2018-11-23 07:00:00;319.0;59.1;20.7;1.3;23967.3;9.5;328.2;226.6;7167.6;85.4;0.0;17.3;421.7
1;2018-11-23 08:00:00;345.5;66.9;22.3;1.6;15600.1;11.0;331.8;234.9;16841.7;90.3;0.0;18.5;471.3
1;2018-11-23 09:00:00;221.0;45.3;18.8;1.1;15866.5;5.8;432.7;130.8;1542.0;59.2;0.5;12.9;316.0
1;2018-11-23 10:00:00;301.3;53.5;16.5;1.1;20586.1;5.5;320.0;110.9;4180.7;59.4;0.0;14.3;287.3
1;2018-11-23 11:00:00;428.9;46.8;17.0;1.3;14362.1;17.8;390.3;175.9;5317.1;53.5;24.0;13.0;276.0
1;2018-11-23 12:00:00;478.3;59.8;27.1;2.1;31965.0;15.1;411.5;254.4;2418.4;51.5;5.3;16.7;287.6
1;2018-11-23 13:00:00;410.0;64.9;17.0;1.6;32282.0;11.6;369.9;221.8;1156.3;61.4;0.9;18.9;350.5
1;2018-11-23 14:00:00;345.9;62.0;12.5;1.4;25196.6;9.7;358.8;197.7;1876.8;66.1;0.3;17.9;320.5
1;2018-11-23 15:00:00;327.9;38.0;8.5;1.0;21334.6;4.9;386.9;77.3;1143.4;67.6;0.6;11.6;330.7
1;2018-11-23 16:00:00;291.0;38.7;7.6;1.0;32556.4;4.4;319.8;72.4;258.2;63.8;0.0;12.3;333.1
1;2018-11-23 17:00:00;296.4;40.7;18.9;1.1;32446.8;3.4;300.2;41.1;224.3;66.6;0.0;12.7;308.4
1;2018-11-23 18:00:00;201.1;32.8;3.8;0.8;13330.4;4.0;371.0;46.4;1377.9;64.0;0.0;9.8;305.2
1;2018-11-23 19:00:00;243.4;48.5;6.2;0.9;73989.4;7.2;368.8;91.4;1229.3;65.6;0.0;12.0;548.5
1;2018-11-23 20:00:00;303.6;36.2;7.8;0.8;27373.9;8.6;419.3;199.0;2220.9;56.5;4.0;10.6;339.2
1;2018-11-23 21:00:00;174.3;27.4;7.2;0.6;38022.7;6.1;418.1;132.6;1894.4;32.3;2.7;7.3;212.9
1;2018-11-23 22:00:00;142.5;20.8;4.5;0.5;20819.6;5.3;405.9;116.6;1881.5;21.7;2.0;5.9;204.8
1;2018-11-23 23:00:00;212.6;33.8;8.6;0.8;22495.0;5.7;370.8;147.8;2425.9;24.2;0.3;11.1;159.3
1;2018-11-24 00:00:00;273.1;42.8;12.9;1.2;15845.3;20.0;485.1;264.6;13825.3;27.6;25.7;10.8;147.9
1;2018-11-24 01:00:00;267.7;42.0;13.3;0.8;19971.3;13.0;947.1;150.0;3178.4;37.3;4.2;10.8;233.7
1;2018-11-24 02:00:00;105.1;14.2;4.7;0.4;15500.0;8.1;904.0;125.5;7015.1;25.0;0.6;4.8;152.8
1;2018-11-24 03:00:00;105.2;25.3;4.2;0.6;20458.1;5.7;363.8;102.1;1503.5;29.4;0.1;6.8;280.2
1;2018-11-24 04:00:00;183.0;23.9;3.5;0.5;37163.5;5.0;6333.1;81.2;1574.9;21.6;0.4;5.6;328.4
1;2018-11-24 05:00:00;118.9;23.5;16.0;0.5;28271.6;3.7;8179.8;57.0;1684.6;26.4;0.1;6.3;209.0
1;2018-11-24 06:00:00;229.4;33.1;6.5;0.7;14464.8;4.0;333.4;81.8;1402.9;42.5;0.0;8.7;268.5
1;2018-11-24 07:00:00;268.2;52.0;16.4;1.2;15567.9;3.2;368.5;58.7;2048.7;66.5;0.4;14.9;383.3
1;2018-11-24 08:00:00;284.8;37.0;17.3;1.0;11249.8;3.1;350.0;43.6;5955.7;45.5;0.3;11.6;306.7
1;2018-11-24 09:00:00;215.6;27.9;16.1;0.8;12544.2;3.7;331.5;65.2;17824.9;43.2;0.1;9.0;235.3
1;2018-11-24 10:00:00;178.5;29.4;17.6;0.8;11644.1;2.8;341.7;45.8;2292.2;40.9;0.7;9.3;274.6
1;2018-11-24 11:00:00;252.9;33.5;17.4;0.8;14385.7;2.8;382.8;45.0;1979.1;53.6;0.1;9.4;288.9
1;2018-11-24 12:00:00;213.6;33.7;4.3;0.8;14527.3;4.2;375.2;48.0;1683.7;54.2;0.0;9.0;310.4
1;2018-11-24 13:00:00;137.6;22.5;3.9;0.6;17242.2;5.4;349.4;63.6;1912.8;40.3;0.2;6.3;237.6
1;2018-11-24 14:00:00;216.1;27.9;3.7;0.5;21259.4;5.8;352.4;70.1;1508.5;34.5;0.6;6.4;453.2
1;2018-11-24 15:00:00;261.9;25.1;3.2;0.5;25060.0;5.4;371.3;65.5;1538.1;31.9;0.2;6.1;418.9
1;2018-11-24 16:00:00;79.1;24.2;2.5;0.5;41050.8;10.4;363.7;296.3;1161.1;79.8;0.0;5.9;708.0
1;2018-11-24 17:00:00;167.2;21.7;3.2;0.5;30290.0;4.3;319.7;87.5;1754.6;38.1;0.0;5.3;455.6
1;2018-11-24 18:00:00;236.6;20.6;2.6;0.5;29331.8;4.1;335.2;77.8;1534.6;22.5;0.1;5.0;460.9
1;2018-11-24 19:00:00;134.1;15.2;2.4;0.4;27915.9;3.2;351.1;60.3;1401.7;18.9;0.0;3.6;512.6
1;2018-11-24 20:00:00;168.7;28.9;3.9;0.5;52303.0;6.2;472.6;136.4;1611.2;15.1;3.9;6.1;561.0
1;2018-11-24 21:00:00;190.9;24.5;5.8;0.5;29355.4;5.6;404.5;119.7;1988.3;13.5;2.6;5.7;639.9
1;2018-11-24 22:00:00;133.9;18.3;4.1;0.4;26596.1;6.1;421.5;125.1;1905.8;24.1;2.0;4.4;574.8
1;2018-11-24 23:00:00;148.7;32.3;7.7;0.8;32632.7;5.9;327.8;180.5;1106.4;35.3;0.0;9.6;478.8
1;2018-11-25 00:00:00;281.5;53.8;8.9;1.0;29271.7;19.3;359.5;234.9;5983.4;36.6;23.9;12.8;453.0
1;2018-11-25 01:00:00;339.9;58.2;23.6;1.3;26615.0;20.2;933.3;287.1;4066.0;30.5;10.9;13.7;450.5
1;2018-11-25 02:00:00;322.1;77.5;8.0;1.1;62941.6;13.9;942.9;256.6;6373.3;33.8;0.5;13.6;502.6
1;2018-11-25 03:00:00;336.0;77.9;12.0;6.1;55794.4;17.6;206.2;356.4;4906.1;22.1;1.1;13.8;572.1
1;2018-11-25 04:00:00;140.6;32.9;4.1;0.5;53012.0;5.4;5677.0;84.0;1764.1;28.0;0.1;6.4;601.8
1;2018-11-25 05:00:00;130.4;17.0;5.6;0.3;61386.2;3.8;7440.1;68.0;1451.6;18.2;0.0;3.2;571.0
1;2018-11-25 06:00:00;159.9;33.0;11.9;0.5;23323.8;5.0;251.5;98.0;2104.6;35.4;0.0;6.7;589.0
1;2018-11-25 07:00:00;221.0;26.3;13.0;0.6;21102.7;5.7;266.3;75.6;1933.6;30.3;0.0;6.6;453.9
1;2018-11-25 08:00:00;145.4;26.5;13.5;0.5;23255.6;4.1;246.5;86.7;16413.1;11.7;0.0;6.3;464.1
1;2018-11-25 09:00:00;134.7;30.9;13.6;0.6;30717.6;4.1;231.6;82.9;17639.3;20.6;0.0;7.1;656.2
1;2018-11-25 10:00:00;107.8;24.0;5.2;0.5;29705.7;3.4;240.3;66.4;1142.5;26.3;0.0;5.9;658.8
1;2018-11-25 11:00:00;127.9;29.3;4.8;0.5;31501.0;4.3;274.6;83.8;1462.7;18.0;0.0;6.3;569.9
1;2018-11-25 12:00:00;109.4;19.6;2.0;0.4;22962.7;3.0;311.1;48.4;1716.9;13.9;0.0;3.9;571.5
1;2018-11-25 13:00:00;66.2;19.6;1.1;0.3;21717.1;2.9;200.9;49.1;1841.8;9.6;0.0;3.4;574.9
1;2018-11-25 14:00:00;55.6;13.7;0.9;0.2;19325.1;2.2;235.1;23.9;1635.7;8.9;0.0;2.5;560.0
1;2018-11-25 15:00:00;115.6;22.8;2.5;0.4;23237.1;2.9;213.1;47.5;1776.9;16.8;0.0;5.0;588.7
1;2018-11-25 16:00:00;137.1;31.4;4.9;0.6;40286.2;11.0;296.9;304.4;1605.9;90.6;0.0;6.6;726.9
1;2018-11-25 17:00:00;405.2;85.0;5.7;5.4;52164.0;14.4;234.0;312.4;8541.5;48.6;0.5;14.9;489.6
1;2018-11-25 18:00:00;258.7;41.5;46.7;0.8;32798.7;12.5;190.3;197.6;2083.7;40.1;0.0;10.1;508.2
1;2018-11-25 19:00:00;269.2;67.4;15.4;3.9;27506.7;12.4;247.5;222.7;3034.8;38.6;0.2;17.0;627.0
1;2018-11-25 20:00:00;382.1;77.0;19.1;2.4;51165.6;16.1;247.0;392.8;9438.5;40.3;0.2;21.4;704.9
1;2018-11-25 21:00:00;303.8;95.0;30.1;6.4;56401.2;13.0;162.9;365.6;2446.5;36.3;0.1;23.9;555.1
1;2018-11-25 22:00:00;261.1;78.0;19.3;1.7;70587.3;12.2;164.7;331.3;1721.4;25.6;0.4;19.2;480.9
1;2018-11-25 23:00:00;291.5;60.9;20.6;1.3;41103.1;10.5;188.1;320.7;2073.5;22.5;0.3;18.6;574.6
1;2018-11-26 00:00:00;273.9;44.7;16.7;0.9;29680.0;17.9;213.3;253.5;10260.1;27.2;27.4;11.6;578.7
1;2018-11-26 01:00:00;359.1;62.0;11.4;1.6;26397.6;18.3;797.8;260.3;5195.3;43.8;15.5;14.2;529.7
1;2018-11-26 02:00:00;342.7;92.1;19.3;4.7;62221.0;16.1;879.7;308.0;5406.0;34.1;0.8;18.4;576.6
1;2018-11-26 03:00:00;389.9;81.2;11.7;5.6;52319.3;17.5;245.9;358.4;4541.2;43.7;0.6;16.0;671.6
1;2018-11-26 04:00:00;244.9;44.2;34.3;0.8;62126.4;5.4;195.4;108.4;620.1;44.9;0.0;9.4;944.6
1;2018-11-26 05:00:00;323.4;43.7;34.1;0.9;62119.3;4.7;283.1;103.1;887.8;46.5;0.3;10.9;614.1
1;2018-11-26 06:00:00;290.2;51.5;5.7;1.0;29138.0;5.5;214.0;137.1;1886.7;60.0;0.0;12.4;698.5
1;2018-11-26 07:00:00;314.1;51.9;5.7;1.1;20077.4;6.3;241.1;108.1;1802.9;67.6;0.6;14.4;400.3
1;2018-11-26 08:00:00;323.3;56.8;19.3;1.7;22395.0;7.6;198.9;152.6;16226.7;72.9;0.5;14.5;396.9
1;2018-11-26 09:00:00;397.6;62.0;10.6;1.2;32806.4;5.9;179.0;120.4;17407.7;84.8;0.0;15.6;525.8
1;2018-11-26 10:00:00;295.5;66.0;7.8;1.4;46784.7;4.6;201.1;70.3;365.4;79.8;0.0;17.4;413.2
1;2018-11-26 11:00:00;277.9;43.0;7.4;1.0;14890.2;4.9;227.2;112.3;1503.4;69.9;0.1;12.3;374.7
1;2018-11-26 12:00:00;384.2;39.7;7.4;1.0;13096.9;5.8;264.2;126.1;5638.8;62.5;0.0;11.4;311.0
1;2018-11-26 13:00:00;306.5;37.9;4.3;1.0;11482.5;3.2;243.0;67.4;1970.4;68.4;0.1;11.3;1225.9
1;2018-11-26 14:00:00;305.9;33.3;7.1;0.9;10664.9;2.8;199.1;29.2;126.0;66.1;0.0;9.9;285.0
1;2018-11-26 15:00:00;280.6;42.6;6.2;0.9;16677.2;5.7;223.8;104.3;1436.3;66.9;0.0;11.3;342.3
1;2018-11-26 16:00:00;318.6;49.1;3.9;1.4;18466.9;8.5;255.5;180.9;2038.5;71.1;6.0;12.2;333.7
1;2018-11-26 17:00:00;314.6;44.9;4.2;0.9;18408.8;5.9;246.0;125.5;1707.4;89.3;0.2;11.7;387.5
1;2018-11-26 18:00:00;370.6;54.0;17.6;3.2;14316.8;13.2;250.1;236.8;3461.7;70.3;0.2;13.0;326.1
1;2018-11-26 19:00:00;352.1;41.1;7.4;0.9;24164.6;5.6;278.3;110.3;4195.6;60.7;0.0;10.6;530.9
1;2018-11-26 20:00:00;385.7;62.3;16.2;1.3;44139.4;12.4;215.0;340.7;3065.6;60.3;3.3;17.9;455.5
1;2018-11-26 21:00:00;348.3;82.4;21.0;2.5;30149.3;10.6;208.2;277.2;1935.2;50.7;0.6;20.3;446.8
1;2018-11-26 22:00:00;329.6;65.5;12.7;1.1;38926.0;8.3;197.9;252.1;2046.1;51.1;0.1;15.4;379.0
1;2018-11-26 23:00:00;249.4;41.4;14.2;1.0;19116.5;6.8;202.2;188.3;1950.4;35.8;0.3;14.2;207.3
1;2018-11-27 00:00:00;281.5;43.1;12.2;1.1;17436.7;18.9;275.4;187.3;2014.8;52.1;6.5;12.1;293.4
1;2018-11-27 01:00:00;299.6;64.6;13.8;1.3;21173.8;22.5;975.6;314.7;5358.8;51.7;0.9;17.1;300.4
1;2018-11-27 02:00:00;344.3;80.3;13.0;2.7;55859.4;13.3;846.5;280.5;6803.4;53.7;1.2;18.1;275.5
1;2018-11-27 03:00:00;474.6;77.2;18.4;5.3;47665.0;16.0;244.9;362.8;3806.6;46.7;0.2;19.2;307.2
1;2018-11-27 04:00:00;423.4;81.3;24.4;5.2;79333.2;9.9;212.8;369.3;5754.7;47.7;0.0;24.9;551.6
1;2018-11-27 05:00:00;383.4;80.5;47.1;3.7;61470.4;10.4;245.3;372.4;1492.4;51.3;0.1;24.0;550.3
1;2018-11-27 06:00:00;465.8;75.0;27.4;2.9;32663.3;8.4;183.9;358.5;1952.8;47.3;0.0;24.5;283.7
1;2018-11-27 07:00:00;360.4;89.1;25.7;4.5;24820.0;6.7;174.1;315.0;1330.6;57.6;0.0;28.2;335.9
1;2018-11-27 08:00:00;429.8;85.3;24.9;7.0;27577.0;7.5;196.4;327.0;1616.5;61.7;0.2;27.3;348.3
1;2018-11-27 09:00:00;495.6;84.2;26.8;7.9;24415.4;8.6;232.2;380.4;17003.6;70.2;0.0;27.3;352.5
1;2018-11-27 10:00:00;486.4;75.2;21.1;2.8;25821.1;6.8;289.1;343.2;916.0;79.7;0.0;22.5;504.1
1;2018-11-27 11:00:00;395.4;65.7;12.1;2.1;20320.6;5.7;341.2;194.1;2344.0;71.9;0.6;19.6;416.7
1;2018-11-27 12:00:00;316.9;32.5;7.5;0.9;10362.0;1.7;154.8;43.0;104.8;64.9;0.0;10.8;294.7
1;2018-11-27 13:00:00;352.5;35.5;13.3;0.9;12439.5;5.5;204.9;126.1;1334.8;58.7;0.3;11.1;284.9
1;2018-11-27 14:00:00;265.8;32.0;5.3;0.9;11302.5;3.4;163.9;58.9;339.9;55.9;0.0;10.0;274.2
1;2018-11-27 15:00:00;267.5;38.5;4.6;0.9;15628.4;4.1;224.0;82.4;1074.2;61.4;0.0;11.2;320.6
1;2018-11-27 16:00:00;297.1;41.9;5.1;0.9;26894.7;10.3;227.6;277.9;576.4;90.8;0.0;11.6;439.7
1;2018-11-27 17:00:00;385.9;75.1;7.5;3.3;56671.7;18.4;323.1;413.2;5803.1;92.8;0.1;16.3;480.6
1;2018-11-27 18:00:00;372.8;82.2;14.2;3.0;53711.4;9.7;206.7;347.4;2657.5;78.8;0.1;18.7;365.6
1;2018-11-27 19:00:00;606.3;76.1;13.8;4.2;28064.1;17.5;377.2;338.5;2529.1;67.4;0.1;16.1;402.6
1;2018-11-27 20:00:00;383.2;64.2;13.1;2.1;60632.1;18.6;332.6;403.4;7518.1;66.0;0.3;16.8;534.5
1;2018-11-27 21:00:00;435.7;81.2;16.4;8.9;68330.3;18.8;405.2;435.6;4531.5;51.7;0.5;16.8;487.5
1;2018-11-27 22:00:00;289.4;64.4;8.4;1.1;57784.9;11.2;357.7;281.5;2890.8;50.5;1.6;13.1;522.0
1;2018-11-27 23:00:00;248.2;47.6;15.3;1.1;32443.1;9.3;389.3;235.3;1862.4;50.6;2.4;13.7;289.6
1;2018-11-28 00:00:00;318.8;40.4;9.3;0.8;22931.7;18.5;514.7;249.4;12001.5;51.2;14.5;9.6;267.6
1;2018-11-28 01:00:00;325.6;44.1;18.6;0.9;19904.7;22.4;825.3;310.2;3763.8;39.3;4.2;11.3;188.8
1;2018-11-28 02:00:00;378.8;87.5;6.7;5.8;47263.4;20.7;691.7;407.3;6092.4;57.9;2.1;15.9;273.9
1;2018-11-28 03:00:00;350.7;85.0;7.4;9.0;56585.5;18.6;759.8;353.0;5710.3;46.1;2.3;14.2;284.3
1;2018-11-28 04:00:00;226.4;39.9;4.4;0.7;64503.5;5.9;174.9;114.9;1649.7;47.1;0.0;9.3;712.7
1;2018-11-28 05:00:00;305.5;32.4;30.3;0.8;64447.0;5.5;205.8;98.1;1177.5;53.9;0.0;9.3;437.2
1;2018-11-28 06:00:00;277.3;38.2;12.7;0.9;18589.8;6.1;201.8;152.3;1869.2;45.3;0.0;10.9;303.5
1;2018-11-28 07:00:00;274.9;49.7;28.0;1.2;14615.1;3.8;219.4;77.0;7026.6;64.5;0.1;14.8;345.7
1;2018-11-28 08:00:00;305.1;46.7;6.9;1.1;15347.8;4.9;264.2;91.5;16203.3;74.2;0.0;14.2;385.0
1;2018-11-28 09:00:00;312.3;32.7;7.3;0.8;21819.5;4.9;308.1;95.8;17754.2;57.0;0.0;9.4;287.4
1;2018-11-28 10:00:00;312.6;40.2;15.6;1.0;14500.3;5.3;244.4;109.8;1766.1;66.7;0.1;11.6;387.4
1;2018-11-28 11:00:00;358.1;48.6;5.6;1.1;19808.4;6.4;227.7;135.5;1537.9;77.6;1.3;12.7;368.3
1;2018-11-28 12:00:00;352.5;37.3;5.5;0.9;16725.1;6.5;274.4;98.2;1160.9;62.0;0.4;10.4;299.9
1;2018-11-28 13:00:00;497.6;81.4;7.1;7.4;33536.1;13.6;286.3;217.1;5590.6;57.7;0.3;16.9;311.4
1;2018-11-28 14:00:00;419.5;70.4;10.5;1.9;38523.7;11.2;298.9;220.7;6657.3;67.9;0.0;23.8;283.1
1;2018-11-28 15:00:00;455.1;73.1;13.7;4.0;16987.4;11.0;312.1;250.0;2281.9;60.0;0.0;25.0;281.4
1;2018-11-28 16:00:00;418.2;70.6;25.1;2.2;16422.9;8.0;249.0;161.4;7855.1;59.9;0.0;24.3;265.1
1;2018-11-28 17:00:00;401.3;82.0;15.5;3.3;17632.6;10.9;375.8;238.5;2062.5;71.6;0.0;27.0;327.0
1;2018-11-28 18:00:00;508.5;92.3;14.2;10.3;22902.8;13.4;362.8;309.7;2945.3;75.1;0.4;28.1;330.2
1;2018-11-28 19:00:00;425.0;83.9;22.7;10.1;22562.1;11.5;231.2;262.4;3046.1;66.0;0.1;26.0;519.1
1;2018-11-28 20:00:00;516.2;95.6;19.5;9.8;44670.7;14.8;289.9;401.5;2089.7;65.1;0.2;30.1;473.6
1;2018-11-28 21:00:00;421.8;97.5;24.3;16.3;53243.5;14.7;198.7;403.8;3019.1;53.9;0.1;28.6;520.0
1;2018-11-28 22:00:00;290.0;68.6;21.2;1.2;53284.2;13.7;266.0;357.9;2244.3;42.3;0.2;17.6;390.3
1;2018-11-28 23:00:00;271.3;60.3;14.0;1.2;48528.0;10.2;376.7;272.0;2148.7;46.7;0.1;17.4;338.3
1;2018-11-29 00:00:00;399.1;45.0;12.3;0.9;19452.5;23.0;469.2;306.5;10117.6;45.7;14.6;11.3;229.0
1;2018-11-29 01:00:00;335.0;51.5;25.2;1.0;18483.0;25.2;995.2;374.8;4064.3;33.0;0.6;14.3;232.7
1;2018-11-29 02:00:00;331.1;31.1;8.1;0.8;19741.5;13.3;739.6;221.4;1818.5;41.7;0.6;8.9;228.9
1;2018-11-29 03:00:00;289.3;23.7;32.3;0.6;19499.9;10.7;273.4;185.7;1681.4;23.9;0.2;7.2;172.9
1;2018-11-29 04:00:00;198.6;25.8;8.7;0.7;22425.2;8.1;587.7;140.5;948.4;27.3;0.2;8.1;188.9
1;2018-11-29 05:00:00;290.8;36.7;20.6;0.9;19591.2;7.8;626.3;149.1;1489.7;35.8;0.5;10.9;246.8
1;2018-11-29 06:00:00;288.4;32.5;17.7;0.8;25101.4;8.0;561.3;161.5;1265.8;30.7;0.0;9.3;216.8
1;2018-11-29 07:00:00;265.6;35.0;21.9;0.9;15816.5;8.1;567.5;148.0;6876.5;51.4;0.0;11.0;267.1
1;2018-11-29 08:00:00;365.6;36.7;6.7;0.8;19423.9;7.5;620.2;122.0;5659.3;63.5;0.0;10.3;356.2
1;2018-11-29 09:00:00;337.5;27.1;6.4;0.7;15036.1;2.8;536.9;41.3;93.1;54.3;0.0;8.3;277.1
1;2018-11-29 10:00:00;311.7;49.2;9.4;1.1;22207.9;4.2;662.0;66.4;3128.9;79.1;0.0;13.4;420.0
1;2018-11-29 11:00:00;373.2;86.7;10.5;10.9;65836.8;13.4;640.0;252.7;4157.6;72.1;0.6;20.1;409.0
1;2018-11-29 12:00:00;375.2;75.5;11.3;2.8;49325.6;14.3;656.1;254.3;2771.7;74.5;0.0;17.9;390.1
1;2018-11-29 13:00:00;280.4;44.8;18.4;1.0;17602.4;4.8;652.0;72.0;1038.6;75.4;0.0;12.0;381.9
1;2018-11-29 14:00:00;371.0;33.8;9.8;0.9;15318.9;5.6;543.7;102.1;323.2;60.0;0.0;10.1;296.8
1;2018-11-29 15:00:00;309.8;33.5;8.3;0.8;15759.9;3.5;576.8;74.6;1467.6;57.3;0.0;9.6;302.1
1;2018-11-29 16:00:00;344.3;68.1;6.7;1.2;28809.8;9.4;565.3;260.0;1442.3;83.2;1.2;13.0;412.9
1;2018-11-29 17:00:00;414.7;85.2;8.0;11.8;52691.5;21.5;582.7;502.0;6391.3;79.1;1.3;17.0;421.6
1;2018-11-29 18:00:00;427.7;66.7;22.5;2.7;40090.6;21.0;533.1;412.1;2910.9;82.1;0.0;13.9;418.7
1;2018-11-29 19:00:00;232.3;31.2;10.4;0.8;20475.1;11.9;436.9;216.9;1623.4;79.4;0.0;9.6;416.1
1;2018-11-29 20:00:00;521.0;64.2;30.6;4.3;48925.0;17.8;382.1;412.2;7533.6;49.9;0.7;18.8;699.0
1;2018-11-29 21:00:00;414.9;65.4;28.2;1.0;54036.5;15.9;278.3;415.9;1746.5;41.9;0.0;14.5;407.4
1;2018-11-29 22:00:00;307.4;56.0;19.4;1.0;41472.2;12.1;237.2;325.3;1364.0;35.9;0.1;13.0;330.3
1;2018-11-29 23:00:00;265.1;44.8;19.0;1.2;43102.0;8.5;222.9;239.6;2083.8;37.5;0.1;15.3;206.1
1;2018-11-30 00:00:00;324.0;37.5;16.8;0.9;19018.6;22.0;253.3;282.5;8122.3;42.7;18.0;11.4;207.3
1;2018-11-30 01:00:00;378.3;42.3;22.1;0.8;19183.8;24.4;886.2;330.3;3984.5;28.0;5.6;11.1;226.4
1;2018-11-30 02:00:00;501.9;46.8;4.3;0.8;45128.9;19.5;864.5;360.3;7558.8;30.5;3.2;8.2;144.9
1;2018-11-30 03:00:00;454.5;53.9;36.0;0.9;28685.9;17.4;243.3;300.2;3522.5;31.3;1.4;11.6;253.0
1;2018-11-30 04:00:00;235.5;48.3;11.8;1.0;46665.3;7.2;5313.7;121.5;1423.9;52.8;0.1;12.8;559.1
1;2018-11-30 05:00:00;221.8;33.0;8.8;0.8;46079.2;5.1;6975.6;102.9;1639.7;29.9;0.0;10.1;326.7
1;2018-11-30 06:00:00;343.7;42.9;6.8;0.9;25636.2;4.7;268.7;121.8;1920.7;51.2;0.0;11.4;312.8
1;2018-11-30 07:00:00;267.4;38.8;7.6;1.0;11114.9;2.9;186.0;42.9;723.7;59.7;0.0;12.0;320.9
1;2018-11-30 08:00:00;365.8;59.8;14.0;1.3;12238.3;4.9;265.6;77.2;17296.9;63.9;0.0;17.1;379.3
1;2018-11-30 09:00:00;363.9;55.7;19.4;1.3;22275.7;5.3;183.3;119.2;16414.5;70.8;0.0;16.9;409.8
1;2018-11-30 10:00:00;395.3;73.9;19.9;1.6;29763.0;7.1;195.9;178.6;19523.5;75.4;0.0;20.1;401.2
1;2018-11-30 11:00:00;344.8;51.7;19.9;1.3;18255.4;3.7;198.0;74.5;388.3;73.0;0.0;16.0;428.1
1;2018-11-30 12:00:00;413.7;64.5;29.6;1.7;38580.4;10.3;238.9;243.7;7774.3;69.1;0.0;20.5;394.9
1;2018-11-30 13:00:00;403.1;67.3;22.2;1.7;40537.3;7.7;277.0;166.1;1790.9;82.8;0.0;19.5;417.3
1;2018-11-30 14:00:00;343.0;58.0;22.7;1.4;39163.0;6.0;259.2;100.0;1694.3;74.6;0.4;18.6;412.2
1;2018-11-30 15:00:00;287.1;45.1;18.7;1.2;27608.1;5.1;172.2;68.3;1306.6;79.7;0.0;13.7;390.5
1;2018-11-30 16:00:00;339.6;49.0;17.7;1.2;14460.0;4.4;197.5;70.7;2601.5;79.7;0.0;14.2;428.2
1;2018-11-30 17:00:00;281.8;47.2;7.9;1.2;13344.5;2.9;225.0;40.7;501.7;87.8;0.0;14.8;457.7
1;2018-11-30 18:00:00;260.0;54.8;6.4;1.2;45535.6;5.1;233.9;107.4;1832.6;84.7;0.5;15.6;443.3
1;2018-11-30 19:00:00;263.9;75.0;6.0;1.6;72427.6;6.5;200.5;136.7;1390.9;87.7;0.0;18.5;677.5
1;2018-11-30 20:00:00;262.2;61.7;7.1;1.4;29430.1;6.5;205.9;132.2;734.5;79.5;0.2;17.6;441.7
1;2018-11-30 21:00:00;220.4;53.2;10.7;1.1;24501.3;6.3;264.8;135.7;2513.3;65.2;0.9;14.1;343.5
1;2018-11-30 22:00:00;286.8;41.4;7.1;0.9;20622.1;6.1;261.9;112.2;2382.5;54.9;1.4;12.0;277.7
1;2018-11-30 23:00:00;250.4;52.3;8.1;1.3;19280.6;5.9;251.0;124.4;2172.4;63.1;0.1;15.5;329.4
1;2018-12-01 00:00:00;250.8;41.7;13.8;0.9;12606.5;14.7;309.5;149.2;11533.1;56.9;16.6;10.7;274.4
1;2018-12-01 01:00:00;335.7;42.7;13.4;0.9;21292.1;11.1;912.4;134.5;1286.5;46.3;6.2;10.9;257.2
1;2018-12-01 02:00:00;257.4;40.9;8.2;0.7;38488.1;14.8;946.6;361.2;1430.1;85.5;0.8;8.8;488.0
1;2018-12-01 03:00:00;283.0;29.5;17.1;0.7;22812.2;5.4;236.1;121.7;668.2;44.6;0.0;8.3;277.9
1;2018-12-01 04:00:00;227.5;41.8;4.4;0.9;65872.9;3.3;185.7;64.5;1478.4;42.4;0.0;10.7;677.1
1;2018-12-01 05:00:00;117.7;26.7;5.0;0.6;69542.6;3.4;170.0;59.8;1346.1;29.6;0.0;6.2;583.4
1;2018-12-01 06:00:00;188.7;28.7;5.0;0.7;20065.9;3.4;195.0;88.8;1653.5;34.2;0.0;7.8;241.9
1;2018-12-01 07:00:00;255.8;56.9;11.4;1.1;18677.9;4.4;184.1;96.1;1456.8;69.2;0.1;15.2;391.5
1;2018-12-01 08:00:00;262.8;30.8;15.8;0.8;19918.5;4.5;216.9;91.7;29062.5;30.0;0.2;9.3;255.1
1;2018-12-01 09:00:00;177.0;32.0;16.0;0.9;11570.3;4.0;195.1;78.8;20095.7;55.6;0.0;10.2;306.7
1;2018-12-01 10:00:00;317.0;36.3;16.4;0.9;17842.9;5.2;10331.1;107.3;1752.9;52.9;0.2;10.8;339.8
1;2018-12-01 11:00:00;166.1;27.8;17.3;0.7;16937.5;3.9;215.4;75.5;1660.3;49.2;0.6;8.7;297.9
1;2018-12-01 12:00:00;374.6;34.1;20.9;0.9;15934.2;9.5;214.5;125.2;2965.3;39.6;0.1;11.0;258.4
1;2018-12-01 13:00:00;332.9;36.3;12.5;0.8;18479.9;7.1;368.9;88.5;1049.7;48.2;0.0;9.1;345.3
1;2018-12-01 14:00:00;130.7;38.7;4.9;0.8;41347.9;6.7;208.6;90.1;1525.2;41.0;0.1;9.7;348.0
1;2018-12-01 15:00:00;90.6;18.5;3.1;0.5;27914.2;6.3;236.6;104.5;2069.6;32.2;0.6;5.1;278.3
1;2018-12-01 16:00:00;72.4;19.2;3.1;0.5;13901.7;5.3;250.3;54.0;2362.5;27.0;0.1;5.2;175.5
1;2018-12-01 17:00:00;111.9;16.5;2.8;0.5;13264.6;4.5;258.5;65.7;1886.2;21.8;0.2;5.0;175.3
1;2018-12-01 18:00:00;110.8;19.4;3.4;0.4;22494.9;5.6;209.4;95.2;2223.3;24.9;1.2;5.1;231.7
1;2018-12-01 19:00:00;63.4;13.9;3.7;0.4;18133.1;5.1;221.8;75.5;1503.1;24.8;0.1;4.2;213.7
1;2018-12-01 20:00:00;255.6;38.7;20.5;1.1;29846.9;11.1;240.8;260.1;1901.5;14.2;3.5;14.4;104.5
1;2018-12-01 21:00:00;271.8;32.4;21.5;1.0;20651.1;8.4;164.1;187.6;2073.6;10.0;0.3;12.3;104.1
1;2018-12-01 22:00:00;160.4;33.0;18.8;0.9;17756.0;8.3;157.1;188.0;2230.9;9.1;0.1;11.7;123.1
1;2018-12-01 23:00:00;120.2;32.2;14.3;0.9;18596.9;7.4;162.3;174.4;1560.0;15.6;0.0;11.4;134.4
1;2018-12-02 00:00:00;308.0;42.2;13.4;0.9;19929.6;21.8;216.1;248.4;8403.3;13.7;26.1;11.2;143.3
1;2018-12-02 01:00:00;338.3;32.3;20.4;0.7;17119.8;18.5;836.2;191.0;1394.3;15.5;9.3;8.8;129.9
1;2018-12-02 02:00:00;171.4;45.2;12.0;0.6;68595.4;16.1;1000.5;266.6;6443.8;11.5;0.3;7.9;138.7
1;2018-12-02 03:00:00;170.2;29.7;10.8;0.5;32115.1;17.2;302.2;279.6;4256.5;11.0;0.2;6.0;95.9
1;2018-12-02 04:00:00;93.6;17.5;3.4;0.5;44413.1;4.2;315.6;44.9;1969.6;15.5;0.4;5.0;296.2
1;2018-12-02 05:00:00;164.9;17.5;4.4;0.5;11095.9;4.0;273.7;44.6;1678.1;22.6;0.1;5.3;135.3
1;2018-12-02 06:00:00;247.3;31.7;12.8;0.8;23363.0;5.8;265.1;150.3;2781.0;47.5;0.0;8.7;274.6
1;2018-12-02 07:00:00;329.7;31.8;16.7;0.8;14901.0;7.0;279.8;152.6;1907.0;61.8;0.0;10.0;335.2
1;2018-12-02 08:00:00;234.7;23.5;13.8;0.7;11050.1;3.7;319.8;56.5;16382.5;27.0;0.0;7.6;171.0
1;2018-12-02 09:00:00;183.6;25.9;15.7;0.7;16677.7;3.7;306.1;65.5;1699.9;20.8;0.0;7.9;185.8
1;2018-12-02 10:00:00;186.6;23.8;18.2;0.6;11326.4;2.9;260.1;42.7;2219.0;20.4;0.0;7.5;187.4
1;2018-12-02 11:00:00;127.9;18.5;16.1;0.6;13923.4;2.9;287.0;49.5;1698.2;30.4;0.0;6.0;149.7
1;2018-12-02 12:00:00;174.0;24.4;3.4;0.7;19656.3;2.5;283.3;36.4;1508.8;32.4;0.0;7.2;155.1
1;2018-12-02 13:00:00;86.7;14.5;2.3;0.4;11763.5;2.6;287.2;30.3;2223.9;18.9;0.0;4.4;117.1
1;2018-12-02 14:00:00;89.4;15.7;3.1;0.4;16730.1;3.3;269.1;53.0;2083.8;15.8;0.0;4.2;156.9
1;2018-12-02 15:00:00;180.3;18.3;4.9;0.4;57032.3;3.4;163.0;83.0;1259.6;19.9;0.0;3.8;255.6
1;2018-12-02 16:00:00;88.7;15.8;1.9;0.3;16243.0;3.3;223.5;79.8;1841.2;14.5;0.0;3.6;151.5
1;2018-12-02 17:00:00;291.5;51.9;3.5;0.6;26791.1;13.2;739.3;225.9;10373.9;13.6;1.2;8.3;135.8
1;2018-12-02 18:00:00;226.7;21.6;42.2;0.5;18868.0;11.3;466.1;170.7;2099.5;14.4;0.4;5.7;116.6
1;2018-12-02 19:00:00;99.9;16.3;9.4;0.4;16073.9;11.3;364.3;171.8;4028.7;13.4;0.6;4.3;156.7
1;2018-12-02 20:00:00;267.3;37.1;10.8;0.8;40304.1;19.8;281.7;423.2;4033.2;14.0;1.1;10.8;408.7
1;2018-12-02 21:00:00;375.0;75.9;44.1;4.7;40220.3;19.6;236.8;429.6;3028.5;7.3;1.1;17.9;272.4
1;2018-12-02 22:00:00;224.6;55.1;14.0;0.9;31244.4;12.2;235.3;295.3;4067.7;9.4;0.4;13.6;462.3
1;2018-12-02 23:00:00;174.3;36.0;14.2;1.0;27671.4;6.9;166.6;189.7;1404.2;14.9;0.5;13.9;131.5
1;2018-12-03 00:00:00;257.9;25.2;9.7;0.7;16039.3;5.7;188.9;123.8;1295.4;20.4;0.0;8.3;166.4
1;2018-12-03 01:00:00;203.4;25.0;10.5;0.7;16022.0;5.7;774.9;130.6;727.4;29.6;0.1;8.1;160.7
1;2018-12-03 02:00:00;347.7;64.9;5.4;1.4;30217.5;13.9;747.7;292.1;7651.8;22.3;4.9;11.4;101.2
1;2018-12-03 03:00:00;223.6;31.2;23.2;0.7;26012.8;8.9;288.4;167.0;3040.4;19.5;0.6;7.1;120.0
1;2018-12-03 04:00:00;132.5;27.6;9.3;0.8;33417.0;5.0;7870.5;106.0;1601.2;25.6;0.3;9.1;303.6
1;2018-12-03 05:00:00;218.2;24.8;11.7;0.7;21191.1;4.3;213.1;99.7;1255.5;25.0;0.2;7.7;161.2
1;2018-12-03 06:00:00;302.4;37.7;17.0;0.9;21075.5;4.8;209.3;110.9;1424.0;40.8;0.2;11.3;238.0
1;2018-12-03 07:00:00;296.2;35.3;15.6;0.9;11034.5;3.6;202.2;42.2;834.4;47.7;0.0;10.7;283.6
1;2018-12-03 08:00:00;297.2;57.2;17.8;1.3;13191.8;7.0;248.0;126.9;13137.1;72.0;0.0;15.9;406.4
1;2018-12-03 09:00:00;321.6;39.1;15.9;0.9;16511.1;6.3;304.0;130.7;6095.6;50.6;1.5;11.1;308.8
1;2018-12-03 10:00:00;415.8;36.5;19.0;0.9;15201.0;7.6;289.6;141.8;2709.8;52.7;0.9;10.1;375.1
1;2018-12-03 11:00:00;300.4;36.3;17.5;0.9;12192.9;5.1;332.6;120.7;3171.0;64.5;0.0;10.6;651.0
1;2018-12-03 12:00:00;267.4;34.6;4.3;0.8;17157.3;4.7;304.3;86.7;1828.5;57.7;0.2;10.0;274.1
1;2018-12-03 13:00:00;208.7;29.2;3.2;0.8;12459.7;4.5;284.3;102.7;2099.7;64.3;0.1;8.9;271.6
1;2018-12-03 14:00:00;310.1;34.6;5.5;0.8;14874.3;4.6;252.9;82.3;2022.0;58.1;0.0;9.8;274.0
1;2018-12-03 15:00:00;335.1;80.2;7.4;8.3;37505.2;15.1;294.7;266.4;6141.0;58.0;1.4;16.6;304.9
1;2018-12-03 16:00:00;288.5;51.6;7.1;1.0;18802.7;8.0;206.9;126.2;1945.3;73.0;0.1;12.4;344.1
1;2018-12-03 17:00:00;246.5;42.2;5.5;0.9;14064.7;4.3;429.0;60.6;443.8;68.0;0.0;10.6;307.1
1;2018-12-03 18:00:00;422.5;76.9;39.8;9.1;17386.2;13.3;364.3;260.4;3279.6;66.4;0.3;19.0;329.8
1;2018-12-03 19:00:00;336.1;55.4;33.6;1.3;16807.0;10.6;361.8;170.2;2291.0;68.2;0.0;16.0;357.8
1;2018-12-03 20:00:00;441.1;63.7;10.3;1.2;40699.9;13.8;280.7;310.6;2679.6;52.8;1.7;16.2;545.4
1;2018-12-03 21:00:00;330.7;71.2;16.8;1.1;61700.4;13.1;297.9;292.9;1268.2;63.3;0.0;15.6;558.4
1;2018-12-03 22:00:00;289.4;63.8;6.0;1.0;56064.7;9.1;173.1;221.1;813.4;57.9;0.0;12.9;394.1
1;2018-12-03 23:00:00;268.6;60.0;11.3;1.2;35693.7;6.5;201.4;185.7;1747.2;51.4;0.1;17.8;385.7
1;2018-12-04 00:00:00;240.9;34.7;19.5;0.7;37272.1;21.3;244.6;215.2;17261.6;50.3;8.0;9.1;244.8
1;2018-12-04 01:00:00;372.0;39.1;17.3;0.8;24041.3;20.7;941.3;241.9;2546.8;39.6;1.6;9.8;228.7
1;2018-12-04 02:00:00;263.9;53.0;12.9;0.7;40798.3;17.4;797.0;270.7;6670.3;28.8;0.8;9.3;169.9
1;2018-12-04 03:00:00;512.3;41.4;26.8;0.7;20782.2;15.3;492.8;223.2;3198.5;29.3;0.9;8.2;217.7
1;2018-12-04 04:00:00;208.4;30.2;7.7;0.6;51117.9;5.9;276.3;68.6;1566.1;35.0;1.1;7.6;583.0
1;2018-12-04 05:00:00;270.8;34.9;7.2;0.7;62195.0;4.7;233.8;80.3;1242.0;43.0;0.1;8.7;478.8
1;2018-12-04 06:00:00;301.3;38.7;11.0;0.9;27044.6;6.2;238.9;158.8;2146.8;41.5;0.0;10.2;346.5
1;2018-12-04 07:00:00;294.6;48.2;14.6;1.1;16606.9;6.0;210.8;149.3;7564.9;80.6;0.1;13.8;388.2
1;2018-12-04 08:00:00;381.1;59.9;15.5;1.6;16896.7;7.8;278.6;170.5;6845.9;78.3;0.1;15.9;419.1
1;2018-12-04 09:00:00;300.5;29.3;14.9;0.9;14543.6;3.6;238.0;65.4;1285.1;52.3;0.0;9.8;262.3
1;2018-12-04 10:00:00;359.7;45.9;20.5;1.1;17593.6;8.0;317.2;173.1;2854.6;58.7;4.3;12.5;316.6
1;2018-12-04 11:00:00;352.2;33.4;4.5;0.8;13054.9;4.0;173.5;70.3;793.3;53.7;0.0;9.5;265.2
1;2018-12-04 12:00:00;321.5;32.4;4.9;0.9;16358.4;4.2;271.4;80.1;1357.1;57.2;0.0;10.0;277.2
1;2018-12-04 13:00:00;284.3;40.0;6.7;1.0;14769.4;3.6;190.0;66.2;671.0;62.7;0.0;11.8;303.7
1;2018-12-04 14:00:00;488.2;56.4;6.2;1.8;34591.5;14.8;281.1;239.3;6869.7;64.3;0.9;13.6;331.2
1;2018-12-04 15:00:00;430.5;81.4;7.4;8.4;24948.4;16.2;239.1;257.2;3071.8;62.7;1.0;17.0;301.2
1;2018-12-04 16:00:00;401.8;89.2;6.5;7.2;31245.7;17.3;268.1;309.7;5607.1;55.4;1.7;18.7;291.2
1;2018-12-04 17:00:00;385.1;49.8;5.4;1.0;32216.1;11.5;343.4;167.4;3379.3;59.2;0.0;12.2;396.3
1;2018-12-04 18:00:00;353.1;47.6;38.4;1.0;15087.7;15.3;435.7;268.0;3480.7;71.0;0.2;12.8;351.1
1;2018-12-04 19:00:00;307.7;56.6;12.3;1.8;15747.8;11.3;360.0;179.8;3741.5;63.0;0.1;14.6;426.3
1;2018-12-04 20:00:00;451.6;75.3;23.4;2.7;43730.3;16.3;316.1;402.8;2222.4;47.7;0.5;24.1;484.7
1;2018-12-04 21:00:00;355.7;81.7;31.2;2.8;73726.8;15.4;312.7;382.9;2763.5;39.5;0.1;21.3;436.3
1;2018-12-04 22:00:00;280.9;72.6;16.6;1.4;51789.3;11.1;147.0;295.8;1441.7;51.8;0.0;20.2;359.5
1;2018-12-04 23:00:00;281.1;84.8;22.7;2.9;26253.8;10.4;169.1;304.2;1958.0;62.0;0.0;26.9;344.4
1;2018-12-05 00:00:00;313.8;58.6;21.4;1.7;23721.1;22.9;307.9;257.8;6340.8;69.4;12.7;16.8;322.4
1;2018-12-05 01:00:00;316.7;57.0;32.6;1.3;21149.3;25.5;831.0;321.5;2734.4;43.5;5.1;17.0;285.2
1;2018-12-05 02:00:00;316.2;39.4;20.0;0.8;20606.3;15.4;783.1;195.4;3518.1;45.2;0.5;10.7;210.1
1;2018-12-05 03:00:00;298.1;28.8;14.2;0.7;12108.3;8.1;217.2;106.1;1605.6;40.3;0.0;8.3;237.7
1;2018-12-05 04:00:00;226.2;31.6;4.2;0.7;45979.3;7.1;256.6;104.9;1618.8;35.9;1.2;7.5;535.1
1;2018-12-05 05:00:00;235.2;27.1;4.1;0.7;47099.0;3.3;297.9;43.4;1851.2;34.9;0.0;7.9;326.7
1;2018-12-05 06:00:00;241.4;35.8;7.7;0.8;53022.9;3.4;269.8;62.8;2672.8;44.5;0.0;10.0;275.8
1;2018-12-05 07:00:00;275.0;47.2;8.3;1.2;16109.0;2.8;266.8;45.8;1361.6;65.2;0.1;14.6;358.2
1;2018-12-05 08:00:00;409.7;54.2;13.9;1.2;12503.7;3.7;251.3;52.7;2352.5;80.8;0.1;15.8;411.2
1;2018-12-05 09:00:00;302.1;41.0;15.8;1.0;19294.7;5.1;289.2;98.7;1884.4;64.6;0.6;12.3;372.2
1;2018-12-05 10:00:00;321.5;39.0;13.6;0.9;15778.5;4.0;210.8;75.9;1211.7;55.9;0.1;11.4;303.7
1;2018-12-05 11:00:00;305.6;30.2;14.0;0.9;14363.5;2.3;164.8;40.6;272.9;61.3;0.0;9.5;278.9
1;2018-12-05 12:00:00;270.6;37.5;14.6;1.0;11719.7;4.7;281.8;66.8;1243.1;58.3;0.1;11.5;290.6
1;2018-12-05 13:00:00;382.5;71.9;14.8;3.4;35288.5;17.0;259.8;280.5;7911.4;61.0;0.8;16.1;300.0
1;2018-12-05 14:00:00;404.6;51.6;6.6;2.1;31890.8;16.3;259.9;244.5;3349.2;51.9;0.1;12.3;292.2
1;2018-12-05 15:00:00;315.9;37.6;5.7;0.9;30431.5;5.7;273.3;53.0;573.3;62.2;0.0;10.3;325.7
1;2018-12-05 16:00:00;344.9;43.2;5.1;1.0;31438.0;11.0;228.4;250.5;1611.8;85.9;0.0;11.3;418.2
1;2018-12-05 17:00:00;229.0;39.0;3.9;0.9;32563.4;10.9;275.9;286.0;1299.8;95.1;0.0;10.2;515.0
1;2018-12-05 18:00:00;361.0;43.6;45.1;1.1;29137.3;12.2;242.9;210.0;2169.5;73.0;0.0;12.7;352.1
1;2018-12-05 19:00:00;277.6;50.7;15.4;1.6;19067.1;12.1;230.1;202.8;1210.4;68.4;0.3;14.7;311.5
1;2018-12-05 20:00:00;459.3;71.7;20.9;3.1;53489.2;17.7;276.8;415.6;4153.3;49.0;0.9;17.8;629.1
1;2018-12-05 21:00:00;388.5;48.0;9.0;0.7;62381.8;11.6;203.1;279.9;1716.8;40.8;0.0;9.8;453.4
1;2018-12-05 22:00:00;290.0;42.5;6.4;0.7;58051.5;8.9;239.7;215.7;2711.9;41.9;0.4;9.1;313.0
1;2018-12-05 23:00:00;327.5;36.1;6.8;0.8;28642.2;7.4;287.2;189.3;3853.4;50.2;0.3;10.1;261.4
1;2018-12-06 00:00:00;361.5;69.5;14.9;2.8;37279.5;27.8;362.4;410.9;4315.2;53.5;19.0;14.5;285.2
1;2018-12-06 01:00:00;417.4;75.5;27.4;3.4;28381.1;26.9;895.9;466.7;4520.6;47.0;11.5;16.3;351.4
1;2018-12-06 02:00:00;306.3;57.2;17.8;0.7;37680.6;21.2;887.7;346.4;6098.4;60.5;6.0;10.1;269.5
1;2018-12-06 03:00:00;299.7;51.8;23.7;1.2;26020.2;18.8;525.2;296.0;4033.5;51.5;1.0;10.2;328.2
1;2018-12-06 04:00:00;193.6;36.1;4.3;0.7;53012.4;6.0;214.1;101.7;1397.3;49.1;0.0;8.9;623.8
1;2018-12-06 05:00:00;248.7;25.7;4.6;0.7;44799.0;3.5;291.2;64.8;1896.6;40.7;0.2;7.4;397.9
1;2018-12-06 06:00:00;297.6;31.9;8.0;0.8;16005.7;4.0;257.2;69.1;1186.1;41.4;0.3;9.0;259.6
1;2018-12-06 07:00:00;299.3;56.6;12.5;1.3;14692.2;3.6;264.0;58.0;1882.2;82.6;0.2;16.0;438.1
1;2018-12-06 08:00:00;345.6;54.7;19.2;1.3;17383.3;4.7;271.8;74.0;5807.6;77.1;0.0;16.2;425.1
1;2018-12-06 09:00:00;357.9;37.7;15.4;1.0;24271.2;3.7;225.2;50.7;232.7;63.7;0.0;12.0;367.4
1;2018-12-06 10:00:00;400.1;33.3;15.6;0.9;20851.7;5.9;240.3;82.6;1495.9;58.9;0.2;10.5;303.2
1;2018-12-06 11:00:00;328.9;33.0;17.0;0.9;15525.9;4.3;467.4;82.5;1531.2;66.5;0.4;10.7;317.5
1;2018-12-06 12:00:00;343.4;30.0;15.4;0.8;14365.9;3.3;197.3;61.2;5731.2;53.4;0.1;9.1;252.0
1;2018-12-06 13:00:00;364.5;36.5;17.1;0.9;12089.1;3.7;178.7;59.2;399.2;68.0;0.0;10.7;332.9
1;2018-12-06 14:00:00;255.4;42.6;6.7;1.0;11565.2;5.1;210.3;73.2;1211.6;71.8;0.1;11.6;348.3
1;2018-12-06 15:00:00;297.2;45.3;6.6;1.0;16456.9;4.1;208.3;71.2;894.5;72.0;0.2;11.9;347.9
1;2018-12-06 16:00:00;284.5;47.6;7.7;1.0;22759.8;5.7;207.6;100.4;1338.8;69.5;0.2;12.9;413.2
1;2018-12-06 17:00:00;400.2;74.9;7.0;4.2;38313.1;16.2;293.4;264.5;6955.8;62.8;0.4;16.5;339.3
1;2018-12-06 18:00:00;436.8;60.5;45.8;4.5;31815.1;15.9;401.1;231.1;3801.7;66.0;0.2;16.3;406.5
1;2018-12-06 19:00:00;409.0;46.8;14.0;1.1;27107.7;9.9;318.8;175.6;1777.6;53.8;0.0;14.3;358.4
1;2018-12-06 20:00:00;411.9;63.9;18.2;1.5;43275.6;13.0;324.9;352.3;1796.4;41.9;2.8;19.1;454.1
1;2018-12-06 21:00:00;352.6;94.4;27.6;16.4;57544.2;15.8;331.0;496.0;3481.8;36.7;1.5;21.1;407.7
1;2018-12-06 22:00:00;360.1;88.3;20.9;6.5;62543.7;12.9;178.0;393.1;1688.1;42.1;0.5;21.3;366.0
1;2018-12-06 23:00:00;315.3;84.0;23.1;2.5;45381.6;10.3;456.0;292.9;2511.6;61.9;1.0;25.4;357.7
1;2018-12-10 00:00:00;347.8;56.9;16.4;1.0;77087.7;16.7;409.5;229.4;12831.4;44.8;19.1;10.8;699.7
1;2018-12-10 01:00:00;319.3;64.3;8.6;1.7;62206.9;19.6;980.7;266.8;5568.3;28.3;6.8;13.1;578.8
1;2018-12-10 02:00:00;259.2;80.1;6.0;1.3;74440.4;21.0;900.0;385.2;7366.3;30.6;1.0;14.3;237.4
1;2018-12-10 03:00:00;257.7;52.6;15.1;0.9;68669.5;16.6;357.5;296.4;3458.2;24.5;0.9;10.0;337.6
1;2018-12-10 04:00:00;352.9;38.2;5.7;0.6;73928.1;11.5;336.6;206.4;974.3;26.4;2.7;8.4;720.0
1;2018-12-10 05:00:00;258.5;33.8;6.3;0.7;39563.2;8.5;279.9;183.9;1871.5;36.8;0.5;8.7;223.8
1;2018-12-10 06:00:00;301.0;51.5;9.0;0.9;59756.0;10.4;405.2;270.5;2584.3;58.9;0.8;12.3;406.7
1;2018-12-10 07:00:00;263.2;47.9;7.9;0.9;34377.3;8.5;381.6;182.0;8488.3;70.3;0.0;11.6;366.5
1;2018-12-10 08:00:00;219.6;37.7;5.9;0.8;12426.9;8.1;335.3;114.2;1886.8;63.6;1.1;10.8;355.0
1;2018-12-10 09:00:00;288.6;34.7;11.0;0.8;15483.9;5.3;376.0;76.5;1551.7;66.1;0.1;10.1;333.6
1;2018-12-10 10:00:00;213.7;31.8;13.4;0.7;25018.3;6.1;385.4;100.4;1490.5;64.4;0.4;8.6;334.4
1;2018-12-10 11:00:00;259.7;28.3;11.8;0.7;37543.1;7.3;311.2;138.5;818.0;56.3;0.0;8.4;430.1
1;2018-12-10 12:00:00;315.6;40.9;14.7;0.7;23895.8;6.0;355.1;95.7;1278.6;65.4;0.0;9.1;349.6
1;2018-12-10 13:00:00;294.2;31.2;24.4;0.8;28452.1;4.1;323.8;51.8;337.3;56.2;0.0;9.1;441.2
1;2018-12-10 14:00:00;371.6;35.7;30.8;0.9;32132.5;5.8;353.1;105.5;1262.4;55.5;0.0;10.4;358.9
1;2018-12-10 15:00:00;236.5;36.7;16.4;0.9;27191.7;6.2;345.4;80.4;1547.9;57.2;0.0;11.0;330.2
1;2018-12-10 16:00:00;238.6;31.9;26.1;0.8;10883.6;7.5;351.8;89.0;1373.4;66.2;0.0;9.5;305.9
1;2018-12-10 17:00:00;468.1;84.2;8.8;6.3;37711.4;18.4;287.6;313.5;9241.1;62.2;0.6;17.2;351.4
1;2018-12-10 18:00:00;287.1;36.3;4.9;0.8;14536.4;9.1;266.9;91.3;880.4;59.3;0.0;8.9;315.3
1;2018-12-10 19:00:00;233.2;33.5;10.3;0.9;12621.0;7.2;308.9;103.5;1790.4;62.6;0.3;10.5;295.0
1;2018-12-10 20:00:00;356.9;51.7;22.5;1.4;18341.0;11.5;224.9;270.0;6542.2;47.5;0.1;18.7;255.7
1;2018-12-10 21:00:00;426.8;46.5;28.3;1.2;14751.8;12.1;196.0;261.6;1244.1;44.7;0.1;16.7;208.4
1;2018-12-10 22:00:00;1196.3;47.5;18.7;1.3;19623.5;8.6;192.6;186.2;1468.1;45.1;0.9;16.4;211.8
1;2018-12-10 23:00:00;554.2;62.9;20.2;1.5;36275.7;11.0;190.0;283.6;1960.4;50.1;0.4;19.7;422.4
1;2018-12-11 00:00:00;594.5;77.1;18.9;4.9;24631.9;21.4;227.3;322.3;8741.6;56.2;17.5;17.1;315.8
1;2018-12-11 01:00:00;464.9;74.4;17.5;3.9;24828.9;20.4;786.1;335.9;2781.9;46.3;11.2;16.3;356.6
1;2018-12-11 02:00:00;1538.3;60.8;9.2;1.1;23172.5;11.3;694.4;168.9;2404.7;49.1;4.4;14.3;265.6
1;2018-12-11 03:00:00;907.1;30.9;12.9;0.8;22139.6;13.0;413.2;182.2;1598.2;41.9;0.1;9.5;370.6
1;2018-12-11 04:00:00;1072.2;35.2;6.2;0.8;46027.6;11.2;341.9;135.3;417.2;46.9;0.0;9.4;525.6
1;2018-12-11 05:00:00;858.0;37.3;8.9;0.8;71414.5;13.7;517.6;240.1;2258.6;38.1;0.0;9.9;508.4
1;2018-12-11 06:00:00;525.3;48.2;9.4;0.9;60866.7;10.6;338.0;226.6;2680.5;48.6;0.0;12.1;326.8
1;2018-12-11 07:00:00;282.4;29.7;5.4;0.7;19999.9;6.4;309.6;99.1;7891.4;48.5;0.0;8.0;274.5
1;2018-12-11 08:00:00;1969.9;72.7;10.3;2.8;41025.8;17.2;242.1;268.2;10796.4;58.3;0.1;16.0;471.3
1;2018-12-11 09:00:00;903.1;69.7;11.7;5.0;53591.2;21.3;270.2;336.7;7872.9;46.0;0.8;15.9;421.1
1;2018-12-11 10:00:00;315.4;51.7;16.1;1.1;26995.7;14.0;244.7;196.9;3322.9;67.8;0.0;12.6;494.6
1;2018-12-11 11:00:00;301.6;45.1;14.7;0.9;37781.2;9.8;225.3;158.3;1668.4;50.4;0.0;12.0;402.1
1;2018-12-11 12:00:00;279.0;46.5;17.4;1.0;39193.6;8.8;211.2;136.9;973.2;55.0;0.1;12.2;390.2
1;2018-12-11 13:00:00;289.4;43.4;10.4;0.9;38138.9;6.3;172.0;74.5;985.0;63.1;0.0;11.4;301.0
1;2018-12-11 14:00:00;212.5;49.0;7.9;1.0;39573.5;10.9;246.3;132.7;4818.4;57.9;0.0;12.6;286.0
1;2018-12-11 15:00:00;360.3;72.8;12.2;6.2;37234.5;14.9;357.7;209.8;3830.8;55.7;0.3;16.1;321.2
1;2018-12-11 16:00:00;326.9;54.0;11.1;1.2;14641.8;7.3;176.9;85.8;1055.6;58.9;1.1;15.2;309.2
1;2018-12-11 17:00:00;299.9;52.5;12.0;1.3;15347.2;6.9;197.1;79.9;1155.0;61.5;0.0;16.3;320.2
1;2018-12-11 18:00:00;428.5;77.0;44.6;4.3;26819.5;17.9;278.5;299.8;5897.1;57.6;1.0;22.6;314.3
1;2018-12-11 19:00:00;393.5;54.9;29.4;1.4;14904.8;14.8;210.0;207.0;3018.8;54.2;0.0;17.4;392.5
1;2018-12-11 20:00:00;447.6;82.0;11.6;5.1;50545.0;19.8;259.6;306.0;6425.0;45.2;0.2;18.0;393.4
1;2018-12-11 21:00:00;332.4;79.2;12.7;1.5;43384.5;16.0;250.7;282.2;2387.6;40.8;0.2;15.3;425.6
1;2018-12-11 22:00:00;247.6;63.3;6.3;1.0;34347.3;11.2;227.8;199.1;1621.6;54.4;0.0;13.2;411.1
1;2018-12-11 23:00:00;305.8;58.9;6.4;1.7;42536.2;12.2;388.7;304.4;2763.4;65.5;0.2;16.0;399.9
1;2018-12-12 00:00:00;298.7;72.0;17.0;1.9;48623.3;21.8;237.1;313.2;1841.3;61.1;20.7;17.4;352.7
1;2018-12-12 01:00:00;339.6;57.1;20.1;1.3;25778.7;24.3;780.8;347.3;4240.9;43.8;10.4;14.6;273.5
1;2018-12-12 02:00:00;335.7;75.5;9.7;1.7;37121.5;18.5;862.4;300.3;7507.8;51.1;0.3;14.7;254.2
1;2018-12-12 03:00:00;280.6;62.0;38.3;3.8;35154.6;14.4;219.3;204.3;3467.6;44.2;0.7;12.3;300.6
1;2018-12-12 04:00:00;209.1;37.3;5.0;0.7;46562.1;6.3;5133.7;99.8;1248.5;43.4;0.0;9.0;554.1
1;2018-12-12 05:00:00;332.0;30.1;5.7;0.7;51458.5;7.1;3491.8;140.3;1333.5;44.5;0.0;8.6;429.8
1;2018-12-12 06:00:00;243.6;48.4;8.9;0.9;20612.6;6.3;6993.3;154.6;1439.6;57.4;0.0;12.5;343.7
1;2018-12-12 07:00:00;333.8;54.6;10.4;1.2;20072.6;7.4;195.1;141.0;6710.7;65.3;0.0;15.8;394.9
1;2018-12-12 08:00:00;392.3;64.0;15.0;1.4;17830.7;8.4;211.4;167.6;6019.8;85.3;0.0;17.9;449.0
1;2018-12-12 09:00:00;343.0;36.9;13.3;0.9;27050.9;5.9;201.0;105.3;956.8;74.3;0.0;11.2;357.7
1;2018-12-12 10:00:00;357.3;39.7;16.8;1.0;18423.4;6.8;209.9;128.3;3655.3;64.8;0.0;11.9;572.9
1;2018-12-12 11:00:00;348.4;38.5;14.5;0.9;15387.7;5.7;225.9;97.6;2801.7;60.2;0.0;11.2;557.8
1;2018-12-12 12:00:00;311.6;50.6;22.4;1.0;18551.1;7.1;528.6;118.9;1510.7;65.6;0.0;13.2;387.7
1;2018-12-12 13:00:00;302.7;43.4;6.2;1.0;18986.2;5.4;328.7;84.8;249.2;64.9;0.0;12.0;316.3
1;2018-12-12 14:00:00;276.2;54.1;6.4;1.0;45450.4;6.2;295.1;115.0;429.9;56.6;0.3;13.3;356.9
1;2018-12-12 15:00:00;314.9;55.2;6.9;1.0;45720.4;7.3;350.2;136.5;378.5;62.9;0.1;13.3;343.2
1;2018-12-12 16:00:00;331.7;58.6;5.9;1.8;21651.5;8.2;440.2;168.1;1613.3;63.0;2.5;14.1;334.1
1;2018-12-12 17:00:00;429.4;90.4;8.3;15.0;43227.0;19.2;355.5;344.3;6480.9;59.2;1.4;19.8;310.2
1;2018-12-12 18:00:00;437.4;90.1;42.4;11.1;38220.2;18.1;453.2;283.9;16340.8;62.3;0.3;20.7;351.5
1;2018-12-12 19:00:00;416.8;50.6;6.5;1.1;32945.1;9.6;418.5;165.6;1523.8;47.8;0.0;13.4;402.0
1;2018-12-12 20:00:00;480.2;61.1;9.0;1.3;47598.4;13.5;441.0;333.3;2468.4;46.6;0.0;14.6;438.3
1;2018-12-12 21:00:00;417.1;72.0;13.3;1.4;65716.9;14.8;318.9;369.7;1292.1;40.6;0.1;14.1;452.3
1;2018-12-12 22:00:00;356.3;59.3;8.1;0.9;41268.1;11.0;316.4;260.6;688.9;37.2;0.0;11.4;339.5
1;2018-12-12 23:00:00;337.5;48.8;8.3;1.0;57607.6;9.9;339.8;246.5;867.7;48.4;0.0;13.1;261.0
1;2018-12-13 00:00:00;384.2;46.4;17.4;1.0;60451.1;19.5;390.9;296.3;11331.3;49.4;5.9;12.6;240.2
1;2018-12-13 01:00:00;395.4;56.7;19.6;1.1;66767.3;23.9;974.6;383.9;4621.4;35.5;1.8;14.3;211.0
1;2018-12-13 02:00:00;312.4;77.6;8.2;2.0;49157.2;19.2;1112.4;355.0;8277.7;41.7;1.3;14.5;215.6
1;2018-12-13 03:00:00;337.7;60.9;25.9;3.0;36164.3;17.4;459.4;305.5;4347.7;40.8;1.5;12.4;271.0
1;2018-12-13 04:00:00;253.9;47.2;7.2;0.9;54951.3;8.9;266.1;155.8;2711.7;37.6;0.0;11.7;580.6
1;2018-12-13 05:00:00;378.2;37.2;12.2;0.9;58007.9;6.7;254.7;133.7;2400.8;46.3;0.1;11.4;513.4
1;2018-12-13 06:00:00;445.5;52.5;20.6;1.1;19556.4;6.6;183.9;158.6;1362.4;46.9;0.0;14.1;300.0
1;2018-12-13 07:00:00;344.5;61.7;19.4;1.3;17382.2;5.7;287.0;134.7;2565.9;75.6;0.1;16.9;390.5
1;2018-12-13 08:00:00;430.5;57.5;21.0;1.7;25075.6;7.3;271.6;173.4;15984.2;75.1;0.2;16.2;383.7
1;2018-12-13 09:00:00;374.4;52.2;10.5;1.3;16121.1;6.3;197.9;166.0;1615.5;57.6;0.0;13.6;279.8
1;2018-12-13 10:00:00;336.0;42.4;9.3;1.0;16397.7;5.0;238.0;100.9;1333.9;68.1;0.3;12.2;323.3
1;2018-12-13 11:00:00;374.8;46.4;12.3;1.0;16053.9;7.0;198.4;173.8;1559.8;57.0;1.3;12.6;308.1
1;2018-12-13 12:00:00;284.9;40.1;9.6;0.9;17407.3;6.8;287.8;170.5;3159.1;52.5;0.6;11.1;273.1
1;2018-12-13 13:00:00;317.1;37.0;12.8;0.9;14036.3;4.9;180.1;95.3;742.7;59.1;0.0;11.3;362.2
1;2018-12-13 14:00:00;333.8;42.3;9.8;1.0;18041.0;6.3;229.7;144.8;1693.0;60.1;0.1;12.0;293.5
1;2018-12-13 15:00:00;336.8;51.2;15.9;1.2;23319.4;5.3;266.0;110.1;1654.8;62.7;0.1;14.8;354.1
1;2018-12-13 16:00:00;413.4;48.8;10.2;1.1;40903.5;8.5;215.3;220.0;815.4;65.3;0.1;13.5;351.6
1;2018-12-13 17:00:00;490.7;88.0;13.2;6.2;64308.4;20.1;231.1;406.1;7038.1;58.6;0.9;19.6;364.3
1;2018-12-13 18:00:00;521.8;60.0;28.4;1.5;71001.2;23.5;298.2;424.0;5608.7;72.2;0.1;14.9;427.2
1;2018-12-13 19:00:00;261.4;44.2;12.4;1.0;64756.0;10.6;218.3;258.3;3339.5;70.3;0.0;12.1;556.3
1;2018-12-13 20:00:00;323.1;50.2;9.3;0.9;46662.5;13.3;208.4;320.7;2878.5;51.2;0.0;11.9;525.5
1;2018-12-13 21:00:00;381.9;57.2;12.3;0.7;76265.3;12.8;205.7;307.8;2600.9;43.6;0.2;10.9;566.2
1;2018-12-13 22:00:00;219.0;47.2;5.4;0.7;50762.9;9.9;178.2;238.4;1876.4;41.5;0.0;8.2;349.0
1;2018-12-13 23:00:00;266.8;34.0;7.6;0.8;27259.2;11.1;198.9;307.6;1244.5;55.2;0.0;10.4;336.4
1;2018-12-14 00:00:00;410.9;54.5;21.8;2.4;35573.6;22.3;245.3;383.1;18690.9;47.4;9.4;14.8;296.3
1;2018-12-14 01:00:00;388.0;48.6;23.4;1.0;42739.2;23.8;845.3;416.3;3293.7;40.2;1.5;13.4;271.4
1;2018-12-14 02:00:00;368.2;75.3;11.9;1.4;59536.3;25.4;764.7;493.3;5965.0;35.7;0.6;16.1;227.3
1;2018-12-14 03:00:00;321.5;79.5;33.2;6.1;40177.8;25.2;864.5;495.2;5150.6;49.8;3.1;17.5;252.8
1;2018-12-14 04:00:00;253.3;38.5;20.8;0.9;42559.2;9.7;262.5;187.0;782.4;56.6;0.0;11.3;462.5
1;2018-12-14 05:00:00;288.5;53.3;15.2;1.2;43070.1;6.7;253.2;170.2;1578.7;60.1;0.8;16.2;395.3
1;2018-12-14 06:00:00;294.6;75.6;19.4;2.2;29301.2;8.7;233.5;223.8;1786.8;54.4;0.3;20.6;352.5
1;2018-12-14 07:00:00;327.8;69.3;25.0;1.7;20877.8;6.8;230.1;160.2;1592.2;77.8;0.0;20.6;425.9
1;2018-12-14 08:00:00;412.3;56.7;31.4;1.2;35976.0;7.7;245.0;151.0;22176.9;65.8;0.6;16.0;449.6
1;2018-12-14 09:00:00;394.7;52.5;16.6;1.1;41672.7;6.2;243.7;137.6;16675.3;55.7;0.3;15.0;347.9
1;2018-12-14 10:00:00;391.5;57.3;19.2;1.1;28225.7;6.1;220.6;155.5;5254.1;60.6;0.0;14.9;331.9
1;2018-12-14 11:00:00;340.4;33.9;16.2;1.0;15228.1;5.1;289.1;116.4;1569.2;48.9;1.4;11.0;245.7
1;2018-12-14 12:00:00;392.9;56.7;32.6;1.4;31164.8;8.3;206.9;191.0;6320.6;53.7;0.0;18.6;277.9
1;2018-12-14 13:00:00;356.3;45.9;28.1;1.1;40355.9;5.3;205.7;125.6;639.4;58.3;0.0;14.3;293.1
1;2018-12-14 14:00:00;340.4;40.2;14.7;1.0;38414.4;5.4;293.6;111.9;1071.5;59.4;0.0;12.2;287.1
1;2018-12-14 15:00:00;256.0;42.3;8.4;1.0;34921.0;5.0;192.3;82.8;751.2;63.0;0.0;12.3;315.2
1;2018-12-14 16:00:00;302.7;42.9;8.7;1.0;35886.2;5.7;240.5;100.1;1510.6;67.3;0.0;12.6;332.1
1;2018-12-14 17:00:00;346.0;34.4;6.1;0.9;34330.4;4.1;217.7;63.8;2050.3;57.7;0.0;10.3;276.1
1;2018-12-14 18:00:00;314.4;44.3;6.7;1.1;33414.3;4.0;162.0;62.4;1422.1;67.2;0.0;13.2;317.0
1;2018-12-14 19:00:00;382.5;75.4;9.2;3.3;74340.0;10.9;224.1;252.5;1921.9;65.3;0.3;18.7;498.4
1;2018-12-14 20:00:00;284.3;47.1;16.1;1.2;18276.4;8.3;230.6;189.7;1339.7;59.3;0.1;16.2;283.5
1;2018-12-14 21:00:00;267.4;42.7;18.8;1.1;19618.5;8.5;169.1;194.4;1585.3;43.0;0.5;14.7;234.9
1;2018-12-14 22:00:00;263.8;41.8;17.8;1.1;16185.1;7.7;172.7;172.8;2049.5;42.4;0.2;14.7;201.7
1;2018-12-14 23:00:00;249.4;42.2;13.9;1.0;20519.6;7.4;235.8;194.9;1898.2;54.4;0.1;13.3;256.7
1;2018-12-15 00:00:00;355.3;48.0;13.2;0.9;17589.3;20.5;388.3;261.0;6165.7;61.3;7.9;12.6;260.4
1;2018-12-15 01:00:00;345.6;52.0;20.3;1.0;18587.0;16.6;909.4;210.5;1481.7;43.4;6.0;13.6;257.9
1;2018-12-15 02:00:00;122.1;31.8;10.4;0.8;13123.4;6.5;874.9;83.1;1823.4;57.6;0.2;9.6;248.9
1;2018-12-15 03:00:00;126.8;21.9;13.8;0.6;17017.7;4.9;193.7;89.2;240.9;45.8;0.0;6.8;235.9
1;2018-12-15 04:00:00;194.4;22.7;3.9;0.6;30569.7;3.2;5839.4;51.5;49.2;43.2;0.0;6.9;388.0
1;2018-12-15 05:00:00;135.8;20.3;3.6;0.6;30557.4;3.2;4413.1;37.1;44.3;39.0;0.0;6.3;273.0
1;2018-12-15 06:00:00;337.0;41.9;10.2;1.0;11378.2;2.6;207.1;35.7;7636.7;53.4;0.0;12.3;298.5
1;2018-12-15 09:00:00;269.5;55.3;16.3;1.3;15596.8;2.6;189.7;39.7;512.2;77.0;0.1;16.7;420.8
1;2018-12-15 10:00:00;300.3;45.6;19.0;1.1;11391.3;4.0;245.7;72.8;1632.5;62.0;0.1;13.8;387.8
1;2018-12-15 11:00:00;183.6;27.9;16.0;0.8;11308.9;3.3;183.9;49.0;1250.9;30.8;0.1;8.6;177.5
1;2018-12-15 12:00:00;200.0;24.4;6.2;0.6;15403.5;2.0;193.0;29.3;623.1;39.0;0.5;6.6;331.4
1;2018-12-16 09:00:00;184.5;19.7;3.5;0.5;15574.8;3.1;202.6;60.8;946.1;23.6;0.0;5.5;267.9
1;2018-12-16 11:00:00;193.5;16.7;2.2;0.4;24513.8;3.8;216.1;72.1;840.5;22.0;0.0;4.4;249.0
1;2018-12-16 12:00:00;372.9;14.8;1.7;0.4;15449.8;2.0;230.6;31.2;1194.9;16.1;0.0;4.1;153.8
1;2018-12-16 14:00:00;83.5;8.9;0.9;0.3;14217.0;1.5;205.5;19.2;251.5;16.2;0.0;2.8;148.4
1;2018-12-16 15:00:00;338.8;36.7;10.6;0.8;17067.2;3.8;179.0;55.6;5943.1;63.9;1.1;9.6;400.1
1;2018-12-17 09:00:00;318.1;35.2;5.2;0.9;17695.6;2.9;270.3;56.0;5552.4;63.3;0.0;10.3;364.8
1;2018-12-17 11:00:00;332.3;39.0;7.2;0.9;13140.8;4.4;152.1;89.4;732.2;60.7;0.2;11.0;469.1
1;2018-12-17 14:00:00;376.0;55.7;10.9;1.8;34520.7;6.1;141.0;166.7;11518.5;64.5;2.5;13.9;497.0
1;2018-12-18 09:00:00;502.9;60.2;15.8;3.1;15293.3;8.5;156.5;273.7;924.5;61.7;0.4;16.5;411.6
1;2018-12-18 11:00:00;358.6;45.8;19.8;1.1;21463.3;6.4;141.0;159.4;965.9;55.3;0.0;13.6;416.7
1;2018-12-18 12:00:00;371.6;47.6;15.6;1.6;39309.8;10.7;292.4;204.5;3626.5;56.3;0.1;13.6;405.0
1;2018-12-18 17:00:00;448.7;85.2;20.3;7.5;33628.0;15.2;325.4;305.1;2932.8;56.1;2.0;19.5;325.5
1;2018-12-18 18:00:00;438.5;87.8;42.1;7.2;40146.5;24.1;399.1;393.8;3762.7;60.1;0.3;20.4;387.3
1;2018-12-18 19:00:00;374.0;54.3;36.5;1.2;22059.3;11.4;213.3;190.2;3277.3;54.5;1.5;15.5;388.7
1;2018-12-19 00:00:00;265.9;46.6;12.8;0.9;20578.9;23.8;714.5;335.5;3934.9;50.9;13.1;12.6;262.7
1;2018-12-19 01:00:00;352.4;45.9;11.0;1.0;20676.7;22.5;764.0;338.7;3113.2;54.1;3.1;12.2;351.4
1;2018-12-19 02:00:00;424.2;69.9;17.8;3.1;36065.4;17.7;779.9;323.7;5437.4;72.2;3.0;14.2;352.9
1;2018-12-19 03:00:00;182.5;32.4;6.9;0.8;14805.1;9.5;166.0;153.9;169.7;66.5;0.0;9.5;380.6
1;2018-12-19 04:00:00;191.4;37.1;6.5;0.8;42152.1;9.6;200.3;193.3;1491.7;45.0;0.1;9.9;544.0
1;2018-12-19 05:00:00;308.8;29.6;11.3;0.6;44459.4;8.0;183.8;168.1;360.0;48.8;0.1;7.7;403.5
1;2018-12-19 06:00:00;210.6;39.3;12.9;0.9;44216.3;6.6;210.2;147.7;698.3;62.4;0.1;11.7;345.1
1;2018-12-19 07:00:00;226.9;47.7;24.5;1.2;38417.3;4.2;187.2;85.5;101.8;71.5;0.0;14.5;366.6
1;2018-12-19 08:00:00;325.8;59.2;22.8;1.3;20496.7;9.8;63.9;192.5;16529.1;74.4;0.0;17.1;441.6
1;2018-12-19 09:00:00;297.5;56.3;18.8;1.2;15532.6;4.9;62.8;114.7;555.7;64.0;0.0;15.7;379.6
1;2018-12-19 10:00:00;1159.6;40.8;17.8;1.0;11802.7;4.6;53.9;79.9;1535.3;71.1;0.0;12.5;338.7
1;2018-12-19 11:00:00;322.6;36.1;19.6;1.0;12689.3;3.8;52.2;57.8;205.7;63.9;0.0;11.5;304.4
1;2018-12-19 12:00:00;253.6;39.2;6.7;0.9;35567.4;9.6;86.9;256.9;880.3;76.4;0.0;11.3;393.0
1;2018-12-19 16:00:00;409.6;66.2;9.8;4.0;49531.5;18.9;194.1;425.1;4396.7;83.3;0.1;16.1;452.3
1;2018-12-19 17:00:00;295.4;92.6;7.4;13.5;53036.8;18.7;139.0;434.8;4901.4;75.8;4.8;20.9;380.4
1;2018-12-19 18:00:00;372.7;72.8;32.8;1.8;35951.5;21.1;369.3;380.0;3910.0;79.9;1.0;18.0;425.5
1;2018-12-19 19:00:00;309.7;46.3;6.6;1.2;18422.2;10.3;211.0;183.7;2284.6;58.4;0.2;12.6;499.1
1;2018-12-19 20:00:00;314.2;43.7;9.4;1.0;44865.9;12.5;212.0;338.7;10726.9;46.6;0.2;11.9;424.1
1;2018-12-19 21:00:00;339.4;70.8;20.1;1.6;56819.4;16.6;128.0;435.2;2060.6;40.0;0.5;17.1;356.7
1;2018-12-19 22:00:00;257.3;53.1;10.2;0.8;44235.8;12.4;167.2;317.1;2122.6;39.4;0.2;12.0;330.2
1;2018-12-19 23:00:00;293.7;49.0;14.3;1.1;45695.4;11.3;86.2;317.5;2069.2;52.7;0.1;15.8;280.1
1;2018-12-20 00:00:00;341.5;53.7;17.1;1.2;27090.4;21.7;244.1;347.7;9755.8;60.4;20.5;14.2;273.0
1;2018-12-20 01:00:00;384.8;47.7;26.2;1.0;25568.1;22.6;616.0;389.7;3443.7;42.4;1.0;13.7;221.6
1;2018-12-20 02:00:00;299.5;67.4;18.2;2.2;32899.9;23.2;652.4;391.1;4903.7;40.1;8.5;15.1;185.6
1;2018-12-20 03:00:00;330.6;63.7;35.7;1.5;33572.3;24.3;99.1;445.3;5975.1;24.9;9.3;14.2;175.6
1;2018-12-20 04:00:00;202.5;36.3;9.3;0.8;49566.9;12.1;4990.5;229.9;866.8;36.1;0.1;10.3;470.8
1;2018-12-20 05:00:00;303.4;45.2;25.2;1.1;42351.6;8.7;3453.6;204.4;1260.4;40.9;0.0;15.2;392.4
1;2018-12-20 06:00:00;361.0;70.0;19.7;1.5;25643.7;10.3;7453.9;238.4;1907.2;62.8;0.1;20.6;343.0
1;2018-12-20 07:00:00;296.8;70.4;23.0;1.6;16235.4;8.1;125.1;146.3;1397.6;67.9;0.3;21.5;372.6
1;2018-12-20 08:00:00;353.3;67.7;21.4;1.8;15165.1;7.2;104.0;119.7;1396.8;82.5;0.0;20.2;423.7
1;2018-12-20 09:00:00;327.4;67.9;19.1;1.6;18961.5;6.1;53.9;158.5;806.3;69.9;0.0;20.1;428.0
1;2018-12-20 10:00:00;277.7;46.5;18.7;1.0;37077.0;3.6;73.9;73.6;280.9;66.4;0.0;13.0;340.5
1;2018-12-20 12:00:00;334.6;45.9;6.3;1.2;20166.9;5.2;180.9;111.9;1259.9;72.9;1.5;13.5;399.6
1;2018-12-20 13:00:00;205.6;59.1;7.2;1.3;23911.7;7.8;80.0;132.3;1061.8;72.2;0.1;17.0;429.0
1;2018-12-20 14:00:00;227.2;45.7;5.9;1.1;17550.3;4.8;90.1;53.6;442.8;70.3;0.0;13.0;331.7
1;2018-12-20 15:00:00;258.7;38.3;10.3;0.9;14935.0;5.1;110.9;68.5;1439.1;64.7;0.3;10.8;311.8
1;2018-12-20 16:00:00;292.7;42.9;17.5;1.0;12937.0;3.8;131.3;61.0;799.1;67.5;0.0;12.1;308.8
1;2018-12-20 17:00:00;367.9;61.7;5.4;1.4;24979.5;9.6;435.4;171.7;2860.7;54.1;0.0;14.4;284.9
1;2018-12-20 18:00:00;318.8;83.4;16.3;10.7;37833.3;23.7;372.1;383.7;6256.7;55.9;2.1;19.9;346.8
1;2018-12-20 19:00:00;335.0;62.9;20.7;1.3;16966.9;11.3;385.9;169.9;4551.0;58.7;0.1;17.5;465.2
1;2018-12-20 20:00:00;348.0;48.3;8.0;0.8;74657.8;13.3;204.3;280.2;2723.4;48.6;4.7;11.9;555.4
1;2018-12-20 21:00:00;319.5;62.4;11.9;0.8;45076.5;14.9;227.0;325.5;2390.8;43.0;1.6;13.0;461.1
1;2018-12-20 22:00:00;282.3;43.9;3.7;0.6;44822.7;9.7;188.8;187.0;1472.4;49.7;1.0;8.4;413.8
1;2018-12-20 23:00:00;273.6;44.5;8.8;0.9;30548.0;9.5;279.9;244.1;2567.9;50.4;0.7;12.2;273.3
1;2018-12-21 00:00:00;264.2;41.3;15.1;0.9;22779.6;20.3;303.2;230.3;7950.3;50.6;14.5;11.2;243.6
1;2018-12-21 01:00:00;339.4;53.7;19.3;1.1;17845.1;22.6;891.8;309.6;6028.1;40.3;6.6;14.5;229.9
1;2018-12-21 02:00:00;325.1;84.8;16.7;3.7;37974.6;22.6;779.1;406.9;6872.6;35.6;4.9;16.4;169.0
1;2018-12-21 03:00:00;281.2;58.8;21.3;2.3;39019.3;19.2;728.9;330.5;5428.3;28.6;7.3;11.4;232.0
1;2018-12-21 04:00:00;250.6;30.0;4.3;0.7;47899.5;8.0;4753.4;119.5;1978.0;34.9;0.3;8.0;543.2
1;2018-12-21 05:00:00;255.4;31.1;11.2;0.9;50220.4;4.6;6744.8;95.6;1256.1;39.0;0.3;9.7;398.0
1;2018-12-21 06:00:00;281.5;51.8;15.6;1.2;20078.2;4.8;132.1;120.3;1753.0;51.7;0.3;14.5;335.6
1;2018-12-21 07:00:00;307.4;53.1;17.5;1.3;13875.8;4.6;110.2;79.5;1591.7;64.0;0.1;16.4;386.1
1;2018-12-21 08:00:00;301.9;67.7;17.2;1.4;15400.0;6.3;89.1;100.6;1231.0;84.0;0.1;18.1;440.7
1;2018-12-21 09:00:00;326.0;39.1;17.6;1.0;11577.2;3.1;114.9;54.4;460.1;63.7;0.0;12.0;332.0
1;2018-12-21 10:00:00;288.9;59.9;9.0;1.1;22463.2;5.2;166.3;109.3;2729.2;67.7;0.0;15.0;428.8
1;2018-12-21 11:00:00;287.2;42.9;8.7;1.1;15849.5;5.1;107.3;67.9;1439.6;76.2;0.0;12.9;331.3
1;2018-12-21 12:00:00;416.3;60.0;15.7;1.5;39856.0;9.4;228.8;228.8;2536.7;60.6;0.0;17.7;286.8
1;2018-12-21 13:00:00;369.3;65.2;14.7;1.6;46184.0;9.0;205.8;159.9;17367.5;63.4;0.0;18.8;309.2
1;2018-12-21 14:00:00;277.0;59.9;13.5;1.4;44142.7;8.3;88.1;158.4;1400.2;62.6;0.0;17.6;316.8
1;2018-12-21 15:00:00;296.8;48.6;8.6;1.0;19554.3;9.3;210.0;155.8;1739.6;60.1;0.5;12.9;310.2
1;2018-12-21 16:00:00;244.1;52.7;7.4;1.0;25973.1;11.8;147.4;212.1;2821.9;74.4;1.3;13.6;391.0
1;2018-12-21 17:00:00;290.7;51.9;8.3;1.3;25682.9;10.6;155.1;174.1;2463.5;83.1;0.4;13.9;400.0
1;2018-12-21 18:00:00;333.5;52.1;6.5;1.0;22185.7;10.0;91.6;128.6;1955.7;73.2;0.0;14.4;394.5
1;2018-12-21 19:00:00;197.9;51.1;7.0;0.9;74763.1;10.4;144.1;145.4;3081.5;57.6;0.0;12.1;553.0
1;2018-12-21 20:00:00;389.4;38.1;11.9;0.9;31966.9;12.5;192.8;205.4;2187.9;45.6;0.7;11.6;270.5
1;2018-12-21 21:00:00;225.3;28.4;8.3;0.8;13003.7;8.5;184.1;152.7;2127.0;43.3;1.2;9.4;210.1
1;2018-12-21 22:00:00;167.7;23.7;8.2;0.7;12861.7;6.1;159.0;102.4;935.3;45.2;0.0;8.2;201.9
1;2018-12-21 23:00:00;271.0;48.5;7.5;0.9;67833.1;8.7;43.9;214.2;2389.1;39.2;0.9;12.6;430.3
1;2018-12-22 00:00:00;391.3;52.3;7.0;2.0;70837.5;25.0;101.1;315.1;11729.0;45.2;31.8;10.9;485.4
1;2018-12-22 01:00:00;369.9;54.0;15.5;1.0;67806.2;25.0;652.1;296.2;1827.7;27.7;28.0;11.8;285.4
1;2018-12-22 02:00:00;228.3;54.1;12.5;0.8;71713.9;18.8;632.6;257.6;2745.1;30.3;6.5;12.0;302.4
1;2018-12-22 03:00:00;430.1;40.4;22.3;0.7;67110.4;14.6;107.0;245.0;1072.9;20.5;2.0;9.5;449.3
1;2018-12-22 04:00:00;163.5;45.8;6.3;0.8;74764.2;12.0;82.1;234.9;1122.6;23.8;0.8;11.0;514.4
1;2018-12-22 05:00:00;201.7;30.8;7.7;0.7;55652.5;9.7;186.0;197.1;2166.3;29.2;0.5;9.2;424.0
1;2018-12-22 06:00:00;262.0;39.7;8.0;0.9;23759.8;7.0;174.7;162.6;1743.9;44.7;1.3;10.9;280.3
1;2018-12-22 07:00:00;272.6;42.6;6.0;0.9;20565.0;6.8;176.6;119.4;1828.9;61.2;0.1;11.7;391.3
1;2018-12-22 08:00:00;199.5;42.7;6.9;1.0;22920.5;6.6;102.8;114.9;1742.1;58.0;0.1;12.5;373.8
1;2018-12-22 09:00:00;185.9;32.5;6.1;0.9;12161.6;5.9;105.0;74.9;6783.2;44.7;0.1;9.9;262.1
1;2018-12-22 10:00:00;293.4;37.5;5.7;0.9;32218.1;5.9;125.3;66.5;952.2;55.6;0.3;10.8;282.0
1;2018-12-22 11:00:00;293.4;45.7;4.9;0.8;23573.9;7.4;99.1;119.3;2794.9;43.7;0.1;10.5;596.8
1;2018-12-22 12:00:00;233.7;35.2;9.3;0.7;22427.6;5.1;136.9;83.7;7846.2;45.1;0.1;9.0;551.0
1;2018-12-22 13:00:00;203.7;36.7;15.8;0.8;20105.3;4.0;66.9;41.7;1304.6;42.7;0.0;10.2;547.0
1;2018-12-22 14:00:00;234.6;38.2;15.1;0.8;20420.3;4.6;143.9;61.3;1472.4;43.5;1.4;10.3;552.8
1;2018-12-22 15:00:00;195.8;35.4;16.8;0.8;26370.3;3.6;161.6;50.9;1561.6;37.1;1.0;9.5;533.1
1;2018-12-22 16:00:00;196.9;30.4;15.2;0.7;22766.2;3.8;85.3;37.7;1273.0;34.9;0.1;8.6;541.2
1;2018-12-22 17:00:00;269.4;22.1;2.9;0.5;18621.1;3.1;154.8;36.6;2138.3;23.2;0.0;5.4;606.3
1;2018-12-22 18:00:00;83.5;17.1;3.0;0.4;21932.5;3.3;139.2;36.8;1404.8;21.4;0.6;4.1;572.8
1;2018-12-22 19:00:00;90.2;21.1;3.4;0.5;22315.1;3.2;127.8;38.1;1404.7;23.1;0.1;5.5;509.7
1;2018-12-22 20:00:00;289.4;41.6;15.8;0.9;28744.8;10.5;154.0;225.8;2256.1;13.8;2.4;12.3;479.1
1;2018-12-22 21:00:00;211.1;34.2;16.0;0.8;24314.8;7.2;69.0;146.3;1910.3;10.4;1.1;10.4;543.7
1;2018-12-22 22:00:00;154.8;31.0;13.8;0.8;21643.3;6.7;64.0;131.6;1377.0;11.5;0.3;9.9;426.5
1;2018-12-22 23:00:00;230.5;40.3;8.5;0.9;33287.1;6.0;66.2;154.8;1309.2;19.9;0.6;11.3;482.3
1;2018-12-23 00:00:00;297.9;56.8;7.6;1.1;60036.1;18.9;185.2;239.5;7192.6;35.8;26.9;12.7;595.1
1;2018-12-23 01:00:00;330.7;68.8;18.6;3.0;64332.6;24.6;730.7;382.7;4596.3;29.7;16.2;16.1;474.9
1;2018-12-23 02:00:00;347.5;67.2;10.4;2.9;85702.2;23.5;691.3;348.9;8094.5;28.5;11.3;10.9;444.9
1;2018-12-23 03:00:00;392.3;79.4;41.0;8.4;70015.1;25.5;115.8;419.5;4265.5;20.9;10.3;13.0;544.5
1;2018-12-23 04:00:00;270.1;43.8;15.7;0.8;89007.5;11.3;108.0;136.5;1171.4;16.4;0.3;9.6;854.0
1;2018-12-23 05:00:00;245.6;49.6;20.2;0.8;45134.5;6.5;133.6;97.4;1558.9;27.2;2.2;11.5;725.9
1;2018-12-23 06:00:00;239.7;47.8;8.7;0.8;27275.7;5.5;117.9;108.7;2146.8;27.6;0.1;10.7;537.4
1;2018-12-23 07:00:00;241.3;43.0;5.9;0.8;23844.9;4.3;66.0;62.3;1193.9;54.6;0.0;10.5;606.3
1;2018-12-23 08:00:00;151.6;38.7;6.3;0.8;22031.3;4.2;99.8;45.2;17090.9;41.1;0.0;9.6;567.1
1;2018-12-23 09:00:00;119.2;24.0;4.6;0.5;20253.2;4.5;91.4;66.0;14715.2;27.0;0.0;5.7;533.3
1;2018-12-23 10:00:00;159.8;24.6;4.8;0.5;23291.4;5.6;51.9;86.9;900.9;16.5;0.0;5.5;497.8
1;2018-12-23 11:00:00;103.6;22.9;2.8;0.5;25416.4;4.2;67.5;62.4;1096.6;17.7;0.0;5.3;566.1
1;2018-12-23 12:00:00;170.8;22.3;3.2;0.4;18968.6;4.2;108.7;52.9;6392.2;16.9;0.0;5.2;471.7
1;2018-12-23 13:00:00;194.1;31.8;3.0;0.5;61711.9;4.6;150.3;68.4;1928.1;16.6;0.0;6.3;726.0
1;2018-12-23 14:00:00;77.3;27.7;2.4;0.5;69978.0;4.7;159.7;76.1;1813.4;14.8;0.0;5.6;833.6
1;2018-12-23 15:00:00;109.5;28.1;2.4;0.4;70324.7;4.6;140.6;70.9;2180.0;11.9;0.0;4.8;557.3
1;2018-12-23 16:00:00;94.3;19.2;2.8;0.4;40444.9;11.5;96.2;300.2;997.5;76.1;0.0;4.0;858.8
1;2018-12-23 17:00:00;276.0;66.4;6.9;0.6;45525.1;16.3;507.4;304.4;8776.7;24.4;4.3;9.8;551.9
1;2018-12-23 18:00:00;206.4;29.6;36.1;0.5;27895.6;13.3;265.4;195.9;3100.6;15.8;0.0;6.1;568.5
1;2018-12-23 19:00:00;217.9;34.1;29.6;0.6;27659.4;12.3;366.1;192.9;2118.5;15.4;0.7;7.2;493.0
1;2018-12-23 20:00:00;390.1;56.5;17.1;1.2;54357.6;19.4;206.2;451.1;8866.3;14.3;1.3;14.0;722.4
1;2018-12-23 21:00:00;186.7;71.5;20.8;1.1;42131.2;14.7;68.1;375.6;2176.0;12.0;0.4;16.9;548.3
1;2018-12-23 22:00:00;187.1;63.1;17.2;1.1;50134.6;12.5;52.6;308.4;1663.0;17.3;3.4;15.4;494.8
1;2018-12-23 23:00:00;300.8;56.5;18.4;1.1;40244.3;11.5;82.2;315.4;1737.1;18.4;2.3;15.7;433.7
1;2018-12-24 00:00:00;297.4;42.1;13.0;1.0;17908.6;19.2;112.1;269.9;9623.9;43.6;23.6;12.1;182.7
1;2018-12-24 01:00:00;309.3;54.0;16.6;1.2;15662.5;23.7;847.0;339.2;6322.7;32.8;14.8;13.5;209.8
1;2018-12-24 02:00:00;286.7;76.1;22.2;1.8;43138.6;21.4;847.9;370.7;7184.8;44.2;6.1;15.4;225.4
1;2018-12-24 03:00:00;280.5;59.9;14.8;3.3;26520.7;19.0;226.8;344.3;5553.5;29.8;7.4;11.5;209.0
1;2018-12-24 04:00:00;264.4;31.8;12.0;0.6;71674.4;7.0;80.4;117.0;1318.4;31.2;0.5;7.7;457.9
1;2018-12-24 05:00:00;226.1;39.9;5.0;0.8;48958.0;4.4;117.8;97.0;2373.4;36.9;1.8;10.0;386.8
1;2018-12-24 06:00:00;255.3;49.7;7.1;0.9;33507.0;6.2;195.1;130.8;1954.8;41.3;0.4;11.8;363.4
1;2018-12-24 07:00:00;288.5;36.6;8.2;0.8;15102.7;3.4;129.1;58.9;1355.9;50.4;0.9;10.5;273.9
1;2018-12-24 08:00:00;315.0;48.4;6.7;1.0;15042.8;5.9;175.8;84.4;2323.9;74.7;0.1;13.5;373.0
1;2018-12-24 09:00:00;336.7;36.3;5.1;0.9;21727.9;4.8;159.1;92.3;1334.6;76.0;0.0;10.5;353.0
1;2018-12-24 10:00:00;274.4;46.7;7.2;1.0;23968.4;5.9;98.0;107.8;6619.6;63.9;0.3;12.7;388.2
1;2018-12-24 11:00:00;275.1;34.3;4.9;0.8;22583.5;2.3;95.1;34.0;2613.5;67.2;0.0;9.7;323.8
1;2018-12-24 12:00:00;223.8;38.3;5.9;0.9;15681.8;4.6;118.7;82.4;1231.6;62.7;0.1;10.3;634.7
1;2018-12-24 13:00:00;263.9;35.8;6.1;0.9;17414.5;3.8;159.7;71.6;1784.9;59.8;0.0;10.3;322.1
1;2018-12-24 14:00:00;189.0;38.8;7.4;0.9;14994.9;3.7;103.2;68.2;2196.4;60.7;0.1;11.4;318.3
1;2018-12-24 15:00:00;266.8;40.6;8.6;0.9;11513.5;5.0;89.1;82.5;1377.3;58.2;0.0;11.0;293.6
1;2018-12-24 16:00:00;268.4;43.9;4.4;0.9;33792.2;5.5;150.6;92.3;2131.7;59.8;2.5;11.6;422.5
1;2018-12-24 17:00:00;361.4;90.9;9.2;20.5;75981.7;16.7;219.9;325.8;6880.9;58.2;14.7;17.3;444.3
1;2018-12-24 18:00:00;432.8;86.1;13.6;16.8;58904.1;25.2;277.1;438.8;5741.5;77.6;13.1;16.9;507.4
1;2018-12-24 19:00:00;353.6;71.0;8.4;3.7;48867.3;12.3;277.1;246.6;3606.4;66.3;2.2;15.9;649.5
1;2018-12-24 20:00:00;389.9;69.8;19.9;2.1;56227.9;16.7;215.6;461.4;2561.3;57.7;5.2;20.4;492.8
1;2018-12-24 21:00:00;452.4;80.1;25.8;2.2;73551.2;16.2;171.9;410.1;2726.6;51.3;0.2;20.3;400.3
1;2018-12-24 22:00:00;306.4;74.8;18.8;1.3;67849.1;13.5;215.5;331.5;1736.0;53.3;0.9;19.1;389.1
1;2018-12-24 23:00:00;427.2;72.5;19.7;1.7;50116.6;13.1;183.7;354.1;1907.7;61.9;1.2;21.5;302.6
1;2018-12-25 00:00:00;304.2;63.5;20.9;1.7;26737.1;21.4;104.9;296.5;5860.7;69.0;26.5;19.7;370.5
1;2018-12-25 01:00:00;439.6;60.1;14.4;2.1;55402.8;25.7;697.8;419.9;5179.8;38.5;12.3;15.6;279.9
1;2018-12-25 02:00:00;321.3;86.4;9.9;2.9;39902.1;22.5;817.1;371.7;6433.7;42.3;4.7;17.3;221.0
1;2018-12-25 03:00:00;483.2;74.3;43.2;8.1;38700.0;21.5;69.5;388.2;5147.7;39.6;17.8;15.2;257.7
1;2018-12-25 04:00:00;196.4;36.8;7.8;0.7;59095.2;9.3;67.3;137.2;1289.4;37.2;0.2;9.1;644.4
1;2018-12-25 05:00:00;221.5;25.2;4.8;0.6;55376.4;6.0;119.2;76.8;1524.5;32.3;0.0;7.2;372.1
1;2018-12-25 06:00:00;318.7;41.9;22.2;0.9;19566.2;5.2;148.2;137.8;2256.4;52.9;0.0;11.3;298.0
1;2018-12-25 07:00:00;321.0;56.5;20.6;1.2;18002.7;6.5;83.9;111.4;1945.8;60.0;0.1;16.7;381.7
1;2018-12-25 08:00:00;326.9;68.8;23.2;1.7;19373.8;6.0;59.9;103.9;6197.3;92.0;0.1;20.0;476.6
1;2018-12-25 09:00:00;425.0;71.3;20.7;3.8;109367.3;8.4;86.2;199.6;2660.2;83.7;6.9;17.9;627.0
1;2018-12-25 10:00:00;413.2;69.3;21.8;2.5;86938.4;8.7;79.0;216.0;830.4;76.0;8.3;17.3;586.4
1;2018-12-25 11:00:00;470.4;80.6;8.7;5.5;85293.8;8.1;289.4;193.8;15513.4;85.9;7.6;18.8;584.1
1;2018-12-25 12:00:00;358.0;80.3;10.5;4.6;73587.8;8.5;214.2;202.8;973.9;78.0;6.9;20.2;639.5
1;2018-12-25 13:00:00;372.2;69.6;7.9;1.7;60404.1;8.2;158.9;170.5;1368.3;80.7;4.8;16.7;475.8
1;2018-12-25 14:00:00;364.4;66.4;6.6;1.4;64988.7;7.1;79.0;152.6;776.2;95.7;0.1;17.7;469.7
1;2018-12-25 15:00:00;316.3;62.5;8.5;1.4;60991.8;7.6;159.8;156.0;1770.0;93.8;0.1;17.6;436.3
1;2018-12-25 16:00:00;360.2;50.3;8.3;1.2;55873.7;6.0;73.4;107.2;1004.1;84.5;0.0;15.4;404.7
1;2018-12-25 17:00:00;422.2;80.0;9.5;13.1;76212.6;16.1;105.7;331.7;5975.6;75.0;17.7;18.9;375.9
1;2018-12-25 18:00:00;413.1;82.6;22.0;12.6;61497.2;24.9;100.8;452.3;3851.6;57.0;26.2;18.1;355.0
1;2018-12-25 19:00:00;437.8;66.0;21.2;4.8;39886.5;15.5;93.3;286.7;2237.3;76.8;2.1;16.2;819.2
1;2018-12-25 20:00:00;405.8;68.2;10.5;3.5;72225.6;15.6;205.2;355.7;8063.0;53.2;2.2;16.3;653.5
1;2018-12-25 21:00:00;382.9;77.9;15.1;2.2;53386.4;13.3;159.0;332.5;2228.1;53.3;1.7;16.8;521.3
1;2018-12-25 22:00:00;303.8;63.6;8.1;1.1;56084.4;9.9;150.6;246.9;2083.2;53.4;0.9;14.0;392.3
1;2018-12-25 23:00:00;294.8;60.0;9.9;1.1;51975.4;9.7;145.0;254.3;2198.3;54.9;0.3;15.0;278.5
1;2018-12-26 00:00:00;351.6;41.4;9.4;0.9;29919.1;23.2;114.6;290.3;6415.2;54.7;24.0;11.0;254.3
1;2018-12-26 01:00:00;351.1;53.3;16.6;1.0;26179.2;28.8;708.9;387.1;3495.5;47.3;9.2;14.2;243.6
1;2018-12-26 02:00:00;323.9;77.6;14.3;2.0;50408.4;26.9;821.3;421.1;6045.5;52.0;3.4;15.0;234.9
1;2018-12-26 03:00:00;333.8;65.6;37.4;6.7;55433.0;27.3;99.9;451.0;4990.7;32.9;18.3;12.6;244.6
1;2018-12-26 04:00:00;272.2;34.9;5.7;0.7;49999.2;9.4;108.9;123.1;2779.4;35.7;1.4;9.1;507.7
1;2018-12-26 05:00:00;224.3;33.6;4.5;0.8;74997.8;6.6;158.6;106.5;2086.4;33.5;2.5;8.9;331.2
1;2018-12-26 06:00:00;346.7;60.3;9.6;1.2;49378.5;8.4;135.5;203.3;2508.5;44.3;2.0;13.8;380.0
1;2018-12-26 07:00:00;387.5;60.0;14.8;1.1;49363.4;6.9;129.8;134.9;1737.7;62.8;2.5;15.5;417.9
1;2018-12-26 08:00:00;391.4;64.1;17.9;1.3;12903.2;9.4;120.6;146.4;2044.6;75.9;0.2;17.5;400.7
1;2018-12-26 09:00:00;386.5;42.4;14.8;1.1;12233.0;5.6;116.0;69.0;1512.5;64.5;0.0;13.5;331.2
1;2018-12-26 10:00:00;348.3;54.6;15.9;1.1;19885.6;7.2;129.4;115.4;1986.5;60.6;0.1;14.9;432.7
1;2018-12-26 11:00:00;329.1;49.4;18.0;1.1;14137.0;5.7;80.0;85.5;2117.7;67.6;0.9;14.2;415.7
1;2018-12-26 12:00:00;192.4;38.3;15.2;1.0;18737.7;4.3;105.1;58.0;5882.4;59.1;0.7;12.1;330.3
1;2018-12-26 13:00:00;215.0;42.7;16.6;1.1;18461.6;4.9;151.8;68.9;1586.0;58.3;0.2;13.1;304.1
1;2018-12-26 14:00:00;302.5;46.5;16.6;1.1;25359.4;5.9;204.7;86.0;1020.3;56.2;0.0;13.7;322.2
1;2018-12-26 15:00:00;291.1;29.1;16.8;0.8;10497.3;3.0;312.9;31.9;95.3;57.9;0.0;9.6;261.0
1;2018-12-26 16:00:00;301.4;43.8;10.3;1.0;19202.5;6.5;428.5;113.2;2903.5;64.4;0.9;12.7;329.1
1;2018-12-26 17:00:00;401.7;92.3;8.7;14.9;64624.7;17.7;385.7;320.0;7184.5;64.4;10.3;20.0;851.6
1;2018-12-26 18:00:00;437.7;84.0;40.3;6.1;71461.1;22.3;458.5;351.1;3377.4;67.1;3.3;19.6;584.1
1;2018-12-26 19:00:00;467.4;79.3;26.0;7.7;73646.5;15.3;532.0;244.0;1932.1;58.4;4.5;19.4;520.1
1;2018-12-26 20:00:00;470.0;89.1;17.1;13.2;73251.0;18.4;449.3;436.5;3634.3;55.8;8.8;20.5;668.5
1;2018-12-26 21:00:00;404.0;84.5;18.5;5.5;89194.5;18.8;481.6;445.3;2426.6;52.5;7.7;17.0;652.8
1;2018-12-26 22:00:00;445.4;80.8;7.7;1.8;77169.3;17.9;476.6;430.0;1485.5;54.7;5.5;17.4;614.0
1;2018-12-26 23:00:00;334.7;79.1;12.0;3.2;67885.3;15.9;371.5;397.6;1751.6;56.8;9.5;18.2;408.3
1;2018-12-27 00:00:00;373.3;69.5;12.0;4.2;28489.7;19.6;725.3;273.4;7663.4;63.2;22.0;17.8;353.8
1;2018-12-27 01:00:00;409.5;57.6;12.2;2.6;23905.6;26.7;994.5;391.6;4179.4;52.1;15.8;15.5;273.5
1;2018-12-27 02:00:00;390.9;95.5;18.2;12.9;49761.2;30.6;931.0;469.9;6766.5;60.5;3.7;19.4;279.3
1;2018-12-27 03:00:00;394.1;83.3;32.0;13.5;48794.2;26.3;1016.8;395.5;5134.7;40.4;7.9;17.4;287.5
1;2018-12-27 04:00:00;297.7;53.0;11.4;1.0;54029.3;17.8;494.0;251.7;2973.1;39.0;4.3;13.5;469.5
1;2018-12-27 05:00:00;282.3;49.4;7.8;0.9;73965.1;10.4;465.9;149.8;1226.4;39.6;0.9;12.2;504.2
1;2018-12-27 06:00:00;297.1;65.5;9.6;1.2;32092.9;10.3;446.0;182.9;1143.7;63.9;0.1;16.6;367.6
1;2018-12-27 07:00:00;256.8;42.8;7.8;1.1;11273.6;5.3;467.9;75.5;1297.6;73.2;0.3;13.2;383.7
1;2018-12-27 08:00:00;324.1;64.2;11.7;1.4;14543.1;6.9;494.6;126.3;18463.4;85.6;0.1;18.6;431.5
1;2018-12-27 09:00:00;379.6;63.0;8.9;1.7;21491.5;7.2;400.1;156.2;2026.5;73.5;0.1;17.1;382.9
1;2018-12-27 10:00:00;269.6;47.2;8.4;1.2;16643.2;6.7;374.4;108.8;1291.6;70.7;0.5;14.5;365.6
1;2018-12-27 11:00:00;336.9;50.5;11.4;1.1;12834.0;7.8;276.9;129.8;2279.3;78.1;1.5;14.3;367.3
1;2018-12-27 12:00:00;312.0;49.6;13.0;1.1;18040.8;7.9;206.5;119.9;883.3;64.7;0.0;14.4;338.8
1;2018-12-27 13:00:00;288.7;49.8;18.6;1.1;14732.3;7.1;198.7;132.6;1532.9;61.1;0.2;14.4;380.1
1;2018-12-27 14:00:00;284.4;50.5;17.9;1.1;52697.7;5.4;236.7;89.5;1468.4;60.2;0.6;14.2;400.7
1;2018-12-27 15:00:00;347.3;56.2;23.3;1.1;38303.7;6.2;262.7;103.1;1099.6;62.8;0.2;15.1;370.5
1;2018-12-27 16:00:00;277.6;59.5;16.7;1.3;33382.2;6.1;265.5;120.8;1866.1;67.3;0.2;16.1;488.8
1;2018-12-27 17:00:00;423.0;93.1;11.3;16.4;64623.6;15.2;298.7;281.6;12035.2;61.4;6.6;20.4;452.9
1;2018-12-27 18:00:00;545.7;89.9;37.4;21.4;62471.7;25.9;281.7;467.0;5653.1;65.4;5.2;20.5;588.7
1;2018-12-27 19:00:00;410.9;66.6;13.0;1.6;71258.1;14.8;204.3;258.2;1674.0;61.5;7.3;16.2;515.0
1;2018-12-27 20:00:00;1686.5;78.4;20.2;6.9;70806.8;25.3;248.3;633.4;2974.3;54.3;14.3;19.5;470.8
1;2018-12-27 21:00:00;4477.9;95.9;42.3;27.9;74025.0;22.6;258.1;526.2;3290.8;47.2;10.3;22.4;568.5
1;2018-12-27 22:00:00;1770.9;86.9;18.4;5.6;73807.9;13.8;215.5;357.4;3105.5;37.7;4.0;19.6;523.6
1;2018-12-27 23:00:00;423.1;81.5;15.6;2.9;74504.6;12.8;208.5;379.9;1440.4;44.4;4.8;21.2;267.2
1;2018-12-28 00:00:00;541.7;81.6;28.3;3.4;69348.1;23.5;368.8;400.4;6468.5;43.9;26.6;20.9;241.1
1;2018-12-28 01:00:00;399.6;64.7;19.4;2.8;61129.3;22.9;975.3;411.7;4773.9;43.9;2.7;17.8;263.3
1;2018-12-28 02:00:00;398.0;96.1;13.8;19.2;71499.1;24.4;829.6;390.3;6513.3;51.2;3.8;18.8;324.9
1;2018-12-28 03:00:00;420.7;96.3;13.5;21.9;62997.5;19.6;712.5;353.3;4937.4;41.6;9.3;19.8;347.4
1;2018-12-28 04:00:00;361.1;63.8;35.2;1.4;61761.4;10.3;280.5;172.8;2080.5;50.1;3.7;17.5;558.2
1;2018-12-28 05:00:00;346.7;49.1;12.6;1.0;60105.6;6.9;254.0;101.8;2514.3;42.0;0.7;13.8;564.5
1;2018-12-28 06:00:00;334.1;41.9;12.9;1.1;17528.1;4.6;231.7;99.2;1389.5;50.3;0.1;12.8;352.8
1;2018-12-28 07:00:00;319.6;51.2;17.8;1.2;13023.6;4.0;204.5;72.3;6805.1;63.3;0.0;15.9;368.7
1;2018-12-28 08:00:00;297.9;57.9;18.1;1.3;11451.5;3.9;261.9;66.6;6134.1;77.2;0.0;16.9;394.1
1;2018-12-28 09:00:00;270.2;52.5;17.6;1.2;16150.8;3.6;194.7;56.3;937.1;69.7;0.0;16.3;390.8
1;2018-12-28 10:00:00;353.6;71.6;19.1;3.2;29814.1;7.7;203.8;182.2;6208.2;64.3;0.2;17.9;396.6
1;2018-12-28 11:00:00;324.0;49.2;9.0;1.2;11671.3;5.7;201.4;85.0;1889.3;73.1;0.1;13.9;360.0
1;2018-12-28 12:00:00;349.0;48.3;7.7;1.2;12239.3;6.6;248.3;83.5;2638.7;67.4;0.1;14.1;335.7
1;2018-12-28 13:00:00;294.1;48.0;4.6;1.2;14882.7;5.4;278.9;47.4;1754.1;82.3;0.0;13.8;421.6
1;2018-12-28 14:00:00;315.9;42.8;10.5;1.0;15019.8;3.7;251.4;69.2;8621.7;77.1;0.4;12.7;346.9
1;2018-12-28 15:00:00;243.7;52.7;19.7;1.3;12578.1;4.1;219.4;80.5;27484.7;71.1;1.2;15.4;374.7
1;2018-12-28 16:00:00;370.8;66.8;8.4;4.2;93618.0;9.0;262.3;239.6;9720.0;70.3;15.4;16.4;548.6
1;2018-12-28 17:00:00;469.8;96.3;10.7;25.6;100097.0;17.7;229.6;377.7;5801.3;62.6;17.4;20.6;506.7
1;2018-12-28 18:00:00;548.5;98.4;28.6;58.4;77450.5;27.1;229.9;546.3;3123.5;59.8;33.7;21.5;494.9
1;2018-12-28 19:00:00;355.9;89.1;24.5;9.4;72053.4;19.8;248.9;373.3;2368.3;70.2;3.1;20.7;493.6
1;2018-12-28 20:00:00;479.5;85.6;14.5;19.0;73731.3;19.1;339.1;373.5;3831.2;48.4;11.1;19.1;749.4
1;2018-12-28 21:00:00;442.8;84.2;22.2;10.4;75739.6;17.6;219.5;471.7;2212.0;52.6;15.0;18.1;583.9
1;2018-12-28 22:00:00;392.4;80.1;8.4;3.4;53425.4;12.2;326.4;330.4;2942.0;47.9;4.9;15.7;452.1
1;2018-12-28 23:00:00;346.7;83.5;14.1;4.6;78536.4;12.1;303.3;330.5;2938.4;53.7;5.2;19.8;383.2
1;2018-12-29 00:00:00;408.0;80.6;16.4;3.5;75044.5;25.5;275.4;385.4;11167.8;58.0;30.3;21.6;525.8
1;2018-12-29 01:00:00;467.6;78.1;20.4;6.7;81515.3;29.9;800.9;486.4;5184.5;47.7;17.2;18.7;474.8
1;2018-12-29 02:00:00;319.9;86.7;25.5;3.2;72095.2;23.5;902.6;423.5;5016.9;59.1;6.4;18.9;404.8
1;2018-12-29 03:00:00;299.5;83.0;8.1;9.7;69092.2;21.7;329.7;406.8;5319.0;37.3;15.9;15.4;321.3
1;2018-12-29 04:00:00;242.2;43.2;20.4;0.8;73844.4;8.7;261.7;152.6;1429.2;36.8;1.0;10.3;521.4
1;2018-12-29 05:00:00;273.1;54.6;9.8;1.0;63199.4;8.4;272.3;145.3;3032.6;44.4;6.2;13.4;532.7
1;2018-12-29 06:00:00;260.5;65.7;17.2;1.7;39808.4;5.8;324.4;129.0;2156.2;49.2;0.7;18.4;360.4
1;2018-12-29 07:00:00;355.2;64.0;15.7;1.3;31456.3;4.1;244.5;85.1;1646.9;68.6;0.0;17.6;411.0
1;2018-12-29 08:00:00;264.8;62.8;19.2;1.4;14734.4;3.5;284.8;63.6;6454.9;71.8;0.2;18.5;776.2
1;2018-12-29 09:00:00;256.9;49.8;22.4;1.1;11992.1;3.9;251.5;68.0;1501.4;66.2;0.5;14.9;1532.9
1;2018-12-29 10:00:00;296.6;50.7;5.8;1.2;16362.9;5.3;247.5;106.0;1128.1;84.0;0.4;14.6;1301.8
1;2018-12-29 11:00:00;322.7;50.4;7.5;1.1;19542.9;6.1;321.4;146.9;1789.7;66.9;0.5;13.9;1108.0
1;2018-12-29 12:00:00;386.6;59.8;11.6;1.6;30604.6;8.6;280.0;212.6;1427.2;70.3;0.2;18.8;736.5
1;2018-12-29 13:00:00;416.5;67.9;12.5;1.9;45424.1;8.3;208.4;163.2;1547.2;71.4;0.1;19.7;331.9
1;2018-12-29 14:00:00;251.0;62.0;11.1;1.4;43954.9;6.2;221.3;123.1;1944.6;75.3;0.1;17.8;459.6
1;2018-12-29 15:00:00;301.1;53.2;6.5;1.1;25495.2;5.0;291.0;87.5;684.4;65.2;0.5;12.9;720.7
1;2018-12-29 16:00:00;322.4;65.7;7.9;2.3;67865.5;6.7;510.3;114.8;1553.3;57.9;4.2;14.9;747.6
1;2018-12-29 17:00:00;263.3;55.9;4.8;1.1;73057.7;5.7;423.9;113.4;1459.5;54.4;1.6;12.4;689.4
1;2018-12-29 18:00:00;323.2;47.4;5.1;0.8;86219.2;4.8;512.3;112.3;2192.1;40.3;2.5;9.4;783.3
1;2018-12-29 19:00:00;277.8;68.8;8.3;1.1;85262.5;9.0;460.3;201.5;1787.6;43.1;2.6;14.0;902.5
1;2018-12-29 20:00:00;310.3;54.0;7.9;0.9;70219.3;10.7;501.1;255.9;7764.1;32.4;6.8;12.9;836.4
1;2018-12-29 21:00:00;180.9;43.3;10.8;0.8;56143.9;9.4;406.6;234.4;1035.0;17.0;4.9;11.0;674.6
1;2018-12-29 22:00:00;214.8;44.9;9.9;0.8;59038.5;7.2;401.6;191.1;2009.6;17.1;3.3;11.5;690.1
1;2018-12-29 23:00:00;265.5;52.9;8.9;1.0;37428.2;7.5;432.0;200.8;1399.3;23.4;2.2;14.0;548.7
1;2018-12-30 00:00:00;341.2;59.3;8.5;1.6;31063.9;20.2;507.3;285.6;14473.2;46.6;26.9;13.9;633.5
1;2018-12-30 01:00:00;276.1;56.5;16.0;1.3;50581.6;20.3;917.0;280.8;2646.6;31.5;23.2;13.3;580.0
1;2018-12-30 02:00:00;232.1;57.8;11.8;0.9;31553.6;13.0;879.2;202.6;2145.7;40.8;9.1;12.8;641.4
1;2018-12-30 03:00:00;198.5;48.3;24.7;0.9;33056.8;11.5;397.0;184.0;1090.4;29.3;3.3;12.0;669.7
1;2018-12-30 04:00:00;252.2;52.3;13.9;0.9;57329.7;7.7;377.9;146.1;2037.2;35.4;3.1;12.4;841.6
1;2018-12-30 05:00:00;267.2;51.5;19.1;0.9;55053.4;7.2;395.2;157.6;1847.0;28.1;0.7;12.8;752.3
1;2018-12-30 06:00:00;203.1;54.1;20.5;0.9;28368.7;7.4;426.3;202.2;1733.9;22.8;0.7;13.3;593.6
1;2018-12-30 07:00:00;259.7;54.5;20.0;1.0;30107.9;5.6;406.3;92.1;961.6;41.9;0.0;13.8;643.3
1;2018-12-30 08:00:00;277.9;44.9;9.0;0.9;28344.0;5.9;405.0;122.5;16972.1;36.2;0.0;11.9;656.7
1;2018-12-30 09:00:00;131.0;33.4;8.2;0.7;25710.0;4.5;475.8;83.3;2415.7;27.2;0.0;9.2;638.4
1;2018-12-30 10:00:00;279.4;33.5;5.8;0.7;21337.2;2.9;507.4;54.3;1653.2;28.6;0.0;8.5;686.0
1;2018-12-30 11:00:00;191.4;47.9;6.7;0.9;29925.3;3.4;433.6;61.9;1539.2;42.9;0.0;11.7;662.9
1;2018-12-30 12:00:00;221.6;46.9;7.0;0.9;26277.7;3.3;444.6;54.1;1243.3;46.0;0.0;11.6;689.9
1;2018-12-30 13:00:00;139.7;33.8;4.8;0.7;22500.3;2.4;441.3;34.0;882.6;31.1;0.0;8.2;678.3
1;2018-12-30 14:00:00;225.0;41.4;11.4;0.8;24254.6;2.6;439.6;34.7;1742.4;44.1;0.0;10.3;700.7
1;2018-12-30 15:00:00;209.1;44.1;7.8;0.9;22815.8;2.5;438.0;35.9;1075.4;50.2;0.0;11.0;693.7
1;2018-12-30 16:00:00;298.2;65.4;4.8;1.1;74237.3;6.4;361.6;153.0;2210.1;37.2;0.0;11.9;820.6
1;2018-12-30 17:00:00;206.4;56.2;4.1;0.9;79143.9;6.5;522.7;139.7;2384.6;30.1;2.4;10.0;1011.9
1;2018-12-30 18:00:00;334.1;84.2;35.6;3.5;82956.6;14.5;322.6;271.0;3715.9;34.1;0.5;14.0;717.7
1;2018-12-30 19:00:00;245.7;62.9;5.5;1.3;87663.4;14.6;474.6;279.3;2050.0;31.2;4.6;11.2;795.0
1;2018-12-30 20:00:00;421.9;71.5;25.0;5.3;96517.9;20.8;403.8;467.8;7926.5;13.5;9.8;16.2;920.3
1;2018-12-30 21:00:00;240.1;72.1;14.5;1.2;72887.4;15.7;522.2;422.2;3611.1;9.6;12.1;11.8;793.7
1;2018-12-30 22:00:00;221.9;58.0;9.1;0.8;68698.8;9.0;294.3;257.9;2188.1;15.1;1.7;11.3;802.0
1;2018-12-30 23:00:00;231.6;60.2;11.2;1.0;73692.6;8.1;262.3;261.9;2064.5;16.3;2.9;13.9;735.6
1;2018-12-31 00:00:00;377.9;58.5;14.1;2.7;50585.3;19.9;314.7;258.6;16420.3;43.1;33.1;12.5;769.7
1;2018-12-31 01:00:00;370.2;61.4;24.6;1.5;37447.9;25.8;930.6;377.5;5739.3;39.1;18.7;14.9;657.2
1;2018-12-31 02:00:00;341.8;97.2;16.8;19.3;60727.3;25.2;942.4;381.8;6479.8;51.2;16.7;20.9;639.4
1;2018-12-31 03:00:00;381.5;88.3;40.8;7.5;59116.2;26.9;373.1;461.0;3799.5;41.8;5.7;19.2;644.7
1;2018-12-31 04:00:00;290.2;66.7;19.9;1.2;82233.1;16.0;5151.7;238.4;1531.3;42.3;0.0;16.2;780.7
1;2018-12-31 05:00:00;295.0;54.5;7.5;1.2;63099.9;9.3;6685.4;189.7;2510.2;45.6;2.0;15.1;737.0
1;2018-12-31 06:00:00;287.2;63.8;9.2;1.2;34902.5;6.0;258.1;162.2;1810.7;48.9;0.0;15.9;718.8
1;2018-12-31 07:00:00;290.1;59.7;7.3;1.2;23151.7;5.3;301.4;111.8;1843.4;54.5;1.6;15.6;700.9
1;2018-12-31 08:00:00;321.8;65.7;7.7;2.2;31841.9;8.9;345.0;169.2;18564.8;51.7;2.5;15.8;489.5
1;2018-12-31 09:00:00;255.0;28.9;6.0;0.8;21817.0;4.3;273.7;74.2;17024.3;32.7;0.0;9.3;205.7
1;2018-12-31 10:00:00;198.8;47.8;6.1;0.9;35541.0;5.8;260.2;142.9;1971.4;40.9;2.0;12.4;383.4
1;2018-12-31 11:00:00;238.7;31.0;5.9;0.7;36386.3;4.6;353.8;98.4;1634.9;26.8;0.8;8.3;165.7
1;2018-12-31 12:00:00;175.9;24.3;6.6;0.7;15472.4;3.9;282.4;79.1;1547.8;19.1;0.5;7.5;162.2
1;2018-12-31 13:00:00;114.7;20.6;6.5;0.6;11976.8;3.7;297.7;65.6;1340.5;16.3;0.9;6.4;131.2
1;2018-12-31 14:00:00;85.3;9.7;1.6;0.3;20460.0;2.4;265.1;32.6;1519.8;9.3;0.1;3.1;101.7
1;2018-12-31 15:00:00;78.6;15.6;3.7;0.4;13007.7;4.4;300.4;69.3;2109.5;12.1;0.0;4.3;155.3
1;2018-12-31 16:00:00;112.7;27.3;3.4;0.5;62912.4;5.9;333.4;115.0;2811.6;13.6;3.5;5.6;315.4
1;2018-12-31 17:00:00;134.6;22.2;3.2;0.4;59708.5;5.7;540.5;94.3;3140.0;8.8;2.8;4.3;261.8
1;2018-12-31 18:00:00;258.6;54.4;14.1;0.8;68531.2;13.5;513.3;231.0;7180.4;7.0;5.6;7.7;571.6
1;2018-12-31 19:00:00;98.8;31.4;3.4;0.4;74647.2;7.1;472.4;125.9;1932.2;7.5;3.4;5.2;549.3
1;2018-12-31 20:00:00;431.2;51.8;18.7;1.1;73602.2;14.3;259.8;403.7;2715.5;9.8;5.4;15.5;412.7
1;2018-12-31 21:00:00;209.3;60.7;23.8;1.0;44713.3;14.2;242.1;368.4;2947.3;5.3;1.8;15.1;287.7
1;2018-12-31 22:00:00;192.5;56.4;17.0;1.1;40714.5;9.7;256.6;272.3;1554.2;17.2;0.5;15.8;208.6
1;2018-12-31 23:00:00;206.4;47.8;19.1;1.2;22685.4;7.2;248.4;228.2;1689.8;19.5;0.4;16.6;133.7
1;2019-01-01 00:00:00;314.4;62.6;13.7;3.7;47586.0;20.6;301.9;319.0;12716.6;40.3;30.1;15.1;320.5
1;2019-01-01 01:00:00;351.3;63.3;13.7;1.5;74477.8;19.2;857.3;302.8;6926.7;24.2;18.3;14.0;389.3
1;2019-01-01 02:00:00;277.2;84.3;20.7;2.1;68187.6;20.3;835.3;368.0;7152.9;30.8;3.4;15.9;325.1
1;2019-01-01 03:00:00;285.8;71.3;47.9;2.3;61994.8;19.8;363.5;373.9;4173.9;22.1;7.7;12.6;170.3
1;2019-01-01 04:00:00;209.1;49.0;6.8;0.8;91506.3;12.0;258.6;179.2;2367.6;20.3;4.7;10.4;744.0
1;2019-01-01 05:00:00;134.3;33.0;5.1;0.7;27684.8;4.7;314.8;97.5;2077.6;26.0;1.3;7.7;225.2
1;2019-01-01 06:00:00;218.2;53.9;10.2;1.0;51146.3;7.0;261.5;176.7;2120.3;26.5;0.3;13.9;470.7
1;2019-01-01 07:00:00;171.2;38.8;5.6;0.9;38140.3;2.8;244.1;43.9;707.3;38.1;0.0;10.4;409.0
1;2019-01-01 08:00:00;115.1;20.4;3.4;0.5;14312.3;3.7;320.7;51.1;17742.1;18.1;0.2;6.3;135.0
1;2019-01-01 09:00:00;100.2;19.6;2.9;0.5;12460.7;1.9;300.1;27.5;969.2;38.1;0.1;5.9;205.5
1;2019-01-01 10:00:00;104.8;25.1;3.4;0.5;15613.3;3.4;253.1;53.9;1246.6;34.4;0.2;5.7;271.3
1;2019-01-01 11:00:00;101.3;15.7;3.2;0.4;15274.5;3.4;268.9;54.2;2175.7;12.0;0.0;4.6;320.1
1;2019-01-01 12:00:00;82.9;10.8;1.5;0.3;14773.6;2.7;270.4;47.8;1227.3;16.7;0.2;3.1;97.7
1;2019-01-01 13:00:00;54.8;10.7;1.7;0.3;15708.3;3.2;281.4;52.2;1569.3;5.2;0.1;3.0;118.9
1;2019-01-01 14:00:00;63.6;10.3;1.3;0.2;13947.7;2.9;278.4;51.5;1339.9;4.4;0.1;2.5;181.1
1;2019-01-01 15:00:00;63.1;10.3;1.3;0.3;10893.6;3.3;332.6;49.6;2557.4;4.0;0.1;2.7;96.7
1;2019-01-01 16:00:00;145.1;27.3;2.9;0.4;74049.2;6.9;327.8;144.8;3299.6;7.5;7.5;4.7;306.4
1;2019-01-01 17:00:00;117.8;27.8;2.4;0.4;64456.3;6.1;252.6;128.0;1880.8;3.9;2.3;4.4;441.7
1;2019-01-01 18:00:00;262.1;61.3;9.1;0.7;69561.1;13.4;312.2;243.1;6880.2;4.7;7.3;6.7;403.8
1;2019-01-01 19:00:00;113.9;27.4;1.5;0.4;73790.6;5.9;265.9;119.1;2305.7;4.4;4.5;4.6;521.4
1;2019-01-01 20:00:00;340.6;41.0;12.9;0.8;42510.4;14.7;246.4;384.7;2895.3;6.6;0.8;10.5;311.7
1;2019-01-01 21:00:00;149.3;52.9;14.5;0.8;56485.4;13.5;250.2;336.0;2212.0;6.4;0.4;11.9;318.4
1;2019-01-01 22:00:00;140.5;42.3;14.7;0.8;27105.0;9.6;252.7;266.1;1731.7;7.2;0.3;10.6;198.7
1;2019-01-01 23:00:00;139.1;41.7;18.0;1.1;22591.4;8.3;250.7;254.8;1875.3;16.9;0.2;15.0;125.5
1;2019-01-02 00:00:00;119.6;34.8;14.6;0.9;15918.2;6.4;248.6;168.2;1035.3;34.9;0.1;12.0;156.1
1;2019-01-02 01:00:00;230.7;37.7;10.9;0.9;33110.5;12.0;922.8;221.3;7609.7;18.9;3.8;10.1;156.1
1;2019-01-02 02:00:00;221.3;62.0;17.4;0.8;40229.4;19.0;818.6;341.7;8136.7;23.2;3.3;10.4;171.1
1;2019-01-02 03:00:00;252.5;44.5;10.1;0.9;47728.7;18.6;312.7;324.1;4826.5;11.0;9.1;6.8;174.7
1;2019-01-02 04:00:00;116.1;24.1;4.4;0.4;72745.9;5.8;296.3;116.5;2782.2;16.6;0.3;5.3;474.4
1;2019-01-02 05:00:00;179.4;25.0;4.7;0.4;63186.4;6.2;326.2;153.4;1808.9;18.2;1.3;4.9;284.5
1;2019-01-02 06:00:00;192.8;25.6;4.7;0.6;14416.5;4.9;282.5;113.1;2408.9;35.1;0.1;6.8;218.4
1;2019-01-02 07:00:00;235.7;43.4;5.1;0.8;12126.3;4.9;331.9;78.8;7866.7;53.8;0.5;10.9;301.6
1;2019-01-02 08:00:00;89.6;11.6;2.6;0.3;30684.9;3.3;287.0;34.8;15314.0;13.9;0.3;3.3;128.3
1;2019-01-02 09:00:00;67.0;12.2;2.3;0.3;16954.6;3.7;271.5;68.4;2494.6;31.9;0.1;3.7;241.7
1;2019-01-02 10:00:00;86.4;12.7;2.7;0.3;14766.0;3.6;260.9;68.8;1227.2;12.3;0.4;3.5;195.0
1;2019-01-02 11:00:00;162.3;11.6;6.3;0.3;11797.3;3.9;318.7;76.0;1597.9;12.1;0.0;3.0;98.1
1;2019-01-02 12:00:00;83.4;9.9;1.9;0.3;15590.8;3.5;251.8;46.9;1618.5;12.4;0.0;2.8;113.3
1;2019-01-02 13:00:00;117.8;11.9;1.6;0.3;16511.4;3.1;308.1;50.7;1582.6;13.4;0.1;2.8;152.6
1;2019-01-02 14:00:00;59.1;8.0;1.8;0.2;11609.0;2.4;294.6;34.7;1539.4;9.2;0.2;2.3;76.0
1;2019-01-02 15:00:00;59.6;7.5;0.9;0.2;15441.5;2.0;259.5;28.4;1278.1;8.2;0.2;2.0;80.0
1;2019-01-02 16:00:00;94.2;22.4;2.6;0.4;71954.5;11.8;288.8;337.1;2495.9;62.8;1.2;4.3;451.9
1;2019-01-02 17:00:00;84.4;21.6;1.9;0.3;53127.7;5.2;540.0;121.8;1733.8;10.1;1.2;3.8;301.2
1;2019-01-02 18:00:00;268.8;59.0;6.5;0.8;61432.2;12.8;512.5;235.9;7714.1;9.1;8.1;7.4;606.7
1;2019-01-02 19:00:00;87.9;21.5;2.1;0.3;64345.2;5.3;408.9;124.0;2436.0;10.4;1.2;3.7;451.1
1;2019-01-02 20:00:00;241.1;41.0;7.3;0.6;75331.0;11.8;364.9;294.3;3925.2;9.4;5.3;8.9;541.9
1;2019-01-02 21:00:00;206.6;42.6;8.9;0.6;33674.7;9.9;306.5;261.3;2295.7;7.4;2.6;7.9;325.7
1;2019-01-02 22:00:00;197.0;40.6;6.5;0.6;21363.6;8.2;340.7;219.2;2133.3;28.7;2.2;8.1;215.4
1;2019-01-02 23:00:00;222.6;31.1;8.0;0.8;25784.2;4.9;292.1;137.8;1713.4;42.2;1.2;10.3;250.2
1;2019-01-03 00:00:00;247.1;33.9;7.7;0.7;63574.0;16.8;294.4;224.5;15168.3;55.0;27.6;9.0;413.2
1;2019-01-03 01:00:00;229.5;45.8;7.4;0.7;66925.0;20.3;943.2;277.8;6185.6;23.5;20.6;9.3;194.3
1;2019-01-03 02:00:00;254.2;73.2;11.6;1.7;68189.2;19.7;760.8;337.5;7525.4;36.6;9.3;12.1;325.1
1;2019-01-03 03:00:00;256.8;68.0;15.4;3.8;69107.8;20.4;346.5;360.0;5108.0;24.4;9.7;11.0;427.1
1;2019-01-03 04:00:00;154.3;40.0;4.2;0.7;75055.1;9.4;205.7;169.7;1135.0;28.3;5.5;8.6;709.5
1;2019-01-03 05:00:00;199.8;33.1;5.9;0.6;37128.1;7.1;287.5;138.3;1087.9;24.3;1.1;6.9;271.7
1;2019-01-03 06:00:00;166.3;27.5;5.2;0.6;12618.8;4.0;350.0;102.8;1896.4;47.6;0.1;7.3;324.4
1;2019-01-03 07:00:00;134.6;15.5;2.7;0.5;16719.1;2.8;275.1;31.4;491.5;36.7;0.0;5.3;193.8
1;2019-01-03 08:00:00;231.0;19.8;4.6;0.5;13662.4;4.8;320.8;73.6;1395.9;26.8;0.2;5.8;201.3
1;2019-01-03 09:00:00;138.8;12.5;2.2;0.3;13372.7;2.4;276.8;43.2;36445.2;29.3;0.4;3.3;129.7
1;2019-01-03 10:00:00;70.3;8.7;2.3;0.3;11196.9;2.2;246.3;25.8;1463.0;10.3;0.0;2.7;134.6
1;2019-01-03 11:00:00;197.0;10.5;7.4;0.3;15962.8;3.7;324.2;68.0;1746.1;10.2;0.1;3.3;5296.8
1;2019-01-03 12:00:00;229.0;21.5;3.5;0.5;31042.4;5.6;275.8;90.7;2374.4;16.9;0.4;5.6;649.4
1;2019-01-03 13:00:00;162.0;24.1;3.5;0.5;22679.6;5.1;334.3;82.3;1726.9;26.4;0.2;6.1;1032.9
1;2019-01-03 14:00:00;195.1;23.6;6.2;0.6;31941.9;6.7;249.4;111.5;1772.9;29.0;0.0;6.7;337.9
1;2019-01-03 15:00:00;107.6;21.0;4.0;0.4;43281.9;5.8;251.9;97.9;2251.9;19.0;0.1;5.2;277.7
1;2019-01-03 16:00:00;129.9;33.1;3.1;0.5;74683.2;15.1;269.4;416.4;1755.9;75.1;1.1;6.3;622.1
1;2019-01-03 17:00:00;135.6;25.8;2.7;0.5;47298.2;7.7;232.8;177.2;1318.9;40.7;0.2;5.7;493.9
1;2019-01-03 18:00:00;262.5;59.7;9.7;1.1;53980.2;14.3;306.8;270.3;6667.5;13.0;8.4;7.5;402.5
1;2019-01-03 19:00:00;170.6;20.1;3.3;0.3;42739.1;6.2;296.2;121.6;2049.5;14.0;0.3;4.2;236.0
1;2019-01-03 20:00:00;269.3;38.8;8.0;0.6;45350.5;12.6;303.5;287.9;3341.5;13.9;0.6;8.9;449.3
1;2019-01-03 21:00:00;267.0;48.7;9.5;0.6;71207.6;13.9;312.6;322.7;3353.9;9.7;2.4;8.2;487.5
1;2019-01-03 22:00:00;190.8;42.8;8.8;0.6;48764.2;9.4;344.6;227.8;2474.5;12.6;1.0;7.5;385.1
1;2019-01-03 23:00:00;121.1;18.8;5.3;0.4;16854.9;5.5;350.5;127.0;1789.9;20.7;1.0;5.1;143.2
1;2019-01-04 00:00:00;316.8;56.0;19.9;2.6;76908.1;22.5;297.7;316.7;9729.7;41.6;33.5;11.3;440.4
1;2019-01-04 01:00:00;289.1;55.8;7.5;0.8;94338.7;21.1;872.3;340.3;3232.9;25.4;22.2;10.6;434.0
1;2019-01-04 02:00:00;309.2;68.1;25.1;2.1;73451.5;24.5;860.4;438.0;8752.9;31.4;12.1;11.8;423.4
1;2019-01-04 03:00:00;346.8;65.5;27.5;5.4;71069.8;20.8;357.0;422.6;5767.8;17.7;14.6;10.5;320.9
1;2019-01-04 04:00:00;183.4;33.7;6.1;0.6;79618.2;7.3;274.7;126.6;1194.8;12.4;3.0;6.9;725.1
1;2019-01-04 05:00:00;267.4;39.7;17.0;0.7;53315.6;7.2;236.7;139.6;1185.3;19.4;1.9;8.6;359.1
1;2019-01-04 06:00:00;286.5;37.3;12.6;0.7;38546.7;6.2;312.2;134.2;1999.0;22.0;0.1;8.8;248.8
1;2019-01-04 07:00:00;187.5;27.0;4.3;0.6;13135.4;3.3;315.9;37.6;1661.6;50.6;0.3;7.4;257.9
1;2019-01-04 08:00:00;225.9;24.2;5.4;0.5;14294.3;7.6;328.6;116.6;7190.6;22.9;0.2;6.3;239.5
1;2019-01-04 09:00:00;99.6;16.0;2.6;0.4;25344.2;2.7;329.5;51.5;1949.1;28.8;0.4;4.6;147.9
1;2019-01-04 10:00:00;292.8;30.1;3.5;0.6;17347.6;4.3;309.8;97.8;6499.6;25.3;0.0;6.7;185.1
1;2019-01-04 11:00:00;206.7;14.3;3.6;0.4;16827.2;2.7;279.9;41.5;1917.8;24.1;0.0;4.4;186.5
1;2019-01-04 12:00:00;192.6;34.8;12.5;0.8;37924.8;6.2;312.6;149.4;1672.6;25.3;0.0;11.1;173.8
1;2019-01-04 13:00:00;183.0;27.3;11.0;0.8;42890.2;4.6;265.2;111.4;1796.7;20.9;0.1;9.1;167.3
1;2019-01-04 14:00:00;107.3;15.4;3.3;0.4;17845.6;2.6;252.7;40.6;1824.2;18.9;0.3;4.5;151.0
1;2019-01-04 15:00:00;122.7;16.2;3.6;0.4;10847.1;3.7;363.3;48.1;1942.9;15.8;0.5;4.5;167.5
1;2019-01-04 16:00:00;160.2;33.6;3.8;0.5;73980.0;8.6;342.7;188.7;2889.6;19.1;13.8;6.4;393.8
1;2019-01-04 17:00:00;312.6;30.2;2.5;0.5;66594.5;6.9;268.1;140.2;2081.2;12.0;4.4;5.6;370.0
1;2019-01-04 18:00:00;139.9;32.9;4.6;0.5;63071.1;6.0;329.9;120.0;2626.5;10.6;2.8;5.8;340.5
1;2019-01-04 19:00:00;149.6;33.9;4.4;0.5;73841.8;8.1;263.4;164.8;2091.5;11.1;3.1;6.1;659.1
1;2019-01-04 20:00:00;208.7;39.0;19.3;0.9;70205.4;11.5;264.6;297.3;1910.4;10.7;10.2;12.6;144.7
1;2019-01-04 21:00:00;169.0;30.0;19.8;0.9;18441.3;7.0;319.2;162.5;2211.1;9.1;1.9;11.6;85.6
1;2019-01-04 22:00:00;172.1;30.4;18.0;0.9;17822.1;7.5;248.3;170.0;1666.1;8.6;2.0;11.2;107.3
1;2019-01-04 23:00:00;295.2;30.7;14.3;0.8;15837.0;6.1;274.7;177.4;1526.9;18.8;0.0;10.7;143.6
1;2019-01-05 00:00:00;288.8;53.4;9.9;2.1;75359.7;21.2;285.4;298.2;11970.3;41.5;33.8;11.1;420.5
1;2019-01-05 01:00:00;230.0;51.2;10.9;1.1;73717.8;17.3;880.7;270.0;2249.9;24.7;23.3;10.4;477.0
1;2019-01-05 02:00:00;204.9;50.9;8.9;0.8;72905.5;13.7;590.2;225.9;1939.7;26.8;16.7;10.2;421.2
1;2019-01-05 03:00:00;224.9;38.0;19.0;0.6;74495.7;7.4;311.9;178.7;1776.3;14.3;3.9;8.1;328.7
1;2019-01-05 04:00:00;199.6;41.3;13.7;0.8;73148.2;6.5;5843.3;125.6;1900.3;14.8;2.8;10.1;423.7
1;2019-01-05 05:00:00;174.8;41.9;18.1;0.8;68261.4;4.7;7881.6;105.8;2039.6;25.7;3.7;9.9;513.5
1;2019-01-05 06:00:00;271.6;50.2;6.1;0.8;42854.2;5.3;266.3;147.9;1505.6;39.1;1.0;10.8;484.1
1;2019-01-05 07:00:00;201.2;44.9;7.4;0.8;26179.4;3.9;301.3;82.2;7932.3;35.8;0.1;10.8;255.4
1;2019-01-05 08:00:00;200.9;27.3;5.7;0.7;16085.2;3.0;262.8;36.1;18114.2;31.2;0.3;7.9;217.5
1;2019-01-05 09:00:00;130.6;22.3;6.1;0.6;10905.8;3.4;269.1;56.9;1439.6;23.8;0.1;6.6;196.5
1;2019-01-05 10:00:00;139.1;22.6;2.9;0.5;32891.2;4.6;268.9;99.0;1620.6;20.6;0.1;5.4;274.2
1;2019-01-05 11:00:00;191.1;18.5;3.2;0.4;31740.0;4.4;293.0;83.9;2322.0;18.2;0.0;4.8;173.8
1;2019-01-05 12:00:00;201.5;16.1;4.1;0.4;29883.6;3.8;317.9;67.9;1751.2;18.1;0.0;4.4;1919.7
1;2019-01-05 13:00:00;133.8;16.9;2.7;0.4;48590.1;4.8;316.2;108.1;1136.6;14.6;0.5;4.1;282.1
1;2019-01-05 14:00:00;102.9;15.4;3.7;0.4;43831.6;4.9;359.0;110.2;1870.1;14.5;0.0;4.0;371.6
1;2019-01-05 15:00:00;88.6;14.5;2.0;0.3;31226.6;3.7;308.5;75.0;2251.2;13.5;0.5;3.6;155.9
1;2019-01-05 16:00:00;108.0;27.2;4.0;0.4;80663.9;5.4;320.9;129.3;1366.2;15.0;2.8;4.7;2084.1
1;2019-01-05 17:00:00;276.9;28.5;2.7;0.4;74148.4;7.0;322.0;161.3;1127.0;9.2;5.3;4.7;448.8
1;2019-01-05 18:00:00;128.6;30.1;4.3;0.5;76486.7;6.1;345.0;144.7;1737.1;10.4;4.9;5.2;584.8
1;2019-01-05 19:00:00;190.5;32.2;2.2;0.5;73656.9;7.5;295.8;191.0;1904.5;14.5;12.4;6.1;661.8
1;2019-01-05 20:00:00;337.1;36.2;8.8;0.6;71448.7;12.3;319.2;318.5;7089.9;10.1;16.2;9.1;403.9
1;2019-01-05 21:00:00;259.9;38.8;13.3;0.8;53660.6;7.9;262.0;196.0;1572.7;11.9;1.3;11.1;403.8
1;2019-01-05 22:00:00;154.8;39.8;10.3;0.8;55191.8;7.5;269.6;195.5;1389.6;14.6;4.1;9.7;201.2
1;2019-01-05 23:00:00;189.9;46.8;11.7;1.1;34338.4;7.0;253.1;208.8;1610.4;21.6;0.6;15.3;247.5
1;2019-01-06 00:00:00;412.1;58.6;12.8;2.7;83370.3;23.8;303.1;372.2;5855.7;44.4;22.3;12.2;414.4
1;2019-01-06 01:00:00;314.6;67.9;6.1;1.4;76533.0;16.6;869.3;335.5;3003.3;41.3;22.1;13.4;545.6
1;2019-01-06 02:00:00;367.7;90.1;15.5;12.7;75768.4;24.6;877.3;503.8;5758.2;25.4;17.3;17.6;507.0
1;2019-01-06 03:00:00;369.4;89.4;20.4;14.8;74215.6;20.3;293.3;481.5;5232.0;14.9;24.3;17.4;324.3
1;2019-01-06 04:00:00;288.1;41.7;40.3;0.9;75359.2;10.0;247.1;226.0;1379.7;21.1;8.3;11.4;178.9
1;2019-01-06 05:00:00;177.9;36.5;10.0;0.8;73975.6;5.7;331.7;138.6;1845.2;25.3;1.7;10.1;364.7
1;2019-01-06 06:00:00;289.4;56.7;11.3;1.1;70709.8;6.8;252.2;201.9;1761.4;39.0;0.1;13.9;334.0
1;2019-01-06 07:00:00;313.1;37.8;7.7;0.9;62377.6;8.1;288.0;182.2;8913.5;36.5;0.0;10.2;456.6
1;2019-01-06 08:00:00;262.1;45.0;15.1;0.9;43318.7;6.6;262.5;137.6;24201.4;35.5;0.0;12.0;446.4
1;2019-01-06 09:00:00;172.9;29.8;11.4;0.8;15636.7;4.1;245.4;96.6;17911.6;52.2;0.0;9.0;203.7
1;2019-01-06 10:00:00;168.3;24.4;8.7;0.7;12300.9;3.3;316.0;71.9;2261.6;27.3;0.0;7.6;213.8
1;2019-01-06 11:00:00;158.3;17.0;3.4;0.5;14067.2;2.8;301.8;39.4;2781.6;35.8;0.0;4.7;160.7
1;2019-01-06 12:00:00;206.9;31.5;4.0;0.6;56781.1;3.0;273.1;79.8;1535.1;44.0;0.0;7.1;376.5
1;2019-01-06 13:00:00;154.2;24.0;3.1;0.6;16266.1;4.1;269.7;73.5;1319.3;41.2;0.0;6.6;279.2
1;2019-01-06 14:00:00;91.6;15.2;2.3;0.4;10235.9;3.0;300.2;45.6;1965.5;29.9;0.0;4.0;192.2
1;2019-01-06 15:00:00;81.9;12.8;2.6;0.3;13996.7;3.1;277.9;49.6;1460.6;11.8;0.0;3.4;143.5
1;2019-01-06 16:00:00;125.9;30.9;3.5;0.5;83719.8;4.7;241.3;104.2;3029.9;14.9;0.0;5.3;479.7
1;2019-01-06 17:00:00;124.3;30.5;2.8;0.4;70864.3;5.4;572.0;116.7;2194.7;9.2;0.2;5.3;435.3
1;2019-01-06 18:00:00;270.1;48.7;26.2;0.7;51618.0;12.7;522.7;232.2;5678.8;17.3;1.9;8.1;516.3
1;2019-01-06 19:00:00;86.8;21.5;3.7;0.4;75133.9;5.0;606.4;102.1;2591.1;14.8;0.3;4.4;411.7
1;2019-01-06 20:00:00;285.3;46.4;12.9;0.8;56314.4;14.8;290.1;402.9;2908.7;12.4;8.0;11.6;366.4
1;2019-01-06 21:00:00;185.8;56.0;17.5;1.0;58840.1;10.7;276.0;291.1;2082.6;7.5;1.3;14.4;307.8
1;2019-01-06 22:00:00;171.1;50.8;18.0;1.0;36108.8;8.7;244.0;243.9;1119.7;14.5;1.1;13.1;447.1
1;2019-01-06 23:00:00;273.6;47.2;21.5;1.2;29398.5;8.2;246.2;228.3;1779.9;14.8;0.2;15.8;437.0
1;2019-01-07 00:00:00;307.9;53.5;13.8;2.3;23046.5;18.8;244.4;277.1;13721.9;38.3;33.1;14.0;510.8
1;2019-01-07 01:00:00;279.2;61.3;15.3;1.2;36922.4;17.7;826.5;266.1;3215.3;38.3;19.1;14.7;529.3
1;2019-01-07 02:00:00;331.1;82.8;22.7;2.9;63817.2;23.7;809.1;377.7;8265.0;32.6;4.1;15.2;460.3
1;2019-01-07 03:00:00;305.3;74.0;30.3;6.0;57073.9;21.9;302.4;384.1;7449.0;18.0;14.0;12.9;464.4
1;2019-01-07 04:00:00;183.7;40.7;22.4;0.9;58549.6;7.5;232.7;85.4;881.3;19.9;0.0;10.8;706.9
1;2019-01-07 05:00:00;229.8;44.4;8.1;0.7;74080.3;5.0;258.1;75.3;1573.0;22.2;1.5;8.9;775.1
1;2019-01-07 06:00:00;274.0;66.5;8.7;1.6;62396.2;6.2;247.6;175.3;1220.3;26.1;5.1;12.6;704.9
1;2019-01-07 07:00:00;229.5;49.0;7.3;0.8;54385.2;4.8;257.0;100.4;1144.8;50.3;1.8;10.4;584.0
1;2019-01-07 08:00:00;166.7;38.7;8.5;0.8;46189.9;2.9;361.6;53.1;1741.9;49.5;0.2;9.2;757.3
1;2019-01-07 09:00:00;169.0;31.0;5.6;0.5;47001.0;3.3;255.3;62.4;18349.8;16.5;0.1;5.8;845.2
1;2019-01-07 10:00:00;178.3;33.7;4.6;0.6;27221.7;5.0;293.0;91.3;1363.1;26.5;0.9;7.0;549.2
1;2019-01-07 11:00:00;119.4;24.2;1.8;0.5;20254.1;3.0;326.2;47.3;1006.0;18.6;0.1;5.3;535.1
1;2019-01-07 12:00:00;133.0;18.9;6.0;0.4;22415.2;3.0;266.7;47.3;2285.7;14.2;0.1;4.2;632.1
1;2019-01-07 13:00:00;156.6;15.3;1.2;0.3;27013.4;2.2;296.8;25.5;670.4;10.0;0.3;3.2;533.4
1;2019-01-07 14:00:00;104.4;17.2;1.7;0.3;23656.6;3.0;275.0;42.1;1720.9;8.8;0.3;3.4;545.2
1;2019-01-07 15:00:00;141.3;17.1;1.9;0.3;20724.7;3.2;320.5;34.4;1585.4;9.8;0.0;3.3;528.4
1;2019-01-07 16:00:00;183.3;36.5;3.9;0.5;74374.8;9.5;342.6;207.3;2673.2;9.5;16.5;5.5;708.9
1;2019-01-07 17:00:00;245.9;38.9;3.7;0.5;70680.6;7.1;557.8;138.8;1856.7;8.8;6.4;6.1;912.5
1;2019-01-07 18:00:00;298.6;69.5;18.8;5.3;69625.2;13.9;486.0;260.6;4646.9;9.7;11.4;9.8;640.8
1;2019-01-07 19:00:00;107.4;33.9;5.9;0.5;61724.6;6.4;377.4;119.3;2082.4;10.3;1.0;5.4;530.4
1;2019-01-07 20:00:00;350.6;52.3;12.9;1.0;74202.8;14.5;8560.8;359.0;2951.3;11.1;4.0;12.9;810.7
1;2019-01-07 21:00:00;203.8;66.8;17.6;1.1;44493.4;14.2;15505.0;373.7;2469.5;7.7;2.2;16.0;494.5
1;2019-01-07 22:00:00;247.7;57.8;15.6;1.0;50346.0;11.4;12753.7;279.2;2282.3;10.2;0.8;13.5;493.5
1;2019-01-07 23:00:00;403.5;56.2;19.3;1.2;37623.2;9.5;14797.1;244.0;1644.3;19.3;1.3;17.5;467.4
1;2019-01-08 00:00:00;274.3;62.9;17.4;1.4;60877.9;18.8;13746.6;281.6;11865.7;31.5;19.4;15.4;538.3
1;2019-01-08 01:00:00;262.8;66.3;17.0;1.3;64765.7;17.3;13328.0;282.7;2027.5;31.5;17.7;14.3;687.6
1;2019-01-08 02:00:00;343.4;82.1;35.7;4.0;73980.6;21.8;13449.9;379.1;7012.9;28.4;15.9;14.5;659.9
1;2019-01-08 03:00:00;341.0;79.0;33.3;9.9;85810.9;21.3;14366.3;420.6;6122.2;12.7;18.3;13.0;574.9
1;2019-01-08 04:00:00;260.8;48.3;11.2;0.9;88974.0;9.1;14581.2;161.9;1764.3;14.4;3.3;11.1;788.3
1;2019-01-08 05:00:00;219.0;47.1;10.5;0.7;73534.0;5.6;16041.8;105.1;1426.6;19.7;2.2;8.9;757.0
1;2019-01-08 06:00:00;226.2;57.7;8.4;0.9;73623.7;5.4;13919.8;143.9;2182.0;40.4;0.2;11.3;637.8
1;2019-01-08 07:00:00;264.9;44.2;7.5;0.9;18888.5;4.9;13512.3;79.3;2144.7;33.7;1.8;10.9;578.4
1;2019-01-08 08:00:00;231.4;36.4;6.8;0.7;22782.7;6.4;15480.0;84.6;6204.7;28.8;1.0;8.5;560.5
1;2019-01-08 09:00:00;220.3;31.5;7.3;0.7;24505.5;4.1;15842.8;56.9;1646.6;31.4;0.3;8.0;661.3
1;2019-01-08 10:00:00;332.6;38.6;6.1;0.8;22656.9;4.5;15835.2;104.6;1956.4;34.3;0.4;8.9;646.6
1;2019-01-08 11:00:00;212.6;40.8;7.2;0.8;48625.8;5.4;15678.3;99.1;1101.6;31.5;0.5;9.2;629.1
1;2019-01-08 12:00:00;249.6;33.6;3.5;0.7;32852.3;5.2;16955.6;99.9;1679.8;36.9;0.0;8.0;608.8
1;2019-01-08 13:00:00;256.2;27.5;3.9;0.7;23996.3;4.8;19711.9;85.9;1571.3;36.2;0.0;7.3;304.6
1;2019-01-08 14:00:00;189.2;17.5;3.4;0.4;11815.2;3.2;255.7;48.7;1661.1;25.4;0.2;4.8;178.5
1;2019-01-08 15:00:00;156.4;18.5;2.8;0.5;11073.7;3.4;274.3;58.7;2055.4;22.6;0.3;4.9;183.5
1;2019-01-08 16:00:00;135.3;29.6;3.4;0.5;74016.2;5.1;267.1;97.4;2737.5;20.1;1.1;5.7;505.4
1;2019-01-08 17:00:00;140.6;35.4;4.0;0.6;69101.8;5.7;276.8;113.0;1781.3;20.4;3.3;6.9;634.5
1;2019-01-08 18:00:00;271.1;71.1;13.9;2.1;71688.5;12.6;366.9;238.9;6255.6;17.1;9.2;9.7;307.1
1;2019-01-08 19:00:00;96.0;22.1;3.6;0.4;47421.0;4.8;293.0;95.2;1569.4;17.4;0.3;4.8;231.2
1;2019-01-08 20:00:00;420.1;53.9;21.3;1.2;67631.3;15.3;289.2;418.5;2983.1;14.2;3.8;15.6;391.6
1;2019-01-08 21:00:00;291.8;63.4;22.6;1.1;39542.0;13.4;294.8;328.0;2471.7;11.3;0.9;15.7;301.3
1;2019-01-08 22:00:00;216.4;53.9;17.5;1.0;34344.6;11.0;238.0;283.3;2223.4;11.3;1.3;13.5;277.8
1;2019-01-08 23:00:00;272.5;53.7;20.3;1.2;22716.2;10.6;272.9;289.3;2056.2;18.9;5.2;17.1;164.6
1;2019-01-09 00:00:00;270.2;38.8;15.1;1.0;15810.4;17.3;290.3;202.1;16050.5;48.5;27.6;12.7;231.7
1;2019-01-09 01:00:00;324.5;51.6;15.0;1.0;28970.3;17.9;908.1;242.4;3002.1;40.7;16.9;12.3;278.3
1;2019-01-09 02:00:00;280.6;66.1;15.1;1.0;35242.1;17.3;787.5;276.6;6782.4;28.3;7.9;13.3;170.0
1;2019-01-09 03:00:00;317.6;64.3;20.8;5.8;39537.9;17.6;265.2;357.1;6081.0;16.1;17.4;12.3;171.4
1;2019-01-09 04:00:00;245.1;27.7;17.3;0.7;42062.0;5.7;6705.5;53.9;789.6;19.3;0.0;7.9;436.8
1;2019-01-09 05:00:00;259.4;23.8;6.2;0.6;15414.4;4.0;7067.1;56.4;1366.7;26.7;0.1;7.4;171.1
1;2019-01-09 06:00:00;253.6;34.5;8.1;0.7;15602.8;4.6;275.1;105.3;2563.2;46.3;0.0;9.1;244.0
1;2019-01-09 07:00:00;246.9;33.0;7.1;0.8;11237.5;4.0;300.2;56.7;6656.7;54.6;0.0;9.6;290.8
1;2019-01-09 08:00:00;339.4;38.0;7.6;0.9;14740.5;5.0;275.4;70.2;6185.2;56.9;0.1;10.9;318.7
1;2019-01-09 09:00:00;311.8;32.8;9.9;0.8;14929.0;2.2;246.9;39.9;368.9;58.6;0.0;10.1;281.2
1;2019-01-09 10:00:00;331.5;37.6;8.5;0.9;14862.4;3.4;384.3;53.9;2274.0;58.7;0.0;11.1;321.6
1;2019-01-09 11:00:00;338.4;31.1;14.9;0.8;19153.1;2.6;257.6;44.9;6011.4;59.7;0.0;9.3;566.4
1;2019-01-09 12:00:00;292.6;31.8;21.8;0.8;11987.1;3.6;324.9;71.6;1685.1;55.5;0.0;9.7;250.9
1;2019-01-09 13:00:00;228.7;32.7;13.1;0.8;11269.0;3.6;301.7;60.3;1827.7;53.8;0.2;9.6;258.9
1;2019-01-09 14:00:00;272.1;36.9;18.6;0.9;15532.1;4.4;322.1;83.2;2127.2;64.3;0.0;10.7;306.1
1;2019-01-09 15:00:00;202.9;45.3;6.5;1.0;14947.0;5.7;253.2;123.6;2089.7;69.3;0.1;12.6;343.7
1;2019-01-09 16:00:00;177.9;57.6;9.7;1.0;74893.0;6.3;222.8;120.0;1075.5;70.3;0.6;13.3;522.4
1;2019-01-09 17:00:00;513.7;97.5;10.1;24.2;77530.3;23.7;275.4;511.3;7601.4;67.9;9.8;20.7;454.7
1;2019-01-09 18:00:00;541.1;91.8;25.9;37.0;67601.0;27.9;240.1;557.5;3898.9;66.1;37.7;19.1;476.9
1;2019-01-09 19:00:00;365.7;80.9;18.1;7.9;61553.8;13.9;269.7;277.4;2444.1;52.8;5.5;17.6;629.2
1;2019-01-09 20:00:00;450.9;71.7;8.4;3.7;75197.2;15.8;282.5;388.8;4945.4;47.1;15.5;15.6;575.9
1;2019-01-09 21:00:00;366.2;56.4;16.8;0.8;71125.4;15.0;281.0;369.6;2415.4;33.6;1.0;10.7;416.4
1;2019-01-09 22:00:00;357.8;51.9;5.7;0.7;80409.7;11.4;233.7;291.6;1808.9;25.3;4.5;9.8;492.9
1;2019-01-09 23:00:00;192.8;49.2;11.4;1.0;52916.1;10.8;234.6;287.3;1715.7;37.1;1.3;13.3;186.7
1;2019-01-10 00:00:00;296.9;56.6;13.4;1.2;75411.6;20.6;301.3;336.3;3299.8;45.9;16.4;13.7;457.6
1;2019-01-10 01:00:00;249.9;57.5;19.6;0.9;68377.3;24.0;880.9;392.8;4800.8;19.4;4.7;13.1;392.5
1;2019-01-10 02:00:00;321.2;76.4;16.2;5.3;61458.3;27.1;859.8;416.8;6824.3;30.4;20.9;13.7;279.1
1;2019-01-10 03:00:00;451.0;72.8;54.7;12.9;50747.1;27.4;328.9;488.0;4439.9;33.7;28.2;14.5;278.2
1;2019-01-10 04:00:00;295.2;46.7;12.3;0.9;51937.3;9.8;283.3;135.8;3571.4;39.1;2.5;10.9;544.5
1;2019-01-10 05:00:00;262.0;41.7;15.9;0.9;60472.2;5.8;183.4;102.6;1319.3;46.5;0.4;11.2;527.8
1;2019-01-10 06:00:00;364.5;69.4;28.1;1.3;74444.6;8.6;209.3;216.1;3623.5;50.0;0.3;15.9;411.1
1;2019-01-10 07:00:00;345.6;60.8;53.5;1.2;43848.0;6.9;182.3;152.8;1724.4;56.2;0.3;17.0;401.7
1;2019-01-10 08:00:00;363.8;58.5;21.2;1.2;45848.0;7.8;214.8;151.0;951.9;58.0;0.1;15.6;391.0
1;2019-01-10 09:00:00;386.2;41.5;20.8;0.9;13853.3;6.2;265.5;109.4;1315.7;54.7;0.0;12.2;332.2
1;2019-01-10 10:00:00;300.8;36.3;29.3;1.0;19284.9;4.7;228.2;79.5;812.0;59.3;0.0;12.3;311.0
1;2019-01-10 11:00:00;253.7;38.8;15.9;1.0;18853.8;3.1;193.3;51.4;152.8;62.2;0.0;11.9;316.9
1;2019-01-10 12:00:00;363.8;44.4;15.2;1.0;20262.5;3.8;219.8;75.6;504.8;79.9;0.0;12.7;390.5
1;2019-01-10 13:00:00;192.7;44.9;10.3;1.1;19686.1;3.3;123.9;56.4;137.0;74.8;0.0;13.4;400.1
1;2019-01-10 14:00:00;280.8;45.6;12.9;1.0;27447.1;5.1;221.8;112.7;1121.3;66.0;0.0;13.2;365.3
1;2019-01-10 15:00:00;296.2;44.9;7.6;0.9;27973.8;6.6;300.3;131.5;1180.5;68.4;1.0;11.7;396.7
1;2019-01-10 16:00:00;331.1;56.6;6.5;1.0;62143.6;5.5;209.1;124.1;617.0;60.2;0.0;13.1;422.0
1;2019-01-10 17:00:00;422.6;96.2;12.2;22.8;74091.9;16.5;415.7;354.2;5089.2;64.8;6.8;19.3;474.4
1;2019-01-10 18:00:00;491.4;84.7;35.2;9.7;78157.1;26.3;363.3;478.3;4186.4;60.8;11.1;18.8;517.9
1;2019-01-10 19:00:00;552.2;77.5;35.4;12.3;73944.1;21.9;367.8;469.3;2559.0;56.6;12.0;17.0;624.7
1;2019-01-10 20:00:00;472.0;78.4;13.9;7.4;76160.4;16.0;301.0;388.1;7842.7;45.3;17.1;16.2;649.2
1;2019-01-10 21:00:00;360.1;71.1;16.6;1.5;86005.5;15.5;346.0;415.2;2359.5;32.0;17.8;12.0;519.9
1;2019-01-10 22:00:00;303.7;59.6;6.0;0.7;107570.3;10.4;309.9;286.7;1103.2;31.0;3.8;9.9;521.6
1;2019-01-10 23:00:00;340.5;54.2;8.1;0.8;74008.3;12.3;467.9;328.1;2883.5;31.9;5.9;11.1;267.4
1;2019-01-11 00:00:00;368.4;50.7;8.6;1.3;71891.2;22.4;284.6;365.0;13398.8;45.8;31.5;10.9;443.3
1;2019-01-11 01:00:00;386.5;69.2;12.1;3.2;74087.9;25.9;836.7;480.9;5250.6;32.8;23.0;14.4;547.1
1;2019-01-11 02:00:00;330.2;82.9;13.0;5.8;73821.7;22.7;852.5;428.9;8410.0;30.1;14.3;14.7;338.8
1;2019-01-11 03:00:00;373.8;76.6;43.1;7.1;61468.2;23.1;226.7;447.1;5117.7;30.1;20.2;14.2;274.5
1;2019-01-11 04:00:00;301.9;38.5;13.8;0.8;63541.2;9.6;294.7;155.7;3088.8;35.3;1.9;9.5;563.7
1;2019-01-11 05:00:00;196.0;26.3;14.4;0.6;53730.7;4.9;227.3;78.9;2297.4;31.8;1.9;7.8;376.0
1;2019-01-11 06:00:00;231.0;43.4;12.9;0.9;18981.6;5.4;234.1;146.4;2411.8;42.9;0.0;11.4;288.5
1;2019-01-11 07:00:00;266.1;55.3;19.2;1.2;16413.3;5.8;228.9;123.6;1733.0;67.4;0.1;15.8;404.9
1;2019-01-11 08:00:00;304.9;58.8;19.6;1.3;15019.5;4.9;217.9;95.9;6852.2;71.2;0.0;17.0;414.8
1;2019-01-11 09:00:00;291.7;34.8;20.8;0.9;16463.2;4.8;213.8;93.9;1341.7;68.5;0.2;10.9;309.2
1;2019-01-11 10:00:00;351.3;73.0;13.4;1.9;50235.2;9.2;204.3;231.9;6265.8;62.9;0.3;18.0;453.3
1;2019-01-11 11:00:00;294.8;36.4;20.2;0.9;47930.8;5.0;173.5;121.9;3917.8;59.9;0.0;10.6;292.7
1;2019-01-11 12:00:00;488.0;66.6;13.3;1.8;66469.1;9.2;238.4;264.0;2020.3;64.5;0.1;18.7;332.2
1;2019-01-11 13:00:00;369.7;56.3;13.9;1.4;71271.7;7.1;239.8;211.6;726.4;60.6;0.0;17.5;388.8
1;2019-01-11 14:00:00;295.5;58.4;21.4;1.4;43729.8;8.1;267.1;191.3;7684.3;72.6;0.0;18.1;363.2
1;2019-01-11 15:00:00;368.4;58.7;13.2;1.3;73682.5;7.1;211.3;195.5;928.0;66.0;0.0;16.3;429.7
1;2019-01-11 16:00:00;451.5;74.7;14.5;6.1;91719.1;15.4;247.7;442.4;2944.5;76.9;2.6;18.6;523.9
1;2019-01-11 17:00:00;391.0;77.7;13.4;4.1;80045.5;14.8;235.7;440.1;1097.5;87.8;0.4;18.7;560.5
1;2019-01-11 18:00:00;289.4;59.3;7.4;1.2;71841.9;10.2;217.7;295.1;600.3;90.7;0.1;15.8;463.9
1;2019-01-11 19:00:00;426.1;80.7;21.8;9.9;96507.6;13.7;206.2;345.3;1284.7;69.7;1.3;19.1;589.9
1;2019-01-11 20:00:00;266.9;62.3;10.4;1.5;84632.7;11.2;277.9;288.1;2246.2;69.5;2.6;17.5;458.4
1;2019-01-11 21:00:00;320.6;59.1;20.1;1.2;55013.5;10.0;306.2;270.9;3315.4;50.3;3.6;16.4;583.1
1;2019-01-11 22:00:00;290.1;51.7;11.4;0.9;77588.2;9.4;232.7;281.2;1868.3;49.1;6.3;12.8;559.8
1;2019-01-11 23:00:00;305.7;66.1;14.1;2.1;73815.7;9.9;248.2;330.5;2149.3;46.8;5.8;17.8;394.1
1;2019-01-12 00:00:00;391.2;59.7;19.9;10.0;85621.4;27.2;299.2;489.1;13590.8;52.1;41.9;13.5;474.0
1;2019-01-12 01:00:00;314.9;66.1;11.1;1.9;78073.1;22.3;802.3;383.7;2374.0;43.5;18.3;14.4;449.0
1;2019-01-12 02:00:00;361.2;44.6;33.1;0.8;45298.1;18.2;780.6;268.6;2833.3;33.0;3.1;10.6;341.7
1;2019-01-12 03:00:00;444.9;34.7;65.0;0.7;29361.0;17.2;244.6;330.3;2737.1;25.3;3.7;9.1;166.4
1;2019-01-12 04:00:00;256.1;35.4;12.1;0.7;55924.7;9.0;245.9;154.1;2822.6;23.3;2.3;8.5;480.1
1;2019-01-12 05:00:00;210.3;28.9;25.3;0.7;43808.4;5.7;334.5;117.9;1906.5;28.6;0.3;8.5;351.1
1;2019-01-12 06:00:00;344.9;40.7;17.8;0.9;52759.1;6.8;177.7;186.9;1346.0;48.0;0.0;10.5;292.0
1;2019-01-12 07:00:00;289.1;55.1;15.5;1.1;15687.1;7.3;193.1;151.2;1054.9;66.6;0.0;14.6;385.2
1;2019-01-12 08:00:00;261.4;44.6;15.0;1.0;16697.0;6.1;179.3;147.0;6588.8;56.2;0.0;12.7;359.8
1;2019-01-12 09:00:00;240.7;30.9;16.9;0.8;16452.0;5.1;223.1;90.0;16996.3;40.6;0.0;9.6;248.3
1;2019-01-12 10:00:00;278.5;43.1;18.7;0.9;26406.2;5.8;181.8;128.1;914.8;44.6;0.4;11.8;355.5
1;2019-01-12 11:00:00;241.7;43.4;9.6;1.0;36927.5;5.6;183.8;119.0;873.8;61.1;0.2;12.2;352.8
1;2019-01-12 12:00:00;290.3;40.5;6.5;1.0;15975.9;5.2;221.5;109.2;2108.5;59.3;0.1;11.8;382.8
1;2019-01-12 13:00:00;230.9;48.2;12.0;1.1;21019.2;5.6;177.4;104.4;1098.7;48.3;0.0;14.4;503.9
1;2019-01-12 14:00:00;144.9;43.9;10.2;1.0;17012.0;4.8;209.5;72.9;835.3;47.5;0.1;12.7;549.5
1;2019-01-12 15:00:00;166.7;39.5;6.3;0.9;21931.7;5.2;185.9;87.7;1473.6;39.5;0.2;10.2;542.0
1;2019-01-12 16:00:00;117.9;44.7;4.3;0.7;60672.7;5.5;241.2;123.7;1212.5;33.5;0.4;9.8;631.5
1;2019-01-12 17:00:00;178.6;37.9;2.9;0.6;64962.2;6.3;220.9;151.7;1518.9;26.2;3.0;7.7;800.5
1;2019-01-12 18:00:00;151.3;33.2;3.6;0.6;61854.1;5.6;196.0;140.4;1457.5;25.8;1.4;7.0;638.4
1;2019-01-12 19:00:00;117.5;27.4;4.4;0.5;47065.8;5.0;270.0;125.2;1440.6;19.4;0.7;5.8;659.3
1;2019-01-12 20:00:00;276.5;45.7;18.6;1.0;63273.9;11.2;200.0;309.8;6911.2;15.6;14.7;13.2;522.6
1;2019-01-12 21:00:00;258.0;38.4;21.1;0.9;25372.0;9.1;200.8;209.4;1959.8;10.6;1.1;12.4;343.3
1;2019-01-12 22:00:00;226.0;40.3;17.9;1.0;25479.5;8.5;176.5;216.1;1543.5;12.5;0.7;12.9;459.2
1;2019-01-12 23:00:00;311.7;45.1;19.2;1.1;28463.2;8.4;183.8;255.0;1511.0;16.8;0.4;14.5;415.7
1;2019-01-13 00:00:00;262.8;54.7;10.7;0.9;57029.1;19.3;239.3;269.4;5223.8;46.1;19.9;11.8;570.9
1;2019-01-13 01:00:00;323.6;67.4;17.4;1.8;56561.8;26.7;831.7;412.2;3944.9;23.9;15.6;15.3;515.3
1;2019-01-13 02:00:00;262.8;73.5;16.3;1.1;76381.2;21.8;836.6;389.6;5423.9;25.5;7.0;12.7;511.7
1;2019-01-13 03:00:00;927.8;58.2;66.2;7.9;69779.9;27.8;214.4;498.7;4675.8;20.3;11.7;12.4;277.6
1;2019-01-13 04:00:00;235.5;48.6;19.6;0.8;86668.1;18.0;4778.4;289.4;1866.8;21.6;5.8;11.0;801.6
1;2019-01-13 05:00:00;253.2;50.8;20.2;0.9;54764.9;6.8;6600.5;147.8;1058.7;23.1;0.3;12.2;566.4
1;2019-01-13 06:00:00;290.9;51.3;27.4;0.9;62167.7;6.0;231.7;157.8;1444.6;27.1;0.3;12.2;715.2
1;2019-01-13 07:00:00;248.0;49.7;8.7;0.8;47198.8;3.9;198.1;93.2;495.4;51.6;0.0;10.9;763.4
1;2019-01-13 08:00:00;199.9;47.2;10.4;0.9;48809.9;4.6;190.3;98.8;1585.7;37.6;0.0;11.0;515.6
1;2019-01-13 09:00:00;159.6;23.6;6.8;0.5;23068.3;4.1;248.2;80.9;1330.8;18.8;0.0;5.9;486.6
1;2019-01-13 10:00:00;134.6;34.5;7.9;0.9;27363.0;3.2;218.7;69.3;1081.6;51.5;0.0;10.2;653.3
1;2019-01-13 11:00:00;152.8;34.4;12.8;0.8;23697.1;3.3;253.6;72.5;1103.4;37.3;0.0;9.6;544.8
1;2019-01-13 12:00:00;195.9;34.1;10.3;0.9;21976.1;4.2;226.1;81.2;5837.1;26.9;0.0;10.2;565.7
1;2019-01-13 13:00:00;186.6;24.0;5.0;0.5;27572.9;3.5;215.4;65.0;986.5;19.9;0.0;5.8;475.8
1;2019-01-13 14:00:00;149.4;21.8;5.5;0.5;21321.9;3.4;260.2;73.7;1651.6;17.6;0.0;5.7;559.2
1;2019-01-13 15:00:00;92.7;22.7;4.9;0.5;16870.8;2.9;247.3;55.3;1244.7;22.3;0.0;5.8;529.2
1;2019-01-13 16:00:00;189.7;38.1;4.1;0.6;73899.0;12.2;236.7;353.2;3218.3;60.9;0.0;7.6;793.8
1;2019-01-13 17:00:00;242.4;61.4;4.3;2.1;59993.7;19.7;276.3;447.6;7238.0;40.7;13.5;9.1;519.5
1;2019-01-13 18:00:00;265.3;39.8;30.4;0.5;37493.1;14.0;228.4;251.7;2387.4;14.9;1.3;6.4;483.1
1;2019-01-13 19:00:00;164.8;22.5;8.7;0.5;61015.0;13.2;138.1;241.8;2048.2;15.5;1.2;5.3;609.7
1;2019-01-13 20:00:00;341.7;46.9;8.7;1.1;70613.6;20.2;156.2;436.6;3085.4;15.7;4.5;9.7;710.5
1;2019-01-13 21:00:00;357.1;74.0;32.5;2.1;79297.7;20.7;112.1;477.0;2969.2;11.1;20.8;14.8;574.7
1;2019-01-13 22:00:00;282.1;65.1;10.4;0.8;73817.3;13.3;127.1;343.2;4311.6;18.0;4.6;12.8;722.1
1;2019-01-13 23:00:00;315.5;57.7;10.3;0.9;69536.5;11.9;115.9;354.1;2444.4;20.3;3.4;13.4;632.0
1;2019-01-14 00:00:00;318.5;40.5;12.0;0.8;50630.2;21.0;148.7;291.6;10287.1;39.7;36.6;9.6;493.1
1;2019-01-14 01:00:00;243.5;53.3;14.8;0.9;44933.9;20.1;696.5;293.8;6689.6;41.3;17.4;13.0;266.0
1;2019-01-14 02:00:00;307.2;78.9;14.0;4.4;26244.2;20.5;674.5;405.1;6302.1;31.9;11.3;14.8;213.1
1;2019-01-14 03:00:00;374.0;60.7;14.5;3.9;39014.8;17.9;106.0;376.1;5327.8;37.7;22.6;11.6;259.6
1;2019-01-14 04:00:00;218.6;30.0;9.2;0.7;48521.2;6.7;49.9;135.6;602.6;34.2;0.0;8.0;439.3
1;2019-01-14 05:00:00;168.5;25.6;20.9;0.6;14911.7;6.9;122.6;142.7;3799.2;30.8;0.0;7.2;197.1
1;2019-01-14 06:00:00;295.9;45.8;7.9;0.9;25448.3;5.1;81.5;157.6;1975.4;45.7;0.0;11.6;349.2
1;2019-01-14 07:00:00;358.9;46.3;6.6;0.9;42405.8;6.1;35.9;134.2;1237.0;52.5;0.0;12.2;321.2
1;2019-01-14 08:00:00;317.9;45.7;8.8;1.0;25416.0;5.6;82.9;123.3;17940.0;59.7;0.0;13.5;366.3
1;2019-01-14 09:00:00;332.4;32.4;7.6;0.8;22237.1;4.1;72.8;92.0;882.2;65.1;0.0;9.8;348.9
1;2019-01-14 10:00:00;340.3;38.0;9.6;0.9;18958.9;5.9;105.0;100.1;17807.4;62.7;0.0;10.9;321.4
1;2019-01-14 11:00:00;334.7;45.5;7.7;1.0;12218.7;5.2;62.2;88.2;984.3;80.3;0.0;12.8;454.6
1;2019-01-14 12:00:00;289.3;45.3;6.4;1.0;49457.6;7.5;101.1;168.3;734.5;64.1;0.6;12.4;365.3
1;2019-01-14 13:00:00;320.4;42.8;6.0;1.0;50718.2;7.0;128.3;172.5;2276.1;59.7;0.0;12.2;336.7
1;2019-01-14 14:00:00;276.3;38.1;8.3;0.9;45637.6;5.8;116.2;163.9;2005.3;60.9;0.1;11.7;303.5
1;2019-01-14 15:00:00;230.3;30.8;4.4;0.8;44555.7;4.5;65.5;129.1;362.6;60.6;0.0;9.2;305.5
1;2019-01-14 16:00:00;349.5;60.5;5.5;1.3;81694.8;9.3;72.8;231.0;1461.6;58.9;11.9;12.6;498.7
1;2019-01-14 17:00:00;400.7;94.1;9.8;14.5;97063.0;17.2;89.0;350.6;6410.7;55.3;6.1;17.5;404.1
1;2019-01-14 18:00:00;442.7;75.7;14.1;4.4;72976.0;17.1;166.4;334.3;3169.6;56.1;1.8;18.0;649.0
1;2019-01-14 19:00:00;268.6;50.7;7.1;0.8;74251.4;7.3;74.2;169.4;2598.0;55.2;2.8;11.9;555.5
1;2019-01-14 20:00:00;445.4;64.4;9.4;1.5;77272.7;14.3;95.0;391.2;2604.7;46.0;6.6;14.6;645.9
1;2019-01-14 21:00:00;355.1;78.1;12.7;2.2;90439.8;15.6;35.9;424.7;2085.6;36.8;6.3;14.5;584.8
1;2019-01-14 22:00:00;319.4;67.2;7.4;1.0;76099.1;11.7;47.0;324.2;2227.9;37.9;5.1;13.1;401.4
1;2019-01-14 23:00:00;424.7;52.0;8.4;0.8;69655.9;11.8;86.9;349.0;1598.8;36.2;1.7;11.1;250.0
1;2019-01-15 00:00:00;245.3;39.6;17.0;0.9;20572.9;18.8;115.8;273.1;6560.9;47.0;18.6;10.9;200.1
1;2019-01-15 01:00:00;390.6;55.4;10.8;1.4;20275.0;27.2;805.0;428.6;4864.2;35.5;14.8;14.0;218.5
1;2019-01-15 02:00:00;381.1;75.6;5.9;2.6;38132.1;22.9;670.3;402.5;7726.4;47.1;11.7;15.2;231.5
1;2019-01-15 03:00:00;330.7;61.2;14.5;2.3;40622.7;19.7;421.7;360.2;4144.7;33.4;15.3;12.1;236.3
1;2019-01-15 04:00:00;321.4;44.2;40.4;0.9;50358.5;11.4;81.0;192.9;740.2;39.4;0.0;12.4;587.1
1;2019-01-15 05:00:00;325.0;42.0;10.6;0.8;54411.7;5.9;156.7;122.4;1553.7;31.5;0.1;11.0;529.3
1;2019-01-15 06:00:00;364.9;40.9;9.9;1.0;22506.1;6.4;114.3;157.2;1403.2;48.5;0.3;12.7;269.2
1;2019-01-15 07:00:00;309.7;41.0;16.9;1.1;10844.0;3.4;40.0;59.4;232.3;54.7;0.0;13.0;289.1
1;2019-01-15 08:00:00;333.7;52.3;17.1;1.3;12151.7;6.2;118.0;120.8;15068.5;64.8;0.1;16.9;341.8
1;2019-01-15 09:00:00;296.6;52.0;20.4;1.2;15270.7;5.0;143.8;91.8;1900.1;67.5;0.0;15.8;355.8
1;2019-01-15 10:00:00;333.8;61.5;19.7;1.4;17087.7;6.0;54.1;113.4;17212.7;91.1;0.6;17.4;420.4
1;2019-01-17 00:00:00;476.8;84.7;29.0;11.5;36207.7;32.6;228.7;535.3;5786.9;48.7;40.3;25.6;280.1
1;2019-01-17 01:00:00;482.7;86.4;27.9;9.9;46421.2;35.7;786.1;581.4;10595.5;39.7;18.5;26.3;238.4
1;2019-01-17 02:00:00;370.4;92.3;25.3;12.2;41961.7;26.8;728.0;477.0;5540.7;48.7;8.6;22.7;339.1
1;2019-01-17 03:00:00;401.4;92.4;13.9;23.4;41484.5;24.7;833.4;440.4;4326.4;54.0;10.4;22.8;330.1
1;2019-01-17 04:00:00;300.4;57.5;31.9;1.2;75232.6;13.6;4710.5;177.6;1583.7;44.8;0.3;16.2;577.0
1;2019-01-17 05:00:00;224.1;54.8;12.4;1.2;51370.2;7.9;6061.0;122.7;2278.0;43.3;0.2;16.7;582.8
1;2019-01-17 06:00:00;344.7;68.4;11.1;2.0;19914.6;9.1;217.4;211.5;2068.8;50.2;0.2;19.4;338.6
1;2019-01-17 07:00:00;293.7;61.6;12.0;1.4;16448.3;5.1;198.4;99.5;7362.3;60.2;0.1;17.0;371.7
1;2019-01-17 08:00:00;346.7;53.4;16.5;1.3;16687.7;3.9;188.7;77.4;1064.5;61.3;0.2;16.5;383.5
1;2019-01-17 09:00:00;361.5;46.2;25.9;1.1;16860.7;4.5;210.3;74.2;16764.8;58.9;0.0;14.3;364.0
1;2019-01-17 10:00:00;314.3;48.0;9.9;1.2;15863.7;5.2;235.3;90.3;2049.2;56.2;0.0;14.8;374.6
1;2019-01-17 11:00:00;331.2;54.2;9.4;1.2;17795.5;4.8;226.8;105.4;1622.0;71.7;0.0;14.8;360.9
1;2019-01-17 12:00:00;269.9;36.8;8.8;1.0;11164.0;2.1;278.0;33.0;1382.7;56.7;0.5;11.8;324.5
1;2019-01-17 13:00:00;298.4;44.5;18.0;1.0;19617.0;8.7;222.9;242.6;757.2;79.5;0.1;12.3;405.8
1;2019-01-17 14:00:00;263.6;48.7;15.2;1.2;24057.2;10.0;249.0;277.8;450.2;94.6;0.0;15.6;532.3
1;2019-01-17 15:00:00;294.6;53.2;12.3;1.2;29005.3;6.0;205.3;136.6;1162.1;74.2;0.0;15.5;415.4
1;2019-01-17 16:00:00;337.4;74.3;14.5;2.6;55622.1;6.2;272.6;149.6;837.8;74.8;2.6;19.1;453.9
1;2019-01-17 17:00:00;416.5;99.1;17.8;28.7;73880.9;15.9;252.1;311.6;5778.4;69.4;0.8;21.9;408.8
1;2019-01-17 18:00:00;541.6;91.5;26.2;29.6;74333.9;27.4;333.8;506.4;5299.3;63.4;25.0;21.3;520.6
1;2019-01-17 19:00:00;354.4;71.2;21.7;5.8;53923.6;15.5;373.1;301.5;2707.4;58.9;1.5;20.4;750.9
1;2019-01-17 20:00:00;463.2;71.4;9.9;2.2;73829.5;16.3;282.0;396.8;3265.0;49.9;5.5;18.1;477.6
1;2019-01-17 21:00:00;319.4;64.7;12.4;1.0;61991.9;14.1;310.6;361.1;2139.0;30.9;0.4;13.2;430.9
1;2019-01-17 22:00:00;287.1;61.2;8.4;1.2;61790.0;13.3;373.9;340.5;2017.1;30.0;5.4;12.0;505.9
1;2019-01-17 23:00:00;253.2;62.6;9.1;1.0;69333.4;11.1;275.3;280.3;2976.2;35.9;4.4;12.7;447.6
1;2019-01-18 00:00:00;413.8;62.1;14.6;1.8;41754.8;23.9;488.7;358.7;10008.9;42.7;26.3;14.2;340.7
1;2019-01-18 01:00:00;322.0;72.9;17.2;3.4;61356.8;26.1;856.3;450.7;6937.0;37.6;9.3;19.0;246.7
1;2019-01-18 02:00:00;290.0;74.8;9.0;3.1;50372.4;18.6;929.9;363.5;7463.4;31.4;6.4;16.2;233.4
1;2019-01-18 03:00:00;350.7;73.7;39.0;9.8;36313.9;19.5;227.8;383.7;3635.5;27.7;14.8;16.3;186.9
1;2019-01-18 04:00:00;257.1;47.0;9.0;1.0;50402.6;10.5;186.5;180.8;1544.4;39.3;1.7;12.6;509.7
1;2019-01-18 05:00:00;267.3;37.8;7.5;1.1;46716.7;5.9;206.1;108.8;1676.8;47.8;0.6;11.7;412.2
1;2019-01-18 06:00:00;270.0;54.3;8.1;1.2;16116.1;7.4;225.0;139.4;1473.4;49.8;0.0;15.2;297.5
1;2019-01-18 07:00:00;332.7;53.4;9.6;1.4;12529.5;3.6;239.0;62.0;1107.8;57.4;0.2;16.1;353.3
1;2019-01-18 08:00:00;308.6;60.0;17.8;1.4;14071.8;6.9;201.3;80.0;465.1;63.0;0.7;17.2;366.7
1;2019-01-18 09:00:00;339.1;45.8;19.0;1.2;16097.0;3.5;216.7;56.4;17055.0;56.7;0.1;14.5;321.8
1;2019-01-18 10:00:00;305.5;62.1;18.4;1.3;35260.5;6.5;294.5;155.8;5874.4;56.6;0.0;17.2;370.8
1;2019-01-18 11:00:00;345.0;57.6;12.7;1.4;19856.5;4.8;314.9;65.7;242.1;79.8;0.0;16.6;414.3
1;2019-01-18 12:00:00;377.3;75.2;13.6;2.7;38070.2;10.3;261.7;247.0;1786.0;65.8;0.0;21.4;362.9
1;2019-01-18 13:00:00;396.4;71.2;12.5;1.6;44595.5;8.9;264.6;158.2;801.8;71.3;0.0;19.9;368.8
1;2019-01-18 14:00:00;335.8;68.7;14.0;1.5;44556.6;8.8;212.0;145.3;747.3;69.5;0.0;19.1;345.7
1;2019-01-18 15:00:00;359.1;73.7;22.1;2.0;41459.9;9.1;220.1;156.8;2118.2;73.7;0.1;19.8;384.1
1;2019-01-18 16:00:00;339.5;69.4;31.2;1.7;61591.6;8.5;254.6;151.4;2610.6;64.7;2.1;20.1;402.8
1;2019-01-18 17:00:00;313.1;72.0;14.1;2.8;62968.6;9.1;307.7;172.8;1709.0;68.8;4.8;18.8;507.9
1;2019-01-18 18:00:00;331.4;78.5;12.0;1.8;72893.6;7.0;188.6;95.4;1062.9;68.8;0.3;20.3;582.9
1;2019-01-18 19:00:00;380.0;94.0;17.1;12.7;101760.7;11.3;234.5;217.1;1693.7;60.7;5.1;20.6;568.2
1;2019-01-18 20:00:00;308.1;64.0;12.0;2.8;85060.0;11.5;204.9;271.0;1030.0;43.6;31.5;16.1;371.1
1;2019-01-18 21:00:00;238.3;64.5;17.8;1.4;83154.0;8.4;231.1;188.5;1882.4;41.8;3.7;17.7;495.8
1;2019-01-18 22:00:00;281.4;56.2;10.7;1.2;74104.4;8.5;185.7;192.1;1649.4;36.8;2.4;14.8;450.0
1;2019-01-18 23:00:00;246.2;65.1;13.2;1.4;73075.9;8.6;224.4;206.4;2012.7;43.1;7.9;17.9;394.8
1;2019-01-19 00:00:00;409.1;75.4;20.7;8.5;54142.2;30.2;248.1;364.1;8349.3;63.8;43.3;19.4;507.8
1;2019-01-19 01:00:00;390.2;69.7;17.3;3.3;73116.0;24.1;731.7;296.1;1885.3;47.3;23.8;17.9;480.9
1;2019-01-19 02:00:00;236.1;73.0;7.2;1.8;74505.2;15.4;872.0;199.3;1314.4;45.7;8.1;17.8;512.1
1;2019-01-19 03:00:00;276.9;56.5;9.2;1.3;40393.2;10.3;203.1;163.7;1656.8;48.8;2.3;16.0;344.8
1;2019-01-19 04:00:00;192.6;55.2;12.6;1.4;49170.0;9.2;5104.0;128.4;2088.7;42.5;0.3;17.1;504.6
1;2019-01-19 05:00:00;261.8;43.8;35.0;1.1;54222.5;7.2;6965.7;145.3;2161.8;43.6;0.0;12.2;421.7
1;2019-01-19 06:00:00;212.3;45.2;12.4;1.3;12519.9;3.6;127.8;61.6;1494.4;41.9;0.3;14.3;317.8
1;2019-01-19 07:00:00;254.2;62.7;10.1;1.5;28039.2;3.6;85.4;87.0;6816.9;59.9;0.1;16.7;384.9
1;2019-01-19 08:00:00;255.3;50.7;8.8;1.2;14218.7;3.3;98.1;56.9;31387.5;47.1;0.1;14.4;335.7
1;2019-01-19 09:00:00;229.4;33.8;7.7;1.0;14013.2;3.6;153.0;71.4;6748.6;37.4;0.1;10.0;217.5
1;2019-01-19 10:00:00;192.6;33.8;9.7;0.9;49680.9;3.6;68.9;109.5;1417.4;44.1;0.0;9.6;298.4
1;2019-01-19 11:00:00;260.0;39.7;9.0;1.0;55967.0;5.5;56.8;148.5;1516.5;158.7;0.1;10.4;707.4
1;2019-01-19 12:00:00;178.2;44.2;12.8;1.1;47859.1;5.4;211.7;148.9;2368.1;154.9;0.0;13.0;701.4
1;2019-01-19 13:00:00;132.0;30.8;8.4;0.9;19701.4;2.5;91.0;35.4;1472.2;40.5;0.1;8.9;489.1
1;2019-01-19 14:00:00;111.6;36.5;8.2;0.9;20684.3;2.9;101.0;39.3;1408.8;34.8;0.0;9.2;1287.2
1;2019-01-19 15:00:00;175.0;31.1;7.0;0.8;19852.8;1.9;56.8;15.9;117.6;29.6;0.0;7.8;573.2
1;2019-01-19 16:00:00;243.0;49.2;6.8;0.9;74216.1;8.2;173.2;207.3;3215.5;25.6;12.7;10.2;722.1
1;2019-01-19 17:00:00;206.3;46.6;5.7;0.8;75840.6;7.0;139.1;164.8;1481.3;20.5;7.5;9.4;864.7
1;2019-01-19 18:00:00;251.4;49.6;18.6;1.0;77926.5;14.5;182.8;285.0;3636.9;18.5;10.6;10.1;784.3
1;2019-01-19 19:00:00;239.1;45.4;8.5;0.7;81690.5;13.6;80.1;262.6;1814.1;13.2;11.1;7.8;587.6
1;2019-01-19 20:00:00;340.6;43.9;8.4;0.8;79381.5;17.9;151.4;354.5;7726.6;12.1;3.6;9.4;834.2
1;2019-01-19 21:00:00;271.7;44.2;11.9;0.8;69117.4;15.4;163.2;295.9;2919.6;10.6;6.6;8.9;618.9
1;2019-01-19 22:00:00;301.1;52.4;21.5;0.9;76320.9;13.7;204.0;280.8;3584.8;10.5;14.6;11.0;736.6
1;2019-01-19 23:00:00;198.5;49.3;10.2;0.9;74050.6;8.6;120.0;206.3;1289.3;20.2;13.0;9.9;861.7
1;2019-01-20 00:00:00;318.8;56.2;14.2;1.7;49341.2;17.8;139.9;218.1;14355.2;44.1;21.3;12.3;570.1
1;2019-01-20 01:00:00;348.8;75.5;13.9;2.8;59731.3;25.7;827.4;402.8;5502.2;43.7;6.8;17.4;488.2
1;2019-01-20 02:00:00;177.5;64.4;4.1;0.9;47958.0;17.4;973.4;265.6;6977.9;32.0;3.8;11.3;512.7
1;2019-01-20 03:00:00;289.5;58.9;29.4;2.3;65595.6;19.7;99.0;318.5;5123.0;16.6;20.3;10.1;502.8
1;2019-01-20 04:00:00;217.8;39.7;13.3;0.8;65038.3;17.2;91.1;236.5;3634.7;17.2;3.8;8.5;729.1
1;2019-01-20 05:00:00;160.4;40.6;9.7;0.9;51240.3;5.9;157.9;96.9;2988.0;22.6;1.5;10.1;554.5
1;2019-01-20 06:00:00;197.5;48.6;11.8;1.0;23818.7;4.4;178.8;86.4;2216.0;34.8;0.0;12.3;598.5
1;2019-01-20 07:00:00;210.2;48.3;7.8;1.0;24007.3;4.4;128.2;81.3;1687.3;46.6;0.0;10.9;679.1
1;2019-01-20 08:00:00;215.5;40.0;7.6;0.9;21492.5;2.6;148.7;53.5;6747.2;38.2;0.0;10.0;639.3
1;2019-01-20 09:00:00;167.3;36.0;11.3;0.9;21807.0;3.4;148.3;59.4;1394.1;32.4;0.0;8.6;599.7
1;2019-01-20 10:00:00;199.9;37.2;7.4;0.8;25256.4;5.4;123.0;84.4;2340.0;36.9;0.0;8.4;721.3
1;2019-01-20 11:00:00;139.3;40.7;8.0;0.7;53483.8;3.8;70.0;105.6;2186.8;15.2;0.0;7.1;718.7
1;2019-01-20 12:00:00;188.0;27.2;5.2;0.7;26604.7;3.2;89.1;65.1;1662.9;23.7;0.0;6.3;614.9
1;2019-01-20 13:00:00;109.4;29.7;6.3;0.8;39251.6;3.0;99.9;54.4;1184.2;26.8;0.0;7.5;645.0
1;2019-01-20 14:00:00;228.8;42.8;7.0;0.8;28084.3;3.6;81.2;62.4;1205.0;27.3;0.0;9.2;587.0
1;2019-01-20 15:00:00;240.0;36.3;13.7;0.9;23467.4;3.0;143.2;57.7;1333.2;23.6;0.0;9.0;656.0
1;2019-01-20 16:00:00;196.3;53.3;18.5;1.0;72196.6;5.8;50.8;128.0;2743.7;17.5;0.0;12.3;801.2
1;2019-01-20 17:00:00;365.8;81.0;19.1;7.0;79431.4;17.0;193.1;339.1;8817.8;15.3;12.0;14.9;683.5
1;2019-01-20 18:00:00;369.0;58.8;16.6;1.0;70324.3;11.3;261.0;182.0;1793.1;18.1;0.0;11.6;836.7
1;2019-01-20 19:00:00;228.1;44.8;15.7;0.9;64583.7;5.5;232.1;100.3;1264.4;16.4;0.0;9.8;710.5
1;2019-01-20 20:00:00;355.9;68.3;22.2;2.2;85673.8;15.0;153.8;378.4;3550.3;17.9;20.5;13.6;835.4
1;2019-01-20 21:00:00;279.5;81.0;12.7;2.1;75006.3;13.8;318.8;346.2;1997.3;16.8;6.4;13.8;697.6
1;2019-01-20 22:00:00;296.0;72.9;9.0;2.9;69299.5;11.8;139.0;317.2;2194.3;22.5;13.0;13.1;590.7
1;2019-01-20 23:00:00;156.5;47.5;6.4;0.9;43755.8;7.1;163.3;170.3;1964.6;16.9;1.7;10.4;592.7
1;2019-01-21 00:00:00;223.5;55.1;9.3;1.4;26284.6;19.9;210.7;222.2;5681.6;38.7;34.8;13.5;599.5
1;2019-01-21 01:00:00;339.9;65.1;12.5;1.8;24793.3;23.4;883.7;325.8;7383.2;31.0;14.4;14.9;478.1
1;2019-01-21 02:00:00;276.3;71.9;9.2;2.3;48452.7;21.4;825.7;315.1;7634.7;30.4;10.4;14.6;509.4
1;2019-01-21 03:00:00;284.5;66.8;26.6;4.9;36008.1;18.5;181.5;283.6;6677.9;26.6;13.7;13.1;280.3
1;2019-01-21 04:00:00;269.8;35.2;18.4;0.9;52137.5;6.8;132.2;103.9;2327.9;25.2;0.5;9.7;517.4
1;2019-01-21 05:00:00;245.7;29.0;16.3;0.9;14552.3;3.9;102.0;65.5;516.2;29.8;0.5;8.6;176.5
1;2019-01-21 06:00:00;249.5;39.0;7.3;1.0;10972.0;3.5;109.8;62.3;1071.5;42.8;0.1;10.4;251.8
1;2019-01-21 07:00:00;308.4;42.5;7.4;1.0;17535.6;4.7;128.0;79.3;1934.2;48.3;0.1;11.7;291.3
1;2019-01-21 08:00:00;345.5;54.4;9.9;1.2;14993.7;5.5;77.0;89.9;17481.0;60.3;0.0;14.5;327.9
1;2019-01-21 09:00:00;306.7;56.0;10.7;1.3;15886.7;3.5;107.3;78.4;1775.4;61.7;0.0;15.3;300.1
1;2019-01-21 10:00:00;299.9;37.5;9.4;1.0;19332.4;2.9;84.3;45.6;1106.6;55.1;0.0;11.2;264.5
1;2019-01-21 11:00:00;346.4;39.9;10.0;1.0;15321.0;4.7;91.1;85.7;731.6;61.2;0.0;11.3;310.7
1;2019-01-21 12:00:00;326.9;49.1;7.4;1.2;18044.9;3.6;101.8;64.8;1561.5;75.8;0.0;13.3;353.9
1;2019-01-21 13:00:00;327.7;49.3;7.4;1.1;14779.9;4.7;114.1;81.8;1783.3;78.2;0.0;13.2;340.9
1;2019-01-21 14:00:00;303.2;37.7;7.3;1.0;12312.5;3.7;106.2;56.7;2410.7;60.3;0.1;11.3;292.9
1;2019-01-21 15:00:00;308.7;41.7;11.9;1.0;14888.2;4.6;127.7;65.7;1856.0;67.1;0.0;11.6;332.8
1;2019-01-21 16:00:00;232.8;61.7;13.3;1.2;74111.6;7.5;100.1;134.4;1485.1;61.5;0.9;14.7;605.0
1;2019-01-21 17:00:00;526.0;97.1;16.0;26.7;73336.2;21.0;228.9;426.4;7622.6;58.8;14.6;20.7;644.2
1;2019-01-21 18:00:00;594.4;83.5;28.9;25.2;76493.3;28.3;422.9;549.9;5122.5;55.5;54.4;19.1;584.6
1;2019-01-21 19:00:00;366.7;66.3;21.5;1.7;57076.6;14.5;148.9;262.9;1763.0;50.9;3.2;17.7;664.2
1;2019-01-21 20:00:00;399.1;69.6;11.7;1.5;74584.9;17.1;200.3;446.8;3939.9;43.0;6.0;16.4;490.1
1;2019-01-21 21:00:00;354.4;73.8;16.3;1.3;76864.4;14.9;203.0;367.0;2763.5;28.1;1.2;14.1;595.5
1;2019-01-21 22:00:00;279.9;55.9;9.1;0.9;79873.8;13.0;328.0;329.6;1453.9;18.0;3.8;11.8;435.5
1;2019-01-21 23:00:00;320.9;52.0;8.9;1.0;73882.5;10.6;68.7;270.8;1718.6;29.1;0.1;12.0;304.5
1;2019-01-22 00:00:00;352.0;53.1;13.8;1.6;65856.5;22.2;194.5;288.9;11633.3;45.1;24.7;12.7;351.9
1;2019-01-22 01:00:00;296.1;75.0;19.3;2.4;73750.5;24.2;723.6;394.3;5374.6;36.3;9.8;17.1;380.5
1;2019-01-22 02:00:00;293.3;71.2;8.6;1.3;41552.3;19.5;659.2;362.3;6575.9;28.6;9.8;14.8;186.1
1;2019-01-22 03:00:00;384.3;71.8;49.8;8.1;51115.4;21.9;122.2;467.0;6195.8;33.8;23.4;15.0;248.5
1;2019-01-22 04:00:00;234.4;48.0;11.1;1.1;48534.0;9.7;173.1;170.4;1811.9;35.0;2.0;12.9;401.0
1;2019-01-22 05:00:00;266.3;36.9;18.8;0.9;61347.0;7.1;168.9;133.6;2901.2;29.5;2.8;10.1;287.6
1;2019-01-22 06:00:00;319.3;44.5;10.1;1.0;45060.3;7.0;259.5;145.0;1862.1;39.3;1.3;11.5;304.3
1;2019-01-22 07:00:00;330.2;57.4;9.9;1.2;46642.4;6.6;131.1;151.5;7205.0;51.2;0.6;15.1;371.0
1;2019-01-22 08:00:00;333.2;51.2;16.0;1.3;15463.2;6.3;65.0;109.8;634.9;61.6;0.0;15.0;350.6
1;2019-01-22 09:00:00;418.5;38.8;8.4;1.1;16365.8;5.5;120.7;113.5;1936.6;50.9;0.1;11.5;241.0
1;2019-01-22 10:00:00;314.0;44.5;17.8;1.1;15847.4;4.4;182.7;90.8;952.9;63.2;0.3;12.8;350.1
1;2019-01-22 11:00:00;448.8;50.2;20.1;1.2;18406.0;6.7;141.8;166.1;2573.6;64.1;1.2;14.1;859.7
1;2019-01-22 12:00:00;354.2;45.1;27.3;1.2;16321.5;6.2;109.7;132.7;6675.3;53.7;2.1;13.7;284.6
1;2019-01-22 13:00:00;310.8;52.7;21.2;1.4;29633.7;8.9;150.1;174.8;2130.6;59.0;3.4;14.8;397.4
1;2019-01-22 14:00:00;354.3;43.3;22.5;1.2;19251.2;6.8;154.1;125.0;2586.8;67.6;0.1;13.4;367.6
1;2019-01-22 15:00:00;280.8;73.7;10.2;1.7;24728.0;6.3;59.0;126.4;1046.3;79.1;0.2;20.2;416.0
1;2019-01-22 16:00:00;341.5;70.8;10.5;2.5;73788.0;6.8;75.4;162.9;1899.6;72.0;5.5;18.4;497.1
1;2019-01-22 17:00:00;487.1;95.8;12.6;31.2;76414.5;15.2;120.0;337.8;5820.1;61.8;3.5;21.1;445.1
1;2019-01-22 18:00:00;1455.4;94.3;34.7;40.6;66305.2;29.9;150.2;613.2;5753.0;55.1;30.3;21.8;429.9
1;2019-01-22 19:00:00;383.1;81.8;17.4;5.8;63964.2;15.9;218.1;264.3;1986.0;56.2;1.6;20.1;720.3
1;2019-01-22 20:00:00;448.4;73.3;9.8;5.6;73814.2;15.1;136.7;364.6;1797.1;47.6;16.8;15.7;494.1
1;2019-01-22 21:00:00;363.5;77.5;19.6;2.3;94047.5;14.5;194.0;365.6;2702.3;32.9;6.2;14.8;624.0
1;2019-01-22 22:00:00;282.2;64.6;8.6;0.9;74083.6;11.6;169.3;314.9;1142.0;19.1;3.0;11.7;512.6
1;2019-01-22 23:00:00;343.9;58.8;8.2;1.1;81283.3;12.7;343.3;299.7;1423.1;28.2;7.4;12.2;239.9
1;2019-01-23 00:00:00;281.3;54.0;13.8;1.1;49677.9;24.0;195.8;308.7;9700.9;44.9;16.3;12.3;418.5
1;2019-01-23 01:00:00;356.5;71.8;30.0;2.4;74098.1;27.7;720.4;415.9;5438.8;26.6;12.3;17.6;410.5
1;2019-01-23 02:00:00;258.5;79.4;5.2;4.7;74306.9;22.9;641.6;380.7;6176.1;26.8;15.8;13.7;357.3
1;2019-01-23 03:00:00;418.1;70.9;20.8;3.6;55205.7;23.4;421.6;412.9;5208.9;22.7;17.0;13.0;256.1
1;2019-01-23 04:00:00;229.2;36.8;12.2;0.9;36875.5;8.8;137.1;112.0;1843.6;29.4;1.0;9.8;400.4
1;2019-01-23 05:00:00;297.5;30.4;8.2;0.8;43668.0;7.1;89.1;87.8;2173.8;28.7;1.3;8.9;236.0
1;2019-01-23 06:00:00;271.0;39.1;12.8;1.0;15169.2;7.8;95.4;101.5;1584.6;41.4;0.0;11.4;260.4
1;2019-01-23 07:00:00;307.5;47.6;17.6;1.2;15367.6;5.4;30.6;79.2;698.8;48.6;0.0;14.0;315.4
1;2019-01-23 08:00:00;341.2;67.0;21.3;1.7;13448.7;7.7;132.4;138.2;7318.5;71.8;0.0;19.2;374.0
1;2019-01-23 09:00:00;339.1;43.6;13.3;1.1;12281.0;4.7;82.0;71.8;17000.3;64.2;0.0;12.7;319.0
1;2019-01-23 10:00:00;334.9;45.6;7.7;1.0;17415.8;4.9;118.1;112.2;1684.6;57.4;0.0;12.0;406.9
1;2019-01-23 11:00:00;332.6;37.8;17.0;1.0;16844.9;3.0;88.1;57.2;697.6;59.6;0.0;11.1;281.7
1;2019-01-23 12:00:00;307.9;43.4;14.6;1.1;18335.7;3.1;76.9;58.9;1130.2;60.9;0.0;12.2;298.0
1;2019-01-23 13:00:00;311.6;44.7;8.2;1.1;15572.6;3.6;47.9;66.8;850.7;58.5;0.0;12.5;280.4
1;2019-01-23 14:00:00;283.9;40.5;10.1;1.0;13486.8;3.3;82.1;48.3;755.2;57.8;0.0;11.8;284.3
1;2019-01-23 15:00:00;280.1;57.8;10.5;1.3;15698.5;4.3;97.9;85.5;1060.1;74.2;0.0;15.7;373.8
1;2019-01-23 16:00:00;349.4;61.5;10.9;1.3;77179.3;10.7;90.9;303.0;1583.7;78.8;0.1;15.4;517.5
1;2019-01-23 17:00:00;379.4;94.1;12.2;16.8;81591.7;24.7;175.7;569.8;6139.8;77.2;6.4;20.2;413.5
1;2019-01-23 18:00:00;520.1;79.3;28.0;20.9;67167.0;29.5;207.0;656.5;7121.8;71.6;20.3;19.3;480.6
1;2019-01-23 19:00:00;244.7;46.4;7.8;1.0;59120.6;7.2;306.8;181.4;1748.4;67.5;1.1;12.1;588.6
1;2019-01-23 20:00:00;359.7;53.3;8.9;1.0;87274.6;10.8;165.1;276.2;1836.6;35.7;4.2;13.0;644.5
1;2019-01-23 21:00:00;282.5;70.5;14.5;1.1;75414.0;15.8;245.9;412.1;2024.6;24.7;4.7;14.0;597.9
1;2019-01-23 22:00:00;263.6;61.0;9.6;0.9;71425.3;11.8;315.1;298.6;2054.1;20.7;3.6;12.0;257.8
1;2019-01-23 23:00:00;253.3;55.2;10.5;1.0;57176.9;10.8;143.9;273.7;3110.3;30.9;6.3;12.5;422.2
1;2019-01-24 00:00:00;304.7;54.3;20.8;2.2;49989.1;21.7;143.0;292.5;11015.9;55.8;26.4;12.0;378.9
1;2019-01-24 01:00:00;358.4;64.5;23.1;2.6;71277.6;24.7;681.5;393.8;5343.6;23.9;8.7;15.3;193.3
1;2019-01-24 02:00:00;239.3;68.3;7.5;1.3;37931.5;18.8;738.4;347.9;6415.9;36.6;7.8;14.2;209.6
1;2019-01-24 03:00:00;273.8;55.5;47.9;3.2;44516.9;18.1;125.9;367.2;5430.5;28.3;24.0;10.7;212.6
1;2019-01-24 04:00:00;283.1;33.5;9.4;0.9;49200.8;10.1;5138.7;158.3;1653.4;25.8;0.0;9.2;499.0
1;2019-01-24 05:00:00;283.9;28.5;9.1;0.8;43993.7;5.9;5754.8;102.3;1194.4;33.3;0.0;7.7;321.8
1;2019-01-24 06:00:00;278.2;40.7;14.2;1.0;14817.2;7.1;39.0;138.7;915.6;46.4;0.4;10.9;287.3
1;2019-01-24 07:00:00;305.0;40.1;27.0;1.0;16165.5;4.8;56.2;96.9;1126.2;55.6;0.0;11.7;312.4
1;2019-01-24 08:00:00;384.6;62.2;20.2;1.4;14369.3;8.3;102.1;142.5;22703.6;80.5;0.0;16.6;405.1
1;2019-01-24 09:00:00;282.2;47.5;24.3;1.2;19264.9;5.8;118.6;92.1;17693.1;57.5;1.5;13.3;292.5
1;2019-01-24 10:00:00;311.2;38.1;23.2;1.1;16884.6;5.1;188.9;93.0;1521.4;54.3;0.0;11.6;274.6
1;2019-01-24 11:00:00;326.9;39.4;20.0;1.1;17068.8;4.1;182.4;72.1;2375.6;64.6;0.1;11.8;309.5
1;2019-01-24 12:00:00;359.1;51.0;23.6;1.1;33914.2;7.0;113.0;175.0;3039.3;56.4;2.9;13.3;322.1
1;2019-01-24 13:00:00;343.8;51.5;24.9;1.2;31808.1;5.4;175.3;122.5;2314.6;55.6;5.7;13.6;530.3
1;2019-01-24 14:00:00;310.1;48.4;9.9;1.2;31385.2;6.3;136.8;112.3;3612.6;64.4;0.4;13.5;355.8
1;2019-01-24 15:00:00;231.8;47.5;13.0;1.2;28705.1;5.9;124.2;87.2;597.9;65.0;0.0;13.7;329.7
1;2019-01-24 16:00:00;324.1;75.5;11.6;1.5;100940.2;7.6;202.0;156.3;2130.1;67.7;2.1;18.3;600.1
1;2019-01-24 17:00:00;809.5;96.2;22.2;28.2;117061.9;21.3;118.0;461.9;6831.9;62.4;6.4;20.1;410.3
1;2019-01-24 18:00:00;568.4;92.8;36.6;34.9;104304.8;28.4;188.6;578.7;4422.8;54.0;29.3;20.0;382.8
1;2019-01-24 19:00:00;471.5;64.1;67.5;1.7;79642.2;19.1;155.2;362.5;2924.6;52.5;1.5;17.5;775.9
1;2019-01-24 20:00:00;342.2;69.0;17.8;1.8;109913.6;17.7;89.0;418.9;2404.4;37.4;7.6;16.4;564.1
1;2019-01-24 21:00:00;329.2;74.6;16.5;1.4;102575.2;18.3;87.5;466.2;2046.5;25.7;4.9;13.9;629.3
1;2019-01-24 22:00:00;268.4;63.4;8.2;1.0;110108.4;17.7;119.1;445.8;2274.8;18.6;12.1;11.8;523.8
1;2019-01-24 23:00:00;302.0;45.2;8.2;0.9;86774.3;14.2;111.2;337.3;2956.2;23.0;4.5;9.9;329.6
1;2019-01-25 00:00:00;380.8;60.0;28.0;1.9;73782.0;28.9;77.2;419.5;2257.6;40.7;23.8;14.5;294.9
1;2019-01-25 01:00:00;441.4;59.2;23.6;2.1;77735.6;30.9;695.0;503.7;4700.0;36.7;13.1;14.2;266.8
1;2019-01-25 02:00:00;280.1;83.7;13.4;6.2;65937.6;25.6;566.9;434.9;10463.9;29.6;9.7;17.7;180.7
1;2019-01-25 03:00:00;415.5;63.3;15.3;3.3;63440.4;23.5;220.1;426.1;5407.3;23.0;13.4;13.3;204.8
1;2019-01-25 04:00:00;297.5;46.6;39.7;1.0;94053.7;16.0;87.5;283.3;1457.1;30.4;1.3;11.8;502.5
1;2019-01-25 05:00:00;258.9;34.1;8.4;0.9;82161.1;12.4;114.9;210.0;1759.6;32.3;0.4;9.9;301.9
1;2019-01-25 06:00:00;250.0;47.2;10.6;1.1;78779.7;11.9;63.9;191.7;949.0;49.5;0.0;13.8;299.7
1;2019-01-25 07:00:00;335.3;47.2;10.7;1.1;81528.3;10.2;76.2;166.7;1085.4;52.1;0.2;13.1;323.5
1;2019-01-25 08:00:00;306.8;52.8;9.7;1.3;82103.0;8.9;85.3;144.9;6628.3;62.5;0.0;15.3;332.6
1;2019-01-25 09:00:00;367.4;47.6;10.0;1.2;80387.2;8.6;79.1;168.6;1260.0;69.3;0.3;14.0;363.9
1;2019-01-25 10:00:00;349.1;58.7;14.2;1.3;94948.4;8.3;56.9;181.4;5270.5;56.6;0.0;15.1;274.7
1;2019-01-25 11:00:00;317.2;45.1;18.3;1.2;81365.6;9.8;54.1;213.0;1526.6;60.2;0.0;13.2;314.2
1;2019-01-25 12:00:00;341.9;61.5;23.8;1.5;99271.4;13.1;72.0;332.5;1687.7;57.5;0.1;19.6;301.1
1;2019-01-25 13:00:00;363.5;61.9;25.6;1.5;104354.4;8.5;108.1;182.3;2024.7;69.7;0.0;17.6;346.5
1;2019-01-25 14:00:00;345.4;65.4;27.8;1.6;73534.8;7.6;74.9;180.6;1168.6;67.8;4.3;19.1;335.4
1;2019-01-25 15:00:00;241.0;50.9;28.1;1.2;75479.6;7.9;132.6;172.7;1691.6;50.6;3.9;14.6;346.9
1;2019-01-25 16:00:00;223.9;46.8;18.0;1.2;52505.5;7.4;132.5;89.6;2136.4;64.5;0.0;12.7;313.7
1;2019-01-25 17:00:00;168.0;43.4;8.3;1.1;51957.4;6.8;97.0;64.0;384.3;60.8;0.0;12.1;299.3
1;2019-01-25 18:00:00;180.0;48.2;9.6;1.3;53250.5;5.1;99.9;77.0;1135.5;63.4;0.1;14.5;316.9
1;2019-01-25 19:00:00;187.1;53.5;10.1;1.0;101207.4;6.7;114.8;115.6;2068.8;46.3;0.0;12.6;475.5
1;2019-01-25 20:00:00;144.7;33.5;6.7;0.9;45304.3;4.4;134.4;71.4;1233.0;41.7;0.8;9.6;207.1
1;2019-01-25 21:00:00;93.1;28.0;5.7;0.8;45052.1;3.8;118.9;52.5;2067.5;33.5;0.0;7.8;178.1
1;2019-01-25 22:00:00;45.7;12.8;2.1;0.5;45065.0;3.1;85.8;32.4;957.7;7.9;0.0;4.1;74.3
1;2019-01-25 23:00:00;30.4;10.1;0.9;0.5;43159.6;1.6;63.0;11.0;330.8;9.5;0.0;3.6;51.4
1;2019-01-26 00:00:00;359.7;47.9;5.9;5.6;91928.4;24.4;135.3;352.4;12204.5;27.7;26.9;8.8;265.9
1;2019-01-26 01:00:00;341.8;69.2;27.8;2.7;97079.9;28.4;651.5;579.9;2709.6;27.8;18.2;18.7;245.7
1;2019-01-26 02:00:00;267.1;55.3;16.5;1.2;90177.5;19.3;652.0;456.9;1616.6;29.3;15.9;15.1;202.9
1;2019-01-26 03:00:00;321.5;50.3;37.7;1.1;73578.0;18.5;97.0;440.6;2567.6;24.4;7.4;13.8;168.3
1;2019-01-26 04:00:00;227.7;53.8;24.1;1.1;114273.5;11.9;74.1;306.0;2305.0;23.2;9.0;14.3;501.4
1;2019-01-26 05:00:00;177.9;48.5;21.2;1.1;96251.6;8.3;73.0;212.8;2138.2;9.7;5.8;13.4;497.8
1;2019-01-26 06:00:00;156.6;38.1;9.3;0.8;74643.3;6.6;169.8;151.4;2442.9;15.6;1.5;8.6;460.5
1;2019-01-26 07:00:00;212.7;45.2;17.3;1.0;71830.1;5.0;98.7;109.7;2069.9;39.6;0.8;11.3;259.3
1;2019-01-26 08:00:00;222.8;42.0;21.0;1.0;64008.5;5.0;126.9;111.2;6558.8;21.7;2.2;12.0;302.8
1;2019-01-26 09:00:00;220.6;41.7;21.7;1.2;46471.6;4.9;155.8;104.1;17480.7;30.9;2.8;13.0;196.6
1;2019-01-26 10:00:00;214.7;38.0;21.8;0.9;50560.8;5.1;9397.1;98.2;2060.6;42.4;1.8;10.6;240.0
1;2019-01-26 11:00:00;136.9;29.5;8.7;0.8;76088.4;3.2;101.8;56.3;1559.9;33.5;1.2;8.1;220.9
1;2019-01-26 12:00:00;135.6;41.4;8.4;0.9;72908.8;4.4;108.7;87.8;1868.9;32.4;0.6;10.0;1247.1
1;2019-01-26 13:00:00;136.4;36.0;7.2;0.9;46993.5;2.6;220.5;48.7;2036.4;43.5;0.6;9.7;626.3
1;2019-01-26 14:00:00;229.7;73.7;10.5;1.5;46385.7;2.9;122.0;48.1;1828.6;89.5;0.1;18.4;415.9
1;2019-01-26 15:00:00;195.4;69.9;11.6;1.5;48589.4;3.1;109.5;60.0;2036.0;86.9;0.3;18.9;424.4
1;2019-01-26 16:00:00;285.6;78.9;10.6;1.7;102466.0;5.4;147.4;127.3;1507.8;85.9;2.4;18.3;590.6
1;2019-01-26 17:00:00;231.8;75.9;8.4;1.3;100077.6;5.0;106.9;104.0;1091.7;83.3;1.3;17.3;559.7
1;2019-01-26 18:00:00;208.2;71.9;7.2;1.2;84486.6;5.3;77.0;101.5;1472.1;78.4;1.7;15.7;620.4
1;2019-01-26 19:00:00;173.8;50.4;5.3;1.0;91934.1;6.3;132.4;115.7;2397.9;58.1;1.7;11.9;524.7
1;2019-01-26 20:00:00;259.5;61.2;8.5;1.7;102223.5;12.0;167.7;259.3;8535.5;62.7;17.4;14.7;460.5
1;2019-01-26 21:00:00;334.6;61.7;16.7;1.4;80875.7;8.6;111.6;228.1;1573.0;52.8;15.4;15.4;432.1
1;2019-01-26 22:00:00;200.9;64.6;12.6;1.3;73996.1;6.0;131.2;146.6;1900.9;47.0;4.6;17.1;382.1
1;2019-01-26 23:00:00;151.9;41.8;7.6;1.0;69511.0;5.0;137.2;96.1;1689.7;49.8;2.2;11.4;314.4
1;2019-01-27 00:00:00;327.9;54.2;10.1;1.2;50767.1;22.9;176.6;258.1;10381.7;66.5;23.5;14.2;320.6
1;2019-01-27 01:00:00;265.2;58.5;16.7;1.2;73834.7;23.5;746.5;379.5;4907.9;36.6;9.9;16.5;214.7
1;2019-01-27 02:00:00;212.8;62.7;11.5;0.9;81731.0;18.8;791.3;306.8;11184.1;23.9;4.5;13.1;194.1
1;2019-01-27 03:00:00;318.7;49.2;41.8;2.8;73824.9;20.8;101.2;370.1;6369.4;18.0;5.8;12.0;190.5
1;2019-01-27 04:00:00;296.5;46.7;20.8;1.1;92003.3;13.0;5749.4;201.9;2350.4;28.3;4.6;13.2;360.2
1;2019-01-27 05:00:00;258.9;45.2;20.6;1.2;65174.0;6.4;8181.9;120.1;1914.0;34.1;0.0;13.1;255.7
1;2019-01-27 06:00:00;224.5;37.1;18.3;1.0;44551.0;3.6;231.1;53.1;2236.2;35.9;0.0;11.0;223.5
1;2019-01-27 07:00:00;202.0;31.8;6.8;0.8;45414.1;3.8;199.4;68.4;6944.6;33.9;0.0;8.2;218.8
1;2019-01-27 08:00:00;191.4;36.1;7.8;0.9;44480.0;2.2;116.0;63.4;16113.3;37.1;0.0;9.0;231.4
1;2019-01-27 09:00:00;211.8;38.4;10.9;0.9;53853.4;4.6;175.1;85.5;16795.4;43.8;0.0;10.5;248.4
1;2019-01-27 10:00:00;155.2;37.2;8.5;0.9;50428.0;4.0;1050.9;71.8;1218.1;41.0;0.0;9.4;331.7
1;2019-01-27 11:00:00;118.1;24.4;7.1;0.7;43692.6;2.7;427.0;35.3;1300.0;28.7;0.0;6.7;190.4
1;2019-01-27 12:00:00;190.6;38.5;6.6;0.9;47246.7;3.8;129.8;73.1;8267.4;49.3;0.0;9.2;252.6
1;2019-01-27 13:00:00;134.7;22.8;4.3;0.7;49172.7;2.4;114.0;37.9;1752.9;30.6;0.0;6.4;197.0
1;2019-01-27 14:00:00;76.8;20.3;4.7;0.7;45345.4;3.0;210.5;42.6;1839.3;27.5;0.0;6.0;171.9
1;2019-01-27 15:00:00;73.3;26.8;3.6;0.7;54411.6;3.8;137.4;62.9;2342.0;34.0;0.0;6.9;241.8
1;2019-01-27 16:00:00;173.1;37.8;3.2;0.7;118342.6;12.6;138.6;362.6;3178.2;55.1;0.0;7.4;584.3
1;2019-01-27 17:00:00;296.0;78.0;3.3;6.1;101468.0;23.6;229.1;541.4;7064.8;49.6;18.4;12.3;569.7
1;2019-01-27 18:00:00;417.5;47.0;47.7;1.0;83226.5;17.4;259.8;317.5;4528.9;29.0;0.1;11.5;246.4
1;2019-01-27 19:00:00;328.1;34.3;35.4;0.9;81188.0;12.2;267.4;225.7;2381.5;24.3;3.0;9.3;254.3
1;2019-01-27 20:00:00;455.3;79.4;20.9;4.9;85050.6;21.7;292.7;512.0;2770.9;40.1;6.7;19.9;703.5
1;2019-01-27 21:00:00;288.2;77.0;33.5;2.1;78651.3;15.5;204.0;446.4;2091.1;20.8;1.2;19.8;372.1
1;2019-01-27 22:00:00;278.3;61.7;19.1;1.2;73877.4;12.4;203.1;340.9;2149.5;11.8;0.5;15.9;219.1
1;2019-01-27 23:00:00;172.0;47.0;17.1;1.2;73891.7;9.5;209.5;260.5;1658.9;15.5;0.1;14.1;127.4
1;2019-01-28 00:00:00;298.5;51.8;18.5;2.2;51653.0;20.5;366.1;317.3;12054.3;41.2;20.0;14.3;181.1
1;2019-01-28 01:00:00;225.6;48.2;17.5;1.1;85680.5;18.2;910.9;302.3;7017.9;19.4;12.5;12.5;167.4
1;2019-01-28 02:00:00;314.6;75.5;14.6;3.6;62671.8;21.7;653.5;403.8;7470.6;27.6;8.4;16.0;126.2
1;2019-01-28 03:00:00;300.4;57.3;31.6;2.2;75023.2;16.5;241.2;325.7;6475.0;20.1;13.8;12.8;221.9
1;2019-01-28 04:00:00;258.8;45.0;34.4;0.9;98082.5;11.6;208.8;191.1;1032.7;24.1;0.9;10.9;441.9
1;2019-01-28 05:00:00;274.0;35.2;7.1;0.8;82896.1;7.1;250.1;147.3;1737.5;39.9;0.8;8.4;455.7
1;2019-01-28 06:00:00;219.0;44.9;8.0;0.9;73784.1;4.7;203.9;90.2;612.5;49.2;0.0;10.3;475.6
1;2019-01-28 07:00:00;250.2;59.2;9.0;1.2;73484.7;6.3;307.0;141.7;2439.6;55.9;0.6;14.2;523.0
1;2019-01-28 08:00:00;278.9;74.6;11.1;2.1;70398.2;6.3;247.1;148.7;18374.0;65.2;0.2;18.3;519.7
1;2019-01-28 09:00:00;335.5;83.7;14.0;2.8;72272.0;7.9;234.8;196.4;1543.2;72.2;0.8;20.3;426.2
1;2019-01-28 10:00:00;332.1;50.0;8.7;1.1;72961.8;5.9;243.2;111.9;1685.4;56.7;0.4;12.3;376.5
1;2019-01-28 11:00:00;379.0;45.9;9.1;1.1;69572.4;4.5;250.2;91.2;1773.1;75.5;0.2;12.8;345.2
1;2019-01-28 12:00:00;314.2;55.8;9.8;1.4;54791.3;5.7;431.8;114.7;1134.3;79.7;0.2;15.0;441.8
1;2019-01-28 13:00:00;297.9;46.9;7.8;1.2;57905.0;5.3;235.7;115.6;1441.6;67.4;0.2;13.1;383.2
1;2019-01-28 14:00:00;298.2;44.6;8.7;1.1;51243.5;5.6;274.0;105.1;1510.9;65.7;0.2;12.6;310.1
1;2019-01-28 15:00:00;315.4;38.4;7.0;1.0;47369.1;3.9;309.7;65.1;2208.8;65.6;0.0;10.7;322.4
1;2019-01-28 16:00:00;270.9;57.2;7.8;1.3;80450.3;5.7;359.9;99.4;2513.7;75.1;0.1;15.1;483.7
1;2019-01-28 17:00:00;410.0;94.4;8.9;20.7;107239.3;19.4;484.8;390.3;6336.7;62.8;7.3;20.4;345.8
1;2019-01-28 18:00:00;645.0;80.4;27.9;17.7;81934.9;25.7;279.2;486.4;7333.5;58.8;19.6;19.0;482.0
1;2019-01-28 19:00:00;367.4;63.4;9.8;1.6;79122.5;9.5;381.4;211.4;4053.1;58.7;0.4;15.5;670.4
1;2019-01-28 20:00:00;452.2;77.1;16.9;3.3;110200.5;16.3;106.0;455.6;2188.4;54.7;15.1;21.7;549.9
1;2019-01-28 21:00:00;399.0;90.2;26.9;5.5;119492.4;16.2;57.1;443.5;2647.6;36.5;8.9;22.1;569.6
1;2019-01-28 22:00:00;363.6;81.0;19.0;2.2;89828.2;13.0;49.3;337.4;1754.8;31.5;5.0;20.6;429.2
1;2019-01-28 23:00:00;407.4;84.8;16.4;2.4;79246.4;12.7;67.9;311.7;2109.6;36.5;3.4;21.4;278.6
1;2019-01-29 00:00:00;419.7;65.1;22.6;8.4;50703.4;27.3;70.3;374.6;7507.2;46.1;45.9;19.8;239.4
1;2019-01-29 01:00:00;429.7;71.9;26.4;4.7;53800.3;30.8;677.5;484.5;14922.5;37.2;25.7;20.9;239.9
1;2019-01-29 02:00:00;349.4;85.2;13.7;9.7;68835.6;22.2;572.6;397.8;6464.2;37.5;11.3;18.8;339.3
1;2019-01-29 03:00:00;408.3;80.4;61.8;7.3;72770.9;22.0;154.9;397.4;4920.0;28.0;15.3;16.6;173.3
1;2019-01-29 04:00:00;284.8;66.0;17.1;1.7;91306.7;11.4;3238.3;169.0;4288.0;44.5;2.2;17.1;542.4
1;2019-01-29 05:00:00;271.3;40.9;11.3;1.0;81289.1;5.6;6884.3;80.8;1392.5;34.2;0.0;10.4;467.9
1;2019-01-29 06:00:00;301.3;36.3;12.6;1.0;48907.4;3.3;89.6;55.3;1659.0;42.1;0.0;10.4;242.7
1;2019-01-29 07:00:00;247.6;51.6;17.0;1.2;55983.7;3.5;98.9;61.2;6485.8;50.6;0.1;15.2;322.9
1;2019-01-29 08:00:00;315.4;63.6;19.2;1.4;50544.9;5.1;104.2;78.2;29706.1;60.3;0.1;17.1;377.1
1;2019-01-29 09:00:00;255.8;36.6;22.3;1.0;48636.0;4.9;96.1;72.8;6460.0;51.5;0.1;10.7;257.6
1;2019-01-29 10:00:00;430.9;36.5;7.4;1.1;46482.7;4.4;81.8;53.3;697.5;56.1;0.0;10.9;270.5
1;2019-01-29 11:00:00;432.0;83.2;14.3;18.6;69704.3;20.0;110.7;370.6;6331.8;66.4;14.6;17.6;324.4
1;2019-01-29 12:00:00;484.8;74.4;9.2;5.6;65263.0;18.1;131.6;308.6;11134.3;56.0;10.4;16.6;297.1
1;2019-01-29 13:00:00;319.0;51.9;8.8;1.2;48529.4;6.3;82.1;87.9;1675.0;72.8;0.0;13.1;358.6
1;2019-01-29 14:00:00;297.1;37.4;7.4;1.0;51274.9;3.2;66.3;61.3;1074.4;59.0;0.0;10.7;275.7
1;2019-01-29 15:00:00;259.0;37.5;11.5;1.0;46922.8;4.0;143.9;79.6;2222.7;57.8;0.0;10.7;289.0
2;2018-11-02 00:00:00;232.1;48.8;19.5;1.2;31191.2;19.8;421.2;233.2;17128.5;28.9;5.4;15.9;291.9
2;2018-11-02 01:00:00;313.5;82.7;19.1;4.6;43651.2;21.3;592.0;427.1;66366.2;38.2;0.9;17.4;334.2
2;2018-11-02 02:00:00;180.3;54.7;5.7;1.4;27382.7;12.6;476.8;201.3;42628.3;44.3;0.5;15.9;359.6
2;2018-11-02 03:00:00;175.3;44.3;8.0;1.2;10865.0;5.4;387.1;94.9;1648.3;35.8;0.2;14.4;343.4
2;2018-11-02 04:00:00;117.8;31.0;3.2;0.9;41456.1;3.8;395.0;84.1;960.9;18.9;0.0;10.2;577.4
2;2018-11-02 05:00:00;1285.5;25.3;2.8;0.8;40414.1;3.2;412.2;81.9;755.5;18.6;0.0;9.4;299.8
2;2018-11-02 06:00:00;150.9;29.1;3.4;0.9;13841.3;2.9;382.3;69.3;556.9;23.9;0.0;10.7;355.1
2;2018-11-02 07:00:00;191.8;33.1;3.2;1.0;13053.3;4.1;382.3;105.2;1076.4;29.7;0.0;11.5;463.4
2;2018-11-02 08:00:00;220.6;46.2;4.9;1.2;13871.0;3.5;402.6;87.5;5858.5;49.1;0.0;14.5;407.7
2;2018-11-02 09:00:00;199.1;41.5;4.5;1.2;12206.4;3.0;412.1;69.3;430.5;53.3;0.0;14.0;441.4
2;2018-11-02 10:00:00;225.6;46.8;5.2;1.2;18365.2;3.7;390.7;97.1;1215.4;57.1;0.0;14.4;485.8
2;2018-11-02 11:00:00;230.1;45.9;4.9;1.3;13874.0;2.6;380.9;65.9;835.3;66.1;0.0;15.1;433.8
2;2018-11-02 12:00:00;245.7;56.1;5.2;1.4;14351.9;4.3;508.2;100.4;1790.9;66.5;0.7;16.8;429.5
2;2018-11-02 13:00:00;259.5;52.2;4.8;1.3;11092.2;3.5;422.6;80.7;1849.6;64.9;1.7;16.0;431.2
2;2018-11-02 14:00:00;240.3;56.7;5.0;1.4;16970.2;3.5;402.4;88.6;1732.8;68.4;1.4;17.0;458.6
2;2018-11-02 15:00:00;249.5;52.0;7.2;1.4;10259.9;3.0;441.5;76.0;1452.4;69.1;1.1;16.1;439.9
2;2018-11-02 16:00:00;269.9;48.1;5.0;1.3;12482.4;2.4;487.7;76.5;954.6;65.9;0.0;15.4;444.7
2;2018-11-02 17:00:00;278.7;45.2;3.6;1.2;9137.0;3.5;404.4;45.3;317.4;65.4;0.0;14.1;435.0
2;2018-11-02 18:00:00;166.0;32.2;4.1;1.1;9184.4;0.3;409.4;5.0;60.5;57.6;0.0;12.5;1100.9
2;2018-11-02 19:00:00;92.1;27.5;8.2;1.0;14857.0;2.9;345.9;72.2;7486.5;46.7;0.0;11.2;608.1
2;2018-11-02 20:00:00;135.8;24.2;2.7;0.9;13578.8;1.9;392.9;46.7;92.9;30.9;0.0;9.7;327.0
2;2018-11-02 21:00:00;78.4;23.5;5.7;0.8;32210.4;2.1;386.9;65.4;217.3;16.8;0.0;9.7;316.4
2;2018-11-02 22:00:00;72.5;12.3;4.9;0.5;17250.2;2.0;412.3;65.0;28.5;8.7;0.0;4.8;128.1
2;2018-11-02 23:00:00;177.7;35.7;5.1;0.8;38908.2;9.5;396.2;205.0;1156.7;20.7;0.5;10.3;415.1
2;2018-11-03 00:00:00;246.5;52.2;8.0;1.1;51580.8;21.1;442.0;293.5;12436.2;30.7;14.3;14.3;471.7
2;2018-11-03 01:00:00;208.3;44.4;7.4;1.1;42852.6;19.4;433.3;275.3;1004.0;37.2;9.9;14.0;384.8
2;2018-11-03 02:00:00;62.5;24.9;1.4;0.8;32438.4;8.7;436.9;172.2;568.0;18.7;0.1;9.0;236.2
2;2018-11-03 03:00:00;71.3;16.1;4.8;0.7;18028.9;5.2;409.5;129.5;36.7;16.7;0.0;7.3;252.2
2;2018-11-03 04:00:00;71.2;27.8;1.7;0.9;43644.7;4.1;390.7;98.2;131.3;24.4;0.0;9.7;514.8
2;2018-11-03 05:00:00;123.8;31.6;1.9;1.1;39520.5;3.4;373.4;74.7;326.6;35.2;0.0;12.4;356.7
2;2018-11-03 06:00:00;62.2;19.5;2.4;0.8;14702.7;3.0;359.8;65.4;85.6;19.4;0.0;8.3;264.9
2;2018-11-03 07:00:00;88.7;18.1;1.3;0.8;11227.1;1.1;375.6;34.6;69.9;19.5;0.0;8.1;267.7
2;2018-11-03 08:00:00;131.7;20.1;1.4;0.8;10414.9;1.2;369.4;34.4;15861.4;24.5;0.0;9.0;303.0
2;2018-11-03 09:00:00;119.4;19.9;2.5;0.8;8324.5;0.2;375.1;4.0;10279.6;25.5;0.0;9.0;322.2
2;2018-11-03 10:00:00;50.7;25.2;2.2;0.9;8544.3;0.3;362.9;10.9;1217.9;31.8;0.0;10.6;419.7
2;2018-11-03 11:00:00;160.4;25.9;2.2;0.9;8584.0;1.1;385.4;17.2;128.2;47.7;0.0;10.5;404.0
2;2018-11-03 12:00:00;68.0;25.0;1.8;1.0;8638.9;1.1;383.1;17.3;78.4;36.5;0.0;10.4;344.9
2;2018-11-03 13:00:00;51.3;27.8;1.9;0.9;16395.8;1.0;367.3;17.2;34.7;31.4;0.0;10.0;630.5
2;2018-11-03 14:00:00;45.9;26.9;1.7;0.8;16414.6;1.1;382.8;17.7;28.5;28.6;0.0;9.3;641.5
2;2018-11-03 15:00:00;43.9;14.5;1.5;0.4;16369.0;1.1;360.6;17.2;45.7;13.0;0.0;4.2;497.7
2;2018-11-03 16:00:00;32.9;14.8;1.3;0.4;16119.6;0.1;366.7;1.5;48.2;13.2;0.0;4.4;516.5
2;2018-11-03 17:00:00;56.3;14.6;3.2;0.4;16110.6;0.1;373.1;1.3;20.2;10.4;0.0;4.3;497.3
2;2018-11-03 18:00:00;16.1;11.6;1.6;0.3;16123.1;0.0;388.7;1.1;16.0;7.6;0.0;3.1;578.8
2;2018-11-03 19:00:00;14.8;10.7;1.3;0.3;16140.2;0.0;297.9;1.3;43.6;5.4;0.0;2.6;495.0
2;2018-11-03 20:00:00;17.2;13.2;1.0;0.3;16136.1;0.1;380.4;1.9;5474.7;10.1;0.0;3.5;523.6
2;2018-11-03 21:00:00;37.1;19.8;2.4;0.7;17166.1;0.0;378.2;1.2;13.8;12.4;0.0;7.3;687.0
2;2018-11-03 22:00:00;36.0;11.5;0.9;0.3;17147.5;0.6;394.4;18.6;840.8;13.0;0.0;2.8;520.8
2;2018-11-03 23:00:00;117.9;33.8;3.9;0.7;31912.8;6.0;378.8;97.1;1909.4;11.5;5.1;8.2;895.3
2;2018-11-04 00:00:00;160.1;38.0;13.6;0.9;61312.3;15.0;402.5;160.0;6107.3;14.9;9.8;10.3;620.0
2;2018-11-04 01:00:00;218.5;55.3;21.4;0.9;76918.3;20.6;407.4;322.4;80913.1;24.0;19.3;12.2;627.8
2;2018-11-04 02:00:00;218.4;50.9;17.3;0.7;60234.2;18.2;342.5;272.2;39757.4;7.4;12.8;10.0;552.2
2;2018-11-04 03:00:00;82.6;21.9;21.6;0.7;44157.9;10.2;358.4;105.6;108.3;8.3;0.0;7.4;552.2
2;2018-11-04 04:00:00;96.2;23.1;17.3;0.6;67670.8;10.2;354.8;105.3;94.2;6.2;0.0;6.5;738.0
2;2018-11-04 05:00:00;112.7;22.7;19.1;0.7;43167.4;10.1;367.8;105.3;103.7;7.7;0.0;7.8;498.4
2;2018-11-04 06:00:00;243.7;71.5;24.1;1.0;96292.1;17.7;359.7;314.0;1835.4;10.7;0.1;14.5;762.5
2;2018-11-04 07:00:00;465.0;80.3;19.9;2.0;72576.4;17.9;381.9;308.9;752.9;29.1;0.0;17.4;614.6
2;2018-11-04 08:00:00;236.3;59.6;19.9;1.3;57154.2;14.6;385.5;216.9;356.3;31.5;0.0;16.4;620.4
2;2018-11-04 09:00:00;188.6;53.1;22.6;1.2;46417.5;14.0;356.3;213.9;1091.0;27.0;0.0;15.8;592.0
2;2018-11-04 10:00:00;177.8;55.6;20.9;1.2;41512.0;14.8;345.0;242.2;638.9;27.6;0.0;16.1;570.8
2;2018-11-04 11:00:00;105.0;34.7;16.6;0.9;24164.7;11.7;389.2;144.8;300.4;19.3;0.0;10.3;602.9
2;2018-11-04 12:00:00;139.5;21.4;14.5;0.6;23828.8;12.2;370.5;203.2;497.2;12.6;0.0;6.5;643.4
2;2018-11-04 13:00:00;180.8;45.7;30.7;1.3;26340.5;15.9;363.2;331.2;1092.9;15.3;0.0;16.3;482.1
2;2018-11-04 14:00:00;127.3;34.9;29.0;1.1;20462.2;12.3;337.2;217.4;1018.6;5.6;0.0;12.7;436.3
2;2018-11-04 15:00:00;130.9;31.9;29.3;1.0;20400.8;12.3;366.3;217.4;992.8;5.5;0.0;11.6;482.6
2;2018-11-04 16:00:00;87.3;17.5;13.7;0.5;18341.7;9.5;371.1;127.9;183.2;5.6;0.0;5.5;535.9
2;2018-11-04 17:00:00;62.9;18.8;15.3;0.6;18360.4;9.3;268.9;121.3;446.4;6.3;0.0;6.2;542.2
2;2018-11-04 18:00:00;87.6;17.3;16.4;0.5;18317.8;9.2;356.1;121.2;390.3;5.4;0.0;5.5;495.4
2;2018-11-04 19:00:00;18.3;10.9;1.4;0.3;16797.5;3.3;298.9;49.2;19.1;7.9;0.0;2.8;546.2
2;2018-11-04 20:00:00;51.0;11.0;1.0;0.4;16210.4;2.2;423.1;31.7;255.4;15.2;0.0;4.2;307.7
2;2018-11-04 21:00:00;96.1;31.6;3.8;1.0;12928.6;5.5;423.9;111.0;1003.3;29.6;0.0;11.4;387.8
2;2018-11-04 22:00:00;83.8;26.5;1.6;0.8;35191.3;2.5;425.6;68.3;619.5;23.9;0.0;8.9;335.5
2;2018-11-04 23:00:00;79.4;21.9;1.8;0.9;22288.0;1.3;395.1;35.3;66.4;26.1;0.0;9.6;356.4
2;2018-11-05 00:00:00;182.4;30.8;4.6;1.1;9157.8;2.8;409.3;60.5;1629.6;36.7;0.0;12.3;361.7
2;2018-11-05 01:00:00;174.3;48.8;2.9;0.9;28518.0;7.1;441.3;202.1;64668.7;34.5;0.4;11.9;327.7
2;2018-11-05 02:00:00;71.0;25.7;1.7;1.0;7840.8;1.1;388.0;34.7;40340.9;28.6;0.0;10.6;317.2
2;2018-11-05 03:00:00;52.4;20.4;4.1;0.8;7810.4;0.3;366.8;1.3;8.8;20.1;0.0;8.6;270.4
2;2018-11-05 04:00:00;119.8;32.9;2.1;1.0;41603.6;2.8;379.3;63.0;354.7;23.3;0.0;11.3;440.9
2;2018-11-05 05:00:00;63.9;17.8;1.5;0.7;8923.3;0.8;368.8;11.5;40.6;20.4;0.0;7.9;298.0
2;2018-11-05 06:00:00;517.5;60.7;4.5;0.9;96738.9;8.4;371.3;211.1;2227.8;12.3;0.1;12.7;589.8
2;2018-11-05 07:00:00;214.1;53.4;5.4;0.8;73183.3;10.3;381.9;258.7;1752.9;11.8;0.0;11.2;441.8
2;2018-11-05 08:00:00;244.2;33.8;5.8;0.9;63791.4;6.3;407.2;192.0;22072.9;13.7;0.0;10.8;293.4
2;2018-11-05 09:00:00;177.8;29.3;4.0;0.9;39871.1;4.2;384.3;97.5;1545.2;20.5;0.1;10.2;352.4
2;2018-11-05 10:00:00;163.8;25.1;2.6;0.7;14407.6;2.4;387.3;46.2;1320.4;20.9;0.2;8.7;357.6
2;2018-11-05 11:00:00;119.3;22.8;2.7;0.8;14381.8;2.2;423.1;45.3;1054.6;24.8;0.0;8.6;330.8
2;2018-11-05 12:00:00;98.6;24.8;3.8;0.8;8914.3;2.1;432.7;41.1;1320.8;23.7;0.4;9.3;333.2
2;2018-11-05 13:00:00;99.3;28.9;4.9;0.9;12961.2;2.9;393.6;62.0;1380.4;26.5;0.1;10.4;369.4
2;2018-11-05 14:00:00;90.6;26.5;2.6;0.9;8684.8;1.7;445.3;31.6;1108.1;28.2;0.6;10.8;343.0
2;2018-11-05 15:00:00;90.1;29.6;2.5;0.9;12729.8;2.7;376.4;43.9;1812.8;28.0;0.2;10.9;376.5
2;2018-11-05 16:00:00;81.3;23.3;1.9;0.7;11907.0;3.0;458.4;52.6;1956.6;17.1;0.3;8.5;314.8
2;2018-11-05 17:00:00;82.5;13.5;2.6;0.4;8961.4;2.5;481.3;40.3;2204.6;7.7;0.4;4.1;125.5
2;2018-11-05 18:00:00;61.5;16.4;2.0;0.4;8027.5;2.5;419.9;47.0;2033.2;7.7;0.1;4.7;169.0
2;2018-11-05 19:00:00;70.5;13.8;1.9;0.4;13300.8;2.7;347.1;48.3;1531.4;6.7;0.2;4.2;124.8
2;2018-11-05 20:00:00;177.0;37.7;19.7;1.1;19076.0;7.4;379.5;222.9;1582.8;11.7;1.0;15.0;155.6
2;2018-11-05 21:00:00;129.3;41.5;21.5;1.3;13295.3;6.0;394.4;175.5;1153.8;12.6;0.4;17.4;201.6
2;2018-11-05 22:00:00;145.7;34.0;18.6;1.1;17870.4;6.1;392.5;181.9;1706.3;11.0;0.4;14.4;187.1
2;2018-11-05 23:00:00;161.6;40.6;6.0;0.9;25386.1;9.0;368.2;182.0;2453.7;15.1;4.5;12.1;572.4
2;2018-11-06 00:00:00;294.9;62.6;16.1;1.5;33858.4;18.6;413.4;239.1;4710.4;40.4;16.6;18.4;352.8
2;2018-11-06 01:00:00;312.3;79.6;12.6;2.2;40420.9;20.0;497.6;357.7;95356.7;54.4;12.1;19.0;365.6
2;2018-11-06 02:00:00;188.0;53.0;5.6;1.2;28358.9;7.7;496.5;125.3;12917.9;40.0;2.2;15.3;333.3
2;2018-11-06 03:00:00;159.9;51.0;13.9;1.2;33267.7;6.7;391.7;111.8;1271.4;34.2;1.5;14.8;337.4
2;2018-11-06 04:00:00;147.0;36.2;8.5;1.0;45606.3;4.3;7740.0;78.3;969.9;26.9;0.1;11.9;632.1
2;2018-11-06 05:00:00;140.0;27.5;2.5;0.9;11943.3;2.0;405.2;43.6;639.8;25.1;0.0;10.2;332.5
2;2018-11-06 06:00:00;302.4;76.9;5.5;2.4;106802.0;10.0;410.3;263.0;2232.3;26.4;0.1;16.5;569.7
2;2018-11-06 07:00:00;443.4;78.9;5.4;2.1;74558.2;11.6;421.9;314.5;7601.2;31.9;0.1;16.8;561.1
2;2018-11-06 08:00:00;330.0;56.1;8.5;1.3;56296.3;6.2;421.6;182.2;16831.7;49.6;0.0;16.4;406.3
2;2018-11-06 09:00:00;270.9;51.4;8.0;1.3;36746.6;4.7;431.0;129.7;16197.7;53.1;0.0;15.7;421.8
2;2018-11-06 10:00:00;225.0;49.2;7.5;1.3;30397.6;4.0;413.4;104.6;825.7;56.9;0.0;15.6;2130.4
2;2018-11-06 11:00:00;246.1;53.6;5.0;1.3;30420.0;5.4;412.7;140.2;1675.0;56.3;0.6;15.8;434.6
2;2018-11-06 12:00:00;271.0;42.4;4.1;1.1;27300.1;3.8;373.9;98.5;576.9;56.3;0.0;14.4;403.0
2;2018-11-06 13:00:00;206.6;49.3;5.0;1.2;30224.7;4.0;397.3;110.4;1364.8;56.0;0.0;15.5;441.9
2;2018-11-06 14:00:00;265.3;44.6;4.3;1.2;30999.2;4.9;370.9;145.1;1164.3;53.7;0.0;14.2;406.3
2;2018-11-06 15:00:00;245.3;43.9;4.0;1.2;26805.4;3.3;402.9;95.3;801.5;55.8;0.1;14.8;402.6
2;2018-11-06 16:00:00;252.1;58.9;5.5;1.3;32713.8;6.8;467.5;175.9;2500.7;63.3;2.6;17.3;454.8
2;2018-11-06 17:00:00;274.0;46.2;4.6;1.3;34771.8;5.5;508.0;121.1;1289.5;62.5;0.9;14.9;463.7
2;2018-11-06 18:00:00;226.4;39.9;3.5;1.1;30747.6;4.2;500.1;108.4;1159.7;55.8;0.2;13.9;454.3
2;2018-11-06 19:00:00;128.3;35.8;3.9;1.1;35160.4;4.8;333.6;105.1;994.6;47.7;0.0;12.9;441.5
2;2018-11-06 20:00:00;211.6;37.8;5.7;1.1;50550.3;6.4;425.4;142.1;347.4;44.3;0.0;13.3;445.1
2;2018-11-06 21:00:00;184.4;38.8;6.7;1.1;30699.3;6.5;533.2;147.2;1877.7;40.5;1.6;13.7;439.0
2;2018-11-06 22:00:00;231.0;43.4;7.8;1.1;36832.9;7.2;505.4;171.8;2822.6;35.9;1.8;14.3;396.2
2;2018-11-06 23:00:00;253.2;46.4;6.0;1.0;45027.4;11.6;413.7;214.8;3083.6;29.3;5.2;13.9;691.7
2;2018-11-07 00:00:00;309.7;51.5;8.9;1.1;50254.9;21.4;437.7;239.8;16612.6;35.6;9.4;14.4;403.6
2;2018-11-07 01:00:00;373.7;81.5;11.1;4.2;65292.6;23.2;642.1;432.8;40121.1;42.4;3.6;17.5;379.6
2;2018-11-07 02:00:00;262.5;80.4;11.1;2.8;52933.9;18.2;429.4;302.6;53993.0;45.6;1.4;18.1;378.9
2;2018-11-07 03:00:00;280.1;41.4;15.5;1.1;44279.6;8.2;406.4;123.8;1157.4;34.3;0.0;13.5;370.1
2;2018-11-07 04:00:00;152.0;35.4;12.2;1.0;51519.9;4.6;370.3;79.0;1196.1;25.8;0.1;12.5;649.6
2;2018-11-07 05:00:00;158.1;32.5;3.0;0.9;43272.5;4.4;248.9;68.7;1769.7;24.9;0.0;10.7;532.3
2;2018-11-07 06:00:00;314.6;74.7;5.8;1.1;109953.2;11.6;33.8;249.7;2282.8;22.9;0.1;14.8;575.2
2;2018-11-07 07:00:00;553.8;74.8;7.1;1.5;69952.8;11.8;76.7;289.7;1623.4;30.1;0.2;16.1;554.5
2;2018-11-07 08:00:00;245.6;57.8;9.0;1.3;59147.9;7.6;63.1;201.5;16746.4;46.0;0.1;16.4;438.7
2;2018-11-07 09:00:00;261.4;46.3;6.0;1.1;14783.6;4.3;57.1;148.6;1076.4;56.9;0.0;14.3;403.6
2;2018-11-07 10:00:00;304.5;55.6;4.7;1.3;13752.2;3.7;92.2;92.8;1073.9;73.0;0.0;16.6;549.2
2;2018-11-07 11:00:00;266.9;48.3;5.6;1.1;19325.7;5.8;96.0;79.0;1339.3;53.5;0.0;14.5;495.6
2;2018-11-07 12:00:00;237.6;42.5;5.4;1.2;14610.9;4.5;43.0;76.8;253.8;54.5;0.0;14.3;438.4
2;2018-11-07 13:00:00;255.7;50.5;5.9;1.2;13982.7;5.4;66.3;110.8;1110.2;52.5;0.0;15.1;450.3
2;2018-11-07 14:00:00;247.9;50.4;5.8;1.2;17463.3;6.0;147.7;119.0;1709.6;52.9;0.5;15.4;470.0
2;2018-11-07 15:00:00;233.0;47.6;5.1;1.2;10174.9;5.6;144.2;126.4;1603.4;54.3;0.1;14.8;449.9
2;2018-11-07 16:00:00;269.7;47.8;4.3;1.2;14112.6;5.5;129.1;125.0;810.8;55.8;0.1;14.5;447.7
2;2018-11-07 17:00:00;178.4;42.4;4.0;1.1;42365.5;5.3;107.2;133.7;948.2;57.7;1.0;13.5;450.6
2;2018-11-07 18:00:00;232.8;33.7;4.0;1.0;21550.4;5.0;84.8;112.6;546.7;49.9;0.0;12.3;463.8
2;2018-11-07 19:00:00;212.8;35.0;4.1;1.0;28300.1;6.9;29.9;153.9;731.2;43.8;0.2;12.4;465.7
2;2018-11-07 20:00:00;258.7;30.5;5.3;0.9;25208.0;6.9;66.0;146.5;957.1;32.9;0.0;10.5;335.6
2;2018-11-07 21:00:00;171.2;30.3;10.4;0.9;12714.7;7.5;173.9;148.6;2090.8;28.5;1.6;10.4;337.3
2;2018-11-07 22:00:00;167.5;36.6;12.5;0.9;15566.9;6.4;162.0;141.7;2604.2;26.5;2.0;12.1;354.7
2;2018-11-07 23:00:00;214.0;42.0;7.4;0.9;37165.0;12.2;134.9;232.8;2758.4;19.1;4.0;11.4;641.3
2;2018-11-08 00:00:00;269.8;55.7;10.1;1.2;51752.0;25.2;89.1;378.5;11886.4;51.4;9.4;15.8;466.7
2;2018-11-08 01:00:00;307.3;75.6;10.2;1.8;55304.2;27.1;159.1;605.6;57772.7;58.4;9.6;15.0;468.7
2;2018-11-08 02:00:00;262.6;61.2;5.7;1.2;44365.9;21.0;82.0;449.8;56699.6;54.1;5.0;15.2;403.3
2;2018-11-08 03:00:00;217.9;45.0;8.6;1.1;33218.5;8.0;43.1;143.0;693.3;36.9;0.0;14.3;373.4
2;2018-11-08 04:00:00;150.8;40.1;14.1;1.0;54561.9;7.3;4739.9;139.0;783.6;25.5;0.1;12.1;699.6
2;2018-11-08 05:00:00;138.6;29.1;3.5;0.8;51570.5;5.9;6022.0;102.7;880.8;22.9;0.0;10.1;419.0
2;2018-11-08 06:00:00;161.8;25.8;3.3;0.9;19699.6;5.8;48.6;98.1;680.9;24.5;0.0;10.0;319.0
2;2018-11-08 07:00:00;225.0;35.7;4.0;1.0;19727.0;7.3;62.2;151.3;1124.6;33.9;0.0;12.3;461.3
2;2018-11-08 08:00:00;256.2;54.0;5.2;3.8;86752.8;11.6;87.5;203.8;16841.4;42.7;0.1;14.1;467.9
2;2018-11-08 09:00:00;411.4;94.1;12.2;12.9;106629.6;20.6;66.1;382.6;1491.3;45.3;0.3;17.5;563.7
2;2018-11-08 10:00:00;565.9;91.5;17.2;20.8;74346.9;24.4;95.6;481.2;1465.4;57.9;0.2;18.6;565.0
2;2018-11-08 11:00:00;312.3;74.5;8.6;2.4;76699.0;14.6;181.8;296.8;1601.6;57.9;0.1;18.1;432.9
2;2018-11-08 12:00:00;357.6;79.6;7.7;2.8;46522.5;10.0;161.9;276.2;68126.5;54.2;0.0;17.6;360.2
2;2018-11-08 13:00:00;289.3;74.4;5.5;1.5;22090.6;7.7;101.7;216.5;49325.5;77.0;0.0;18.3;455.8
2;2018-11-08 14:00:00;244.2;59.6;4.0;1.3;24561.8;8.2;75.1;151.7;804.7;69.6;0.0;16.2;475.7
2;2018-11-08 15:00:00;264.7;51.5;3.5;1.3;20306.3;6.3;97.8;126.2;837.9;68.8;0.0;15.4;430.0
2;2018-11-08 16:00:00;240.2;55.8;7.1;1.3;18644.2;7.3;109.1;119.5;18942.1;64.8;0.2;15.8;469.7
2;2018-11-08 17:00:00;286.7;52.4;4.6;1.2;15786.8;8.4;127.5;130.6;1632.0;67.2;0.0;15.2;447.0
2;2018-11-08 18:00:00;218.1;48.9;4.5;1.3;12745.1;7.3;95.8;119.1;1529.8;64.8;0.2;15.1;470.2
2;2018-11-08 19:00:00;239.9;43.3;4.2;1.1;35387.5;5.4;81.0;72.1;575.6;49.7;0.0;13.4;488.3
2;2018-11-08 20:00:00;314.6;52.0;18.9;1.4;38812.9;10.1;127.7;251.7;1579.4;39.9;0.8;19.0;318.3
2;2018-11-08 21:00:00;197.1;51.0;20.3;1.4;18495.4;8.1;84.2;204.3;1504.7;20.3;0.7;18.9;261.4
2;2018-11-08 22:00:00;229.4;54.1;21.6;1.4;18407.4;9.5;88.9;249.3;2843.0;16.1;0.6;19.3;254.4
2;2018-11-08 23:00:00;291.4;59.2;19.9;1.3;28691.9;12.9;68.6;285.2;3184.8;19.9;4.8;18.6;592.5
2;2018-11-09 00:00:00;254.6;48.1;10.8;1.1;32265.3;19.9;132.3;234.4;13486.7;30.4;11.3;14.4;429.0
2;2018-11-09 01:00:00;339.3;91.7;12.9;5.7;40803.4;23.7;173.9;454.1;41470.4;43.8;11.3;20.5;362.6
2;2018-11-09 02:00:00;314.5;74.5;9.6;1.5;33413.8;17.1;124.1;323.9;56183.9;38.1;1.1;17.8;304.1
2;2018-11-09 03:00:00;232.8;54.9;15.4;1.4;32054.7;8.3;35.1;161.4;619.0;43.1;0.1;17.2;344.3
2;2018-11-09 04:00:00;150.0;42.0;5.5;1.0;84819.8;4.5;72.6;107.4;519.1;23.9;1.3;11.7;836.2
2;2018-11-09 05:00:00;130.5;35.0;2.0;1.0;68609.2;5.5;56.0;119.8;940.2;27.6;0.0;11.5;647.6
2;2018-11-09 06:00:00;120.7;36.8;4.2;1.0;23148.0;5.7;55.0;116.9;772.4;24.6;0.1;12.1;352.4
2;2018-11-09 07:00:00;104.2;26.0;3.5;1.0;8640.5;2.2;37.0;34.8;45.5;30.7;0.0;10.6;347.4
2;2018-11-09 08:00:00;186.7;34.6;6.3;1.1;10360.3;4.9;43.8;63.6;16737.7;42.5;0.0;12.4;393.5
2;2018-11-09 09:00:00;302.9;46.1;4.1;1.2;14937.9;8.0;98.9;206.3;614.8;52.6;0.1;14.3;401.7
2;2018-11-09 10:00:00;263.6;49.6;4.4;1.2;18482.6;9.5;179.7;241.3;1590.8;62.5;1.5;14.9;426.4
2;2018-11-09 11:00:00;222.4;45.3;4.0;1.3;16727.5;7.3;67.0;173.7;279.5;77.9;0.0;14.8;480.0
2;2018-11-09 12:00:00;253.3;46.3;4.7;1.2;30904.5;5.8;89.4;158.2;1245.9;80.6;0.0;14.6;482.4
2;2018-11-09 13:00:00;243.1;50.6;3.9;1.3;40116.9;6.7;63.0;178.1;482.0;91.6;0.0;15.4;565.0
2;2018-11-09 14:00:00;390.5;58.7;6.4;1.3;35281.6;13.1;82.1;374.3;783.4;119.6;1.8;17.4;613.9
2;2018-11-09 15:00:00;340.1;72.0;19.7;1.8;25219.7;9.9;90.4;300.9;937.5;63.4;1.2;22.8;379.0
2;2018-11-09 16:00:00;324.0;73.3;18.0;1.7;20983.3;7.9;55.1;233.4;810.2;67.6;0.3;23.8;380.4
2;2018-11-09 17:00:00;370.2;72.3;18.3;1.8;24272.4;9.7;76.1;235.5;970.9;66.3;0.1;23.4;368.6
2;2018-11-09 18:00:00;318.8;63.3;19.3;1.6;20260.6;7.6;263.4;208.8;7014.7;59.2;0.0;21.7;387.6
2;2018-11-09 19:00:00;226.4;42.2;6.3;1.3;22600.1;4.3;64.1;131.1;2253.4;53.9;0.0;15.0;409.1
2;2018-11-09 20:00:00;231.9;42.3;7.1;1.2;18518.0;5.2;104.8;148.9;7023.0;39.0;0.4;14.3;376.8
2;2018-11-09 21:00:00;224.4;52.5;13.1;1.3;38404.2;6.0;109.1;186.7;1335.5;44.0;0.0;16.6;469.7
2;2018-11-09 22:00:00;219.0;47.1;6.5;1.2;28675.3;5.6;61.2;169.1;911.2;51.6;0.0;14.7;418.3
2;2018-11-09 23:00:00;202.9;40.1;11.7;1.1;25657.8;5.6;211.0;162.8;1613.3;45.5;0.1;13.2;419.8
2;2018-11-10 00:00:00;301.4;60.8;14.8;1.7;35705.6;20.4;131.8;248.7;6266.1;50.3;3.0;18.3;383.4
2;2018-11-10 01:00:00;349.3;74.5;18.1;2.0;26409.6;20.6;150.8;299.8;2764.4;60.6;4.3;20.8;384.1
2;2018-11-10 02:00:00;225.6;66.7;19.6;1.4;29553.5;12.3;104.8;240.8;2359.9;46.4;2.5;18.1;387.9
2;2018-11-10 03:00:00;240.2;53.4;16.8;1.3;46742.2;8.5;95.2;216.9;1200.6;43.0;3.9;16.4;406.3
2;2018-11-10 04:00:00;175.0;41.4;8.3;0.9;70335.6;6.8;5739.9;178.4;2061.5;27.9;1.7;12.5;587.7
2;2018-11-10 05:00:00;139.4;34.4;7.3;0.9;48126.9;4.7;7344.9;140.1;1405.5;30.5;0.0;11.4;615.7
2;2018-11-10 06:00:00;160.8;30.4;7.4;1.0;20906.2;4.3;154.9;119.6;1611.4;30.7;0.4;11.6;386.0
2;2018-11-10 07:00:00;126.1;34.4;7.6;1.0;22044.5;4.2;60.9;85.5;6827.3;29.0;0.1;12.0;373.8
2;2018-11-10 08:00:00;177.0;40.0;7.3;1.0;24509.8;5.2;122.0;130.4;16996.3;32.0;0.1;13.2;384.7
2;2018-11-10 09:00:00;157.1;33.4;7.9;1.0;14667.1;3.7;88.9;73.2;1207.3;36.8;0.1;12.4;376.1
2;2018-11-10 10:00:00;108.4;34.9;9.6;1.0;17293.6;3.7;10292.7;122.9;1400.5;37.2;0.1;12.7;412.8
2;2018-11-10 11:00:00;164.8;34.6;8.2;1.0;19760.0;3.6;154.3;96.5;1943.2;36.2;0.3;12.2;441.9
2;2018-11-10 12:00:00;131.5;30.7;8.9;1.0;14967.0;2.7;144.1;68.9;1424.6;37.7;0.4;11.9;381.9
2;2018-11-10 13:00:00;192.8;39.8;9.0;1.1;21464.6;3.4;11999.5;81.5;1713.4;43.3;0.6;13.9;631.2
2;2018-11-10 14:00:00;192.9;47.7;8.7;1.2;21014.9;4.1;13410.4;90.5;1442.3;47.8;0.1;14.9;664.0
2;2018-11-10 15:00:00;127.5;43.6;7.6;1.2;23942.9;3.0;12777.8;85.3;1433.1;45.6;0.3;14.4;661.9
2;2018-11-10 16:00:00;122.1;36.3;8.9;0.9;25284.6;3.2;12967.5;90.6;1199.8;30.7;0.5;11.5;626.7
2;2018-11-10 17:00:00;115.1;31.8;8.3;0.8;22075.7;3.7;13411.3;73.6;1523.6;28.1;0.2;9.8;608.2
2;2018-11-10 18:00:00;87.6;25.1;7.6;0.7;25594.9;2.2;19658.8;56.0;1061.3;19.0;0.1;8.2;539.8
2;2018-11-10 19:00:00;149.4;29.6;8.4;0.7;21695.8;3.7;14723.9;88.3;1432.8;17.5;0.1;8.8;674.3
2;2018-11-10 20:00:00;147.4;41.0;12.2;1.0;36087.9;6.1;20289.9;139.8;1416.2;22.6;1.4;13.3;576.1
2;2018-11-10 21:00:00;189.7;38.9;8.0;1.0;23290.8;4.8;17472.1;122.4;1540.4;24.1;1.7;12.7;604.2
2;2018-11-10 22:00:00;142.7;32.9;8.7;0.9;28337.6;4.1;18836.5;97.7;5900.7;24.8;1.1;10.7;630.4
2;2018-11-10 23:00:00;253.2;57.8;5.2;1.3;64941.7;16.7;22204.6;424.6;2804.2;48.2;9.7;14.8;1030.5
2;2018-11-11 00:00:00;192.0;43.3;9.0;0.9;50501.5;16.3;18714.8;362.1;16071.5;70.2;5.5;11.4;944.6
2;2018-11-11 01:00:00;314.0;94.6;15.1;10.0;63356.5;21.6;15439.0;438.8;63059.4;47.8;11.6;20.0;558.3
2;2018-11-11 02:00:00;359.1;82.5;14.7;5.5;56354.2;19.9;15567.4;380.6;34310.1;50.1;7.1;19.0;609.9
2;2018-11-11 03:00:00;137.4;56.4;7.5;1.2;48250.7;8.5;14926.0;159.2;727.3;42.6;0.1;15.4;601.8
2;2018-11-11 04:00:00;128.6;40.6;5.7;0.9;59899.6;5.8;16403.8;147.9;652.3;24.1;0.0;11.3;841.4
2;2018-11-11 05:00:00;110.3;31.2;2.1;0.8;56982.8;4.7;15202.8;125.2;728.4;23.5;0.2;9.3;628.4
2;2018-11-11 06:00:00;257.3;78.0;5.5;1.4;104867.9;11.6;16835.7;322.3;2159.7;21.9;0.3;16.7;803.0
2;2018-11-11 07:00:00;334.3;77.7;5.3;1.0;74040.5;12.1;16437.3;317.0;1393.3;26.8;0.0;14.9;665.2
2;2018-11-11 08:00:00;253.9;60.0;8.3;1.0;38415.5;8.8;15443.4;291.5;21967.9;29.7;0.0;14.1;610.8
2;2018-11-11 09:00:00;242.1;44.1;6.4;0.9;29532.8;5.6;15792.1;179.0;1038.1;41.9;0.0;12.4;662.7
2;2018-11-11 10:00:00;127.2;36.8;4.9;0.8;25768.2;5.7;16689.5;134.1;1198.1;42.6;0.0;11.0;789.9
2;2018-11-11 11:00:00;108.1;41.7;7.0;0.9;29520.6;5.9;19074.2;153.1;1471.1;40.5;0.0;12.3;743.7
2;2018-11-11 12:00:00;122.9;34.5;7.2;0.9;25536.7;3.1;14513.6;94.2;1189.1;31.8;0.0;11.4;647.3
2;2018-11-11 13:00:00;112.2;35.5;4.1;0.9;31163.5;4.8;14568.8;100.9;1134.3;31.1;0.0;11.8;661.6
2;2018-11-11 14:00:00;164.8;39.2;4.0;0.9;26362.4;4.8;15722.5;126.4;1004.8;27.9;0.0;11.5;714.6
2;2018-11-11 15:00:00;126.5;32.3;2.6;0.9;17288.3;4.3;16937.1;94.3;1492.6;26.9;0.0;10.8;705.8
2;2018-11-11 16:00:00;140.4;34.4;3.8;0.9;20919.1;4.9;21075.2;111.0;1150.3;31.2;0.0;11.4;666.9
2;2018-11-11 17:00:00;123.7;33.4;4.9;0.9;21403.9;4.6;18949.2;111.4;962.9;33.1;0.2;11.1;734.7
2;2018-11-11 18:00:00;100.7;29.7;5.0;0.7;20778.0;4.5;16324.0;99.8;1235.7;20.4;0.3;9.1;611.4
2;2018-11-11 19:00:00;83.5;33.0;5.4;0.9;17065.9;5.0;17322.6;104.5;1447.2;22.3;0.0;10.3;710.4
2;2018-11-11 20:00:00;132.3;39.8;7.5;0.9;22624.8;8.8;15621.7;220.4;1363.4;28.5;0.2;12.5;615.0
2;2018-11-11 21:00:00;163.6;39.0;10.2;1.0;21706.8;6.5;17066.8;183.3;1363.8;29.0;0.9;13.4;611.9
2;2018-11-11 22:00:00;152.0;47.0;10.2;1.2;18808.0;6.4;17780.8;178.1;1140.0;29.9;0.2;15.9;614.5
2;2018-11-11 23:00:00;163.5;42.9;7.7;1.0;21186.7;6.1;17892.5;165.3;907.7;29.1;0.1;14.2;601.9
2;2018-11-12 00:00:00;335.4;68.2;8.8;1.5;20051.9;15.3;15935.2;189.1;6644.9;44.5;5.4;19.0;587.5
2;2018-11-12 01:00:00;385.4;94.7;12.6;13.0;32394.8;17.5;12628.3;395.9;80017.8;49.3;6.9;20.9;599.4
2;2018-11-12 02:00:00;336.6;75.0;8.9;2.3;14355.1;11.2;20543.4;214.1;33761.4;39.7;5.9;19.9;371.1
2;2018-11-12 03:00:00;240.6;51.3;18.3;1.3;11068.3;4.3;69.1;115.9;903.4;41.1;0.4;16.7;375.5
2;2018-11-12 04:00:00;196.3;65.9;10.4;1.4;61603.3;4.3;56.1;117.4;617.8;41.1;0.1;19.2;646.9
2;2018-11-12 05:00:00;195.1;51.6;7.8;1.3;14571.5;4.1;54.1;111.1;931.5;44.8;0.0;17.1;403.4
2;2018-11-12 06:00:00;427.6;89.1;10.6;3.4;116618.9;11.8;109.1;302.1;2706.5;39.0;0.1;19.8;544.2
2;2018-11-12 07:00:00;660.5;93.2;10.0;3.3;74126.9;12.2;46.0;329.3;1161.5;43.2;0.1;19.8;563.2
2;2018-11-12 08:00:00;359.5;73.3;16.6;1.8;42585.4;10.4;63.0;241.5;16621.6;57.1;0.0;19.9;426.5
2;2018-11-12 09:00:00;328.0;57.8;10.4;1.3;37572.0;5.2;93.9;178.6;1330.1;60.2;0.0;17.4;416.2
2;2018-11-12 10:00:00;313.1;51.8;3.8;1.2;16049.7;4.2;75.8;91.7;512.3;67.1;0.0;15.6;454.1
2;2018-11-12 11:00:00;333.9;45.2;7.0;1.2;11287.4;5.0;104.3;132.2;15373.9;66.8;0.0;15.0;1179.0
2;2018-11-12 12:00:00;280.3;44.2;6.3;1.2;11705.1;3.5;61.0;82.9;7610.8;60.5;0.0;14.5;582.1
2;2018-11-12 13:00:00;283.6;48.4;8.4;1.2;15352.8;4.4;95.9;100.9;7788.4;64.9;0.0;15.5;544.8
2;2018-11-12 14:00:00;262.9;48.6;3.3;1.2;12899.6;3.7;90.2;97.4;7205.6;64.6;0.0;15.5;688.5
2;2018-11-12 15:00:00;219.7;47.2;3.3;1.2;8946.7;3.3;160.2;75.0;1737.6;69.1;0.0;15.4;433.9
2;2018-11-12 16:00:00;275.9;51.0;4.2;1.3;30476.6;10.4;100.1;296.6;1505.0;91.2;0.0;16.3;579.8
2;2018-11-12 17:00:00;283.3;53.7;6.4;1.3;24007.6;11.5;136.0;324.2;1355.7;110.4;0.0;16.4;631.9
2;2018-11-12 18:00:00;294.7;56.6;11.2;1.3;19276.4;6.4;158.0;145.9;2373.9;71.5;0.0;16.9;460.2
2;2018-11-12 19:00:00;251.7;57.7;11.4;1.2;15085.6;4.0;150.0;81.0;1744.6;61.6;0.0;16.4;441.1
2;2018-11-12 20:00:00;368.2;79.5;22.3;1.9;28352.7;10.2;137.1;280.5;2002.9;56.1;4.8;25.0;381.1
2;2018-11-12 21:00:00;327.8;71.1;28.6;1.6;15936.4;7.8;93.8;219.5;1953.3;59.8;0.3;22.6;361.9
2;2018-11-12 22:00:00;323.3;71.8;25.7;1.6;23691.8;8.6;98.0;247.5;3181.0;57.3;0.4;22.5;363.3
2;2018-11-12 23:00:00;381.3;81.8;24.4;3.6;29575.6;14.2;118.0;310.0;2659.0;54.2;5.9;24.2;644.0
2;2018-11-13 00:00:00;310.7;73.9;14.4;1.6;32690.2;16.7;295.9;223.3;7459.5;59.7;11.3;20.0;436.3
2;2018-11-13 01:00:00;363.6;90.1;13.0;15.9;45000.9;22.1;224.1;436.4;38314.4;64.7;14.3;20.5;382.3
2;2018-11-13 02:00:00;336.4;91.0;11.5;5.9;39842.9;18.1;241.9;344.8;62901.3;71.5;4.1;21.4;433.5
2;2018-11-13 03:00:00;248.4;67.7;22.6;1.5;38667.4;8.7;62.9;169.6;851.2;68.6;0.0;19.5;411.3
2;2018-11-13 04:00:00;253.9;60.4;9.2;1.3;60954.1;8.1;61.0;137.6;758.0;59.4;0.0;16.5;642.1
2;2018-11-13 05:00:00;170.3;45.7;8.8;1.0;63573.8;6.6;73.1;147.8;1055.8;42.8;0.0;13.7;659.8
2;2018-11-13 06:00:00;355.4;86.0;10.2;4.2;118970.8;12.7;238.8;330.5;2632.2;36.1;0.3;18.8;645.5
2;2018-11-13 07:00:00;384.8;71.7;17.4;1.2;75433.7;15.5;262.8;338.9;1949.4;45.1;0.1;16.4;530.2
2;2018-11-13 08:00:00;272.2;58.0;9.7;1.3;28839.7;10.1;96.9;203.6;615.4;58.1;0.0;16.4;443.7
2;2018-11-13 09:00:00;307.0;53.4;15.5;1.3;32471.8;8.1;132.1;203.5;16941.8;57.7;0.0;16.6;417.5
2;2018-11-13 10:00:00;328.4;54.6;8.2;1.3;19665.3;6.6;118.9;172.6;1601.0;57.4;0.2;16.2;535.1
2;2018-11-13 11:00:00;283.4;50.9;13.7;1.3;17025.5;5.7;56.9;135.6;982.8;58.4;0.0;16.3;396.9
2;2018-11-13 12:00:00;357.3;58.5;14.9;1.3;14548.9;9.2;118.1;232.6;1687.2;48.3;0.1;17.2;392.7
2;2018-11-13 13:00:00;306.6;54.4;15.3;1.3;16474.8;8.0;127.8;187.1;2230.8;47.2;1.3;16.8;380.2
2;2018-11-13 14:00:00;274.9;60.5;7.3;1.2;12022.7;6.5;83.1;132.1;1196.4;50.4;0.0;16.3;334.4
2;2018-11-13 15:00:00;289.1;60.4;9.4;1.4;15298.1;7.3;128.1;173.7;1977.7;71.3;0.1;18.3;441.2
2;2018-11-13 16:00:00;307.6;68.3;14.0;1.4;12812.6;7.3;59.9;152.6;2239.7;71.1;0.0;19.8;395.9
2;2018-11-13 17:00:00;286.5;54.9;8.1;1.3;21922.8;7.5;244.9;152.0;1872.6;73.6;0.4;16.7;424.9
2;2018-11-13 18:00:00;307.1;57.2;14.1;1.4;15183.7;8.9;251.4;152.3;1916.1;70.3;0.0;18.0;424.9
2;2018-11-13 19:00:00;242.8;57.3;10.6;1.3;22380.0;10.0;126.8;207.6;2289.6;70.0;0.1;17.1;507.1
2;2018-11-13 20:00:00;308.8;64.5;13.4;1.3;43355.6;12.9;142.1;283.1;2460.1;44.8;0.1;18.0;354.7
2;2018-11-13 21:00:00;282.2;62.5;15.7;1.4;29988.0;11.8;234.1;257.3;2868.2;60.7;0.2;18.8;402.0
2;2018-11-13 22:00:00;286.5;60.5;12.4;1.3;29865.1;13.3;153.8;269.1;2791.7;59.0;2.1;17.3;400.5
2;2018-11-13 23:00:00;300.8;54.7;10.6;1.2;38213.7;14.2;244.2;251.2;2331.1;51.2;2.4;16.1;625.4
2;2018-11-14 00:00:00;381.1;65.1;10.7;1.8;43971.5;23.6;179.6;296.9;2517.4;45.9;12.0;18.7;458.2
2;2018-11-14 01:00:00;354.0;64.7;10.5;2.2;45858.7;22.7;207.7;334.7;24827.6;50.9;8.3;18.1;343.9
2;2018-11-14 02:00:00;374.8;81.5;13.7;2.2;47578.2;25.8;161.9;439.1;63509.8;37.3;0.8;19.7;346.6
2;2018-11-14 03:00:00;220.9;56.6;13.9;1.3;42036.7;11.0;52.9;212.8;649.7;55.5;0.0;16.8;356.4
2;2018-11-14 04:00:00;180.8;50.7;15.8;1.2;70949.0;9.6;4178.8;183.2;726.5;39.1;0.0;15.4;727.2
2;2018-11-14 05:00:00;247.0;49.1;9.3;1.1;59099.1;7.7;4172.1;158.0;697.0;33.0;0.0;14.0;675.2
2;2018-11-14 06:00:00;326.5;87.5;8.8;2.4;74586.4;16.7;6072.2;364.2;2006.5;30.9;0.2;18.4;638.4
2;2018-11-14 07:00:00;440.2;81.6;7.8;1.3;69962.3;13.0;67.0;282.7;1405.3;38.0;0.1;16.3;524.8
2;2018-11-14 08:00:00;320.1;72.5;12.9;1.6;60638.2;12.9;70.9;257.2;17029.8;50.0;0.0;19.3;406.2
2;2018-11-14 09:00:00;322.6;74.9;14.0;1.5;46257.3;9.7;71.0;253.9;1230.7;56.0;0.0;19.8;393.3
2;2018-11-14 10:00:00;302.3;56.3;8.5;1.3;16300.0;5.9;86.0;125.8;738.4;56.5;0.0;16.3;629.6
2;2018-11-14 11:00:00;303.3;49.0;7.4;1.2;9330.9;4.8;77.9;116.1;1275.1;60.5;0.0;15.6;394.2
2;2018-11-14 12:00:00;282.4;52.4;6.7;1.3;14519.6;4.5;92.9;90.2;684.3;63.5;0.1;16.3;410.3
2;2018-11-14 13:00:00;252.6;48.1;5.4;1.3;9491.9;3.2;104.2;43.8;122.1;64.7;0.0;15.2;452.8
2;2018-11-14 14:00:00;251.6;53.0;5.0;1.3;9445.3;4.1;66.1;58.6;535.9;64.5;0.0;15.8;803.0
2;2018-11-14 15:00:00;195.8;48.6;4.9;1.3;9015.4;3.8;59.1;41.0;333.7;67.0;0.0;15.5;407.9
2;2018-11-14 16:00:00;243.1;50.2;3.7;1.2;11043.6;3.2;59.9;68.4;394.9;69.0;0.0;15.6;431.0
2;2018-11-14 17:00:00;274.0;43.8;3.8;1.3;9444.3;3.3;144.1;75.6;522.6;77.2;0.0;14.7;442.3
2;2018-11-14 18:00:00;213.4;39.6;3.6;1.1;8854.4;2.9;614.1;22.1;135.3;59.9;0.0;13.7;412.1
2;2018-11-14 19:00:00;248.1;47.9;3.2;1.2;9832.7;4.1;455.1;38.5;171.9;59.8;0.0;14.4;382.8
2;2018-11-14 20:00:00;389.7;79.8;18.9;2.0;17440.5;12.1;540.1;285.2;920.4;60.6;0.8;25.2;352.9
2;2018-11-14 21:00:00;353.1;73.3;24.3;1.7;12822.5;9.2;390.2;202.6;705.8;57.3;0.0;23.4;314.0
2;2018-11-14 22:00:00;306.5;57.3;22.6;1.3;13931.2;9.8;441.0;198.6;1595.5;34.3;0.0;18.2;292.7
2;2018-11-14 23:00:00;313.3;67.6;23.0;1.4;34377.4;15.6;640.2;289.0;2274.6;32.7;4.3;19.7;503.8
2;2018-11-16 00:00:00;231.1;42.0;18.7;0.9;41560.7;6.2;104.0;140.9;3403.2;44.0;0.0;11.4;352.6
2;2018-11-16 01:00:00;283.0;80.6;14.1;1.7;72689.0;14.9;134.0;358.4;81642.1;62.4;0.1;17.3;388.1
2;2018-11-16 02:00:00;280.4;45.3;9.9;0.9;41679.0;10.1;100.2;205.7;19663.6;54.3;0.0;10.8;297.8
2;2018-11-16 03:00:00;205.2;30.2;7.1;0.9;10611.7;4.1;54.1;53.5;90.0;53.5;0.0;9.9;251.7
2;2018-11-16 04:00:00;173.8;22.7;5.5;0.7;38946.8;3.1;66.9;42.6;45.1;47.3;0.0;7.4;515.5
2;2018-11-16 05:00:00;178.1;22.6;17.6;0.6;39103.5;3.0;95.1;42.1;614.3;42.5;0.0;6.9;362.9
2;2018-11-16 06:00:00;170.3;19.9;5.5;0.6;11312.6;4.0;70.2;61.2;49.4;46.7;0.0;6.8;220.1
2;2018-11-16 07:00:00;268.5;26.6;6.0;0.7;12812.3;4.3;69.2;88.2;213.4;54.9;0.0;7.9;402.8
2;2018-11-16 08:00:00;272.4;47.3;10.4;0.9;21055.0;8.1;92.9;199.2;16929.0;58.8;0.0;11.9;348.6
2;2018-11-16 09:00:00;254.9;40.0;7.7;0.8;13355.3;4.8;74.9;134.1;2399.7;65.3;0.0;10.7;304.1
2;2018-11-16 10:00:00;247.4;34.6;5.9;0.8;10751.8;2.8;41.0;58.7;2247.6;67.6;0.0;10.0;328.0
2;2018-11-16 11:00:00;255.7;32.8;7.7;0.8;11087.7;2.6;67.1;48.2;2066.1;67.9;0.0;9.7;1355.1
2;2018-11-16 12:00:00;184.4;34.1;5.8;0.9;25543.2;2.7;92.2;60.9;2080.7;91.7;0.0;10.2;442.1
2;2018-11-16 13:00:00;360.9;50.8;7.6;3.9;63338.9;20.2;70.1;276.2;9730.4;93.1;34.5;13.2;480.5
2;2018-11-16 14:00:00;300.4;65.5;14.0;1.6;75442.0;20.0;138.2;259.5;1580.4;71.7;22.8;16.4;571.4
2;2018-11-16 15:00:00;337.9;61.4;14.1;1.2;73890.4;18.0;69.9;240.4;1672.2;142.3;15.9;15.8;808.1
2;2018-11-16 16:00:00;336.0;55.4;11.8;1.2;66177.7;17.8;25.0;250.2;2039.4;73.6;18.6;14.6;439.4
2;2018-11-16 17:00:00;342.5;49.4;13.8;1.0;73274.8;17.6;56.8;258.5;2078.9;68.8;5.1;12.9;360.5
2;2018-11-16 18:00:00;184.6;28.2;10.0;0.8;80052.5;14.0;46.9;208.0;716.8;64.4;0.0;9.2;308.7
2;2018-11-16 19:00:00;268.9;23.3;4.6;0.6;85550.7;13.1;51.0;232.1;1569.3;58.6;0.0;7.4;259.0
2;2018-11-16 20:00:00;174.6;32.7;9.9;0.9;82986.1;15.9;132.4;318.7;1278.6;50.6;0.0;11.1;227.5
2;2018-11-16 21:00:00;139.9;29.8;13.1;0.8;92358.0;15.3;46.9;314.8;2374.8;30.4;0.0;9.9;240.1
2;2018-11-16 22:00:00;206.8;38.6;7.3;0.8;80783.2;19.3;125.9;430.6;2717.1;33.9;4.2;11.5;171.8
2;2018-11-16 23:00:00;156.7;46.6;8.5;1.0;69910.9;17.6;75.1;364.4;2794.9;40.1;0.1;13.0;237.7
2;2018-11-17 00:00:00;305.9;37.4;8.8;0.8;90796.1;20.0;80.4;410.2;2860.2;29.6;9.9;10.5;202.3
2;2018-11-17 01:00:00;273.8;53.8;13.0;1.0;91261.9;24.1;40.9;488.3;1166.1;48.4;14.3;14.1;385.7
2;2018-11-17 02:00:00;230.4;28.1;14.5;0.8;86958.4;19.9;33.1;396.4;484.8;28.7;0.0;9.4;211.1
2;2018-11-17 03:00:00;147.7;25.9;15.0;0.8;82116.5;17.1;59.9;352.2;296.8;28.2;0.0;8.7;121.4
2;2018-11-17 04:00:00;96.3;24.0;12.2;0.6;99407.3;15.9;86.9;309.8;405.5;29.8;0.0;6.6;361.6
2;2018-11-17 05:00:00;144.3;19.8;16.3;0.6;86784.3;12.0;66.1;224.3;103.9;29.2;0.0;6.5;218.2
2;2018-11-17 06:00:00;179.6;12.6;7.2;0.4;66542.4;12.2;32.0;230.6;116.1;20.1;0.0;4.0;95.1
2;2018-11-17 07:00:00;121.7;20.6;8.6;0.5;60704.9;12.6;58.0;244.9;6629.8;25.7;0.0;5.6;167.7
2;2018-11-17 08:00:00;161.6;18.0;9.7;0.5;59710.8;11.3;62.0;224.2;16630.6;30.8;0.0;5.9;159.8
2;2018-11-17 09:00:00;149.0;17.1;8.8;0.5;60121.8;10.1;61.1;192.9;1082.0;35.4;0.0;5.1;170.2
2;2018-11-17 10:00:00;114.8;19.7;10.8;0.5;60483.1;10.4;36.1;202.8;586.3;40.0;0.0;5.6;218.0
2;2018-11-17 11:00:00;158.4;16.0;10.0;0.5;69866.7;10.0;34.7;192.0;540.1;40.9;0.0;5.5;216.6
2;2018-11-17 12:00:00;180.1;15.3;8.5;0.5;57187.5;9.0;37.0;176.2;131.2;39.2;0.0;5.4;182.5
2;2018-11-17 13:00:00;68.3;20.6;8.6;0.5;44320.4;8.7;52.0;171.3;118.8;34.8;0.0;4.8;593.9
2;2018-11-17 14:00:00;120.7;21.1;8.1;0.5;25514.1;2.0;49.9;64.1;107.9;29.1;0.0;4.8;596.9
2;2018-11-17 15:00:00;124.5;20.8;7.4;0.5;25231.0;2.0;32.9;64.1;68.1;29.7;0.0;5.4;608.9
2;2018-11-17 16:00:00;179.0;37.1;6.8;0.6;35890.1;17.6;144.0;219.7;7835.0;30.5;8.5;8.1;601.4
2;2018-11-17 17:00:00;79.1;29.8;6.5;0.6;35932.2;15.4;131.1;180.3;783.2;27.4;0.0;6.8;565.6
2;2018-11-17 18:00:00;59.5;19.0;6.4;0.4;33923.1;12.1;33.3;152.9;164.9;17.2;0.0;4.2;549.7
2;2018-11-17 19:00:00;39.7;14.9;5.8;0.3;31114.7;12.0;28.0;152.2;124.7;8.0;0.0;2.9;688.9
2;2018-11-17 20:00:00;145.2;17.3;5.7;0.3;31078.3;12.8;43.9;162.2;5322.9;12.5;0.0;3.7;561.6
2;2018-11-17 21:00:00;119.6;30.5;16.0;0.7;45711.7;15.3;55.9;243.9;693.9;14.3;0.0;8.9;538.8
2;2018-11-17 22:00:00;94.3;28.9;14.2;0.6;32695.1;13.7;50.8;206.5;1224.3;14.8;0.0;7.9;496.9
2;2018-11-17 23:00:00;174.8;42.5;15.8;0.8;41191.6;19.2;39.9;283.0;2142.9;15.6;6.6;10.8;937.1
2;2018-11-18 00:00:00;98.0;27.2;18.4;0.6;41450.5;15.3;82.7;219.5;596.3;9.6;0.0;7.3;512.9
2;2018-11-18 01:00:00;173.3;52.7;14.2;0.6;54861.5;19.8;136.1;377.9;89563.2;12.7;0.0;8.2;474.8
2;2018-11-18 02:00:00;93.9;20.6;10.8;0.4;26069.2;13.8;69.9;199.0;11406.0;19.4;0.0;5.0;564.1
2;2018-11-18 03:00:00;60.1;20.3;10.2;0.5;25371.9;13.5;65.2;207.1;358.5;24.1;0.0;5.1;604.2
2;2018-11-18 04:00:00;146.9;31.8;9.0;0.7;45121.9;12.0;53.9;150.7;260.0;30.3;0.0;7.7;756.5
2;2018-11-18 05:00:00;174.8;28.2;24.0;0.6;45145.3;11.1;71.0;136.3;227.9;26.2;0.0;7.4;612.3
2;2018-11-18 06:00:00;258.6;74.9;7.6;1.3;97714.7;17.8;55.8;316.2;1857.4;27.6;0.1;12.8;758.0
2;2018-11-18 07:00:00;498.0;54.9;8.1;0.6;65108.5;17.0;37.0;298.3;838.5;10.5;0.0;7.2;596.5
2;2018-11-18 08:00:00;121.7;28.9;11.1;0.5;48226.7;13.1;365.9;196.7;16364.9;9.5;0.0;5.7;563.8
2;2018-11-18 09:00:00;102.5;23.4;10.2;0.4;28254.9;12.0;334.5;177.4;584.1;7.9;0.0;4.7;588.2
2;2018-11-18 10:00:00;95.2;18.7;9.6;0.3;21827.1;10.7;335.8;117.0;173.0;12.9;0.0;3.6;591.4
2;2018-11-18 11:00:00;139.7;19.0;8.0;0.4;22095.1;10.3;366.6;105.2;211.9;16.2;0.0;3.8;599.7
2;2018-11-18 12:00:00;76.9;17.8;5.3;0.3;22058.6;10.0;366.7;119.2;371.6;12.1;0.0;3.2;618.0
2;2018-11-18 13:00:00;79.6;15.9;5.4;0.3;21745.2;9.4;356.6;96.8;121.8;11.4;0.0;3.3;663.4
2;2018-11-18 14:00:00;86.9;14.2;5.5;0.3;21720.0;9.4;338.9;96.5;118.1;8.1;0.0;2.8;683.3
2;2018-11-18 15:00:00;41.9;14.1;5.3;0.3;21710.5;9.7;357.9;96.7;117.8;6.8;0.0;2.7;683.9
2;2018-11-18 16:00:00;54.3;14.4;5.1;0.3;21778.4;9.3;347.7;96.5;116.5;8.0;0.0;2.9;685.8
2;2018-11-18 17:00:00;54.2;15.3;5.9;0.3;21807.1;10.2;595.4;103.3;209.6;8.2;0.0;3.0;636.9
2;2018-11-18 18:00:00;58.9;14.7;5.6;0.2;22170.5;10.1;679.0;103.6;254.7;6.3;0.0;2.8;638.5
2;2018-11-18 19:00:00;44.9;13.5;5.5;0.2;21723.9;9.7;643.1;99.2;141.6;5.1;0.0;2.4;612.6
2;2018-11-18 20:00:00;140.2;38.3;8.6;0.7;59556.6;12.2;446.0;194.5;1052.4;11.8;0.7;8.2;1101.9
2;2018-11-18 21:00:00;60.8;23.1;7.7;0.5;40735.7;9.5;319.5;144.6;184.9;16.5;0.0;5.7;549.3
2;2018-11-18 22:00:00;82.1;25.5;8.7;0.5;41227.8;9.8;321.0;160.3;1073.8;18.6;0.0;6.2;588.2
2;2018-11-18 23:00:00;64.6;15.6;7.1;0.5;40551.1;8.8;306.8;126.8;199.2;24.4;0.0;5.1;274.4
2;2018-11-19 00:00:00;163.8;25.6;12.4;0.7;30404.1;10.1;366.1;149.1;940.0;42.6;0.0;8.0;188.2
2;2018-11-19 01:00:00;209.9;47.5;8.2;0.8;52314.6;13.8;381.3;262.0;74803.6;46.9;0.0;11.0;259.5
2;2018-11-19 02:00:00;142.2;22.1;6.5;0.6;36119.9;9.5;303.4;128.6;132.3;35.6;0.0;6.9;161.7
2;2018-11-19 03:00:00;210.2;27.3;6.8;0.8;36035.2;8.5;316.6;112.7;147.6;43.4;0.0;8.4;196.3
2;2018-11-19 04:00:00;148.1;29.4;6.2;0.8;65750.9;8.5;325.7;112.7;144.8;36.2;0.0;8.2;430.4
2;2018-11-19 05:00:00;135.8;17.4;19.6;0.5;36093.1;8.5;317.6;112.6;140.8;28.5;0.0;5.3;127.8
2;2018-11-19 06:00:00;297.6;67.2;8.5;1.7;103215.2;15.9;310.8;317.5;2018.6;30.9;0.2;13.1;510.9
2;2018-11-19 07:00:00;508.6;69.2;8.4;1.1;62139.5;16.7;293.4;347.2;7083.5;45.3;0.1;12.2;461.4
2;2018-11-19 08:00:00;358.0;49.8;11.6;1.0;48282.0;11.8;312.2;264.4;17374.6;57.0;0.0;12.4;343.2
2;2018-11-19 09:00:00;205.8;50.0;11.8;1.0;35818.0;11.4;303.5;247.8;639.4;67.6;0.0;13.4;341.8
2;2018-11-19 10:00:00;276.2;41.0;10.2;1.0;25731.1;8.3;303.5;112.5;153.9;75.1;0.0;11.8;343.9
2;2018-11-19 11:00:00;267.2;39.0;9.8;0.9;27539.7;10.0;355.0;114.8;116.7;73.0;0.0;11.1;315.5
2;2018-11-19 12:00:00;266.8;32.9;6.4;0.9;11593.1;15.1;345.6;75.3;117.7;71.1;0.0;10.4;308.5
2;2018-11-19 13:00:00;191.4;38.1;6.4;1.0;12354.1;22.2;334.5;97.1;120.2;78.9;0.0;12.0;353.0
2;2018-11-19 14:00:00;240.7;37.5;6.9;1.0;13328.1;24.2;365.5;104.3;119.6;82.7;0.0;11.7;364.7
2;2018-11-19 15:00:00;263.7;39.3;7.2;1.1;12480.4;24.1;340.1;104.1;123.1;81.6;0.0;12.2;377.3
2;2018-11-19 16:00:00;279.3;51.2;5.0;1.2;41977.7;27.1;353.7;312.2;488.5;95.2;0.0;14.5;646.3
2;2018-11-19 17:00:00;194.0;41.1;4.3;1.0;35790.7;27.1;445.0;310.4;253.0;99.9;0.0;11.9;528.0
2;2018-11-19 18:00:00;151.2;28.2;4.4;0.8;30909.7;22.8;492.8;157.7;206.5;67.9;0.0;9.2;317.6
2;2018-11-19 19:00:00;141.9;23.8;3.8;0.7;31033.0;18.2;495.5;139.7;264.7;59.2;0.0;7.5;267.8
2;2018-11-19 20:00:00;355.5;32.3;8.0;0.8;22766.2;17.9;677.1;214.9;633.4;58.7;0.0;10.3;269.9
2;2018-11-19 21:00:00;130.4;27.8;13.0;0.8;18049.4;15.1;385.0;152.1;348.9;48.0;0.0;9.5;221.0
2;2018-11-19 22:00:00;160.1;29.9;11.3;0.8;20155.8;15.7;323.9;172.9;1177.6;36.5;0.0;9.2;174.2
2;2018-11-19 23:00:00;215.0;41.2;12.5;0.9;33956.3;21.0;316.2;248.0;1865.8;33.7;10.0;11.7;493.9
2;2018-11-20 00:00:00;186.4;35.7;20.2;0.9;32103.3;19.0;379.6;217.1;1598.0;45.9;0.4;10.5;331.2
2;2018-11-20 01:00:00;235.4;56.4;14.2;0.9;41153.3;26.4;369.6;399.2;100219.9;64.1;0.0;11.4;341.3
2;2018-11-20 02:00:00;147.8;38.7;8.2;1.0;30767.5;22.6;369.9;285.4;20953.6;51.3;0.0;11.8;235.2
2;2018-11-20 03:00:00;145.3;27.7;6.8;0.8;13788.6;18.1;318.1;151.8;247.1;38.3;0.0;8.9;177.3
2;2018-11-20 04:00:00;110.4;31.5;6.4;0.6;61901.3;12.5;5574.2;133.4;457.6;23.0;0.0;7.7;515.2
2;2018-11-20 05:00:00;145.5;24.9;16.2;0.6;68449.9;9.2;7219.8;101.9;284.7;28.6;0.0;6.6;394.4
2;2018-11-20 06:00:00;318.4;68.0;9.0;1.2;94924.6;13.1;371.6;304.8;2246.4;32.0;0.0;12.7;494.3
2;2018-11-20 07:00:00;424.6;67.2;13.2;1.0;74853.8;10.5;338.9;274.8;974.6;46.3;0.2;12.8;462.8
2;2018-11-20 08:00:00;282.0;48.2;11.4;1.0;47917.9;5.4;323.4;135.8;525.9;57.3;0.0;12.4;355.0
2;2018-11-20 09:00:00;352.2;48.1;9.6;1.0;31444.4;2.1;333.1;82.2;585.7;70.4;0.0;12.5;352.4
2;2018-11-20 10:00:00;258.4;41.1;8.2;1.0;28216.4;1.0;354.5;33.1;291.4;71.8;0.0;12.0;342.5
2;2018-11-20 11:00:00;391.1;56.9;6.8;1.1;39077.9;6.3;335.1;164.6;1123.2;72.5;0.0;13.7;446.6
2;2018-11-20 12:00:00;254.2;59.6;8.3;1.1;31301.8;5.6;363.0;128.8;584.7;78.0;0.0;14.4;385.9
2;2018-11-20 13:00:00;316.6;54.4;5.4;1.0;31465.4;4.2;343.1;98.5;493.3;70.1;0.0;13.2;337.5
2;2018-11-20 14:00:00;280.0;55.2;5.7;1.0;32587.3;5.4;376.2;139.2;736.6;68.9;0.0;12.7;359.7
2;2018-11-20 15:00:00;274.0;48.6;5.5;0.9;30994.2;6.5;416.3;108.4;938.7;65.4;0.0;11.0;339.0
2;2018-11-20 16:00:00;219.3;42.7;5.8;0.9;42618.1;6.1;374.4;121.6;1218.5;67.7;0.0;11.0;527.8
2;2018-11-20 17:00:00;295.9;38.5;5.7;0.8;43913.6;5.8;394.7;117.5;777.0;62.2;0.0;10.0;299.2
2;2018-11-20 18:00:00;339.8;36.6;4.3;0.7;46730.9;4.6;406.7;112.2;799.8;55.6;0.0;9.5;308.9
2;2018-11-20 19:00:00;189.9;27.5;4.0;0.7;29272.1;4.8;568.3;94.3;1405.8;49.2;0.0;7.2;267.9
2;2018-11-20 20:00:00;271.3;44.8;8.0;0.9;46333.8;10.1;509.8;225.0;6369.3;57.5;0.1;12.1;285.6
2;2018-11-20 21:00:00;172.7;30.5;8.4;0.7;31553.6;5.6;215.9;112.4;1251.6;42.6;0.0;8.1;223.1
2;2018-11-20 22:00:00;169.3;39.4;5.6;0.8;59678.3;14.6;373.0;427.3;1673.9;60.4;0.0;9.9;307.8
2;2018-11-20 23:00:00;208.9;47.0;10.1;0.8;56318.3;19.1;142.0;481.4;2033.0;72.2;10.0;11.3;605.4
2;2018-11-21 00:00:00;235.3;33.0;19.1;0.9;52019.6;8.9;121.8;205.9;1434.9;46.7;0.0;10.4;286.1
2;2018-11-21 01:00:00;282.8;52.6;12.5;0.9;50166.0;11.2;129.2;311.6;32032.9;46.4;0.0;11.2;262.2
2;2018-11-21 02:00:00;179.8;37.4;6.5;0.9;34947.4;8.2;135.9;206.4;80556.5;46.7;0.0;10.0;239.9
2;2018-11-21 03:00:00;221.6;32.2;2.5;0.8;34000.5;4.0;70.8;97.1;342.1;39.1;0.0;8.4;209.0
2;2018-11-21 04:00:00;232.0;28.2;3.4;0.5;60615.6;4.0;4903.8;74.8;371.8;28.2;0.0;6.4;426.6
2;2018-11-21 05:00:00;187.5;16.1;8.3;0.4;43586.1;1.2;5129.9;36.2;171.2;21.2;0.0;4.2;254.2
2;2018-11-21 06:00:00;302.5;61.9;6.1;0.7;99935.3;11.1;80.1;305.6;1945.1;32.4;0.0;11.0;465.7
2;2018-11-21 07:00:00;359.4;54.0;6.1;0.7;46696.5;9.3;79.9;247.9;919.6;45.3;0.0;9.2;469.6
2;2018-11-21 08:00:00;321.3;49.9;11.9;0.9;62173.9;10.9;112.9;240.1;16736.1;61.9;0.0;12.3;423.0
2;2018-11-21 09:00:00;209.6;32.8;10.0;0.8;55867.0;5.1;68.6;210.5;303.6;67.4;0.0;9.3;322.6
2;2018-11-21 10:00:00;341.1;48.4;9.0;1.0;61972.6;5.5;96.5;165.2;813.2;64.7;0.0;13.2;472.7
2;2018-11-21 11:00:00;274.8;44.4;6.8;1.0;74022.5;4.0;71.3;130.6;686.0;73.4;0.0;11.8;442.4
2;2018-11-21 12:00:00;297.0;45.7;5.4;1.0;67143.7;4.1;152.1;129.2;210.3;73.6;0.0;12.2;366.5
2;2018-11-21 13:00:00;299.9;36.6;4.8;0.9;47648.4;4.0;87.4;116.4;168.5;70.9;0.0;10.6;874.1
2;2018-11-21 14:00:00;230.5;35.8;6.5;0.9;47742.0;4.1;120.2;113.2;70.3;76.3;0.0;10.9;367.1
2;2018-11-21 15:00:00;307.3;34.9;4.6;0.9;47633.1;5.1;97.2;121.5;635.1;71.2;0.0;10.5;359.5
2;2018-11-21 16:00:00;256.4;37.2;4.8;0.9;47937.5;5.0;93.2;120.8;421.6;72.2;0.0;11.1;841.9
2;2018-11-21 17:00:00;183.7;31.9;6.3;0.8;35162.8;4.2;45.1;92.7;446.9;66.9;0.0;9.9;345.3
2;2018-11-21 18:00:00;216.5;32.5;5.9;0.8;35172.1;3.6;65.2;76.4;811.4;69.8;0.0;9.7;384.1
2;2018-11-21 19:00:00;143.7;32.4;6.2;0.7;21527.0;4.3;80.1;102.3;1083.4;57.6;0.2;8.6;347.8
2;2018-11-21 20:00:00;352.9;49.3;21.1;1.1;26802.3;8.2;116.8;234.4;1249.1;59.7;0.5;15.2;290.1
2;2018-11-21 21:00:00;251.2;37.1;25.0;1.1;13311.3;6.1;86.5;169.9;1267.9;31.6;0.0;13.8;151.0
2;2018-11-21 22:00:00;268.5;31.8;20.9;1.0;14763.1;4.9;91.0;154.6;1713.1;24.6;0.0;11.7;123.3
2;2018-11-21 23:00:00;206.5;51.3;20.2;1.1;37601.0;15.3;104.9;369.4;3028.6;23.4;7.6;15.4;470.0
2;2018-11-22 00:00:00;310.7;37.8;23.4;0.9;33712.5;11.6;139.5;264.9;1481.0;40.7;0.2;10.4;245.0
2;2018-11-22 01:00:00;280.2;69.3;16.3;1.0;45605.2;12.3;156.1;336.5;71607.0;51.8;0.0;14.2;301.9
2;2018-11-22 02:00:00;226.8;40.9;8.6;0.9;41373.5;6.5;111.9;158.1;31294.4;49.7;0.0;11.1;225.5
2;2018-11-22 03:00:00;167.2;33.4;3.9;0.8;23436.7;3.1;66.9;81.4;94.9;46.6;0.0;9.2;213.5
2;2018-11-22 04:00:00;86.3;18.8;4.3;0.5;45616.7;3.2;5581.5;81.2;17.7;25.7;0.0;5.6;399.4
2;2018-11-22 05:00:00;123.4;13.0;10.0;0.4;45424.5;2.3;8274.6;68.4;109.9;25.3;0.0;4.7;134.7
2;2018-11-22 06:00:00;281.4;60.9;7.5;0.8;101429.4;9.9;61.9;271.2;2187.8;26.9;0.2;11.7;550.0
2;2018-11-22 07:00:00;367.4;60.9;7.3;0.8;49382.7;10.0;54.8;291.1;6652.7;36.4;0.0;11.4;503.5
2;2018-11-22 08:00:00;255.5;42.0;9.3;0.9;38399.9;8.2;47.6;187.1;574.5;49.1;0.0;11.5;347.7
2;2018-11-22 09:00:00;320.3;32.9;6.8;0.9;12235.2;2.9;56.9;92.0;16282.0;76.3;0.0;10.3;319.6
2;2018-11-22 10:00:00;277.7;34.7;6.5;0.9;30068.3;4.7;82.2;119.4;337.6;69.5;0.0;10.7;345.8
2;2018-11-22 11:00:00;230.0;34.2;4.2;0.9;28911.4;3.5;63.9;95.7;371.0;73.5;0.0;10.5;359.9
2;2018-11-22 12:00:00;247.0;33.8;4.9;0.9;35065.3;4.4;54.3;117.9;174.0;76.0;0.0;10.2;373.9
2;2018-11-22 13:00:00;191.3;31.1;11.8;0.8;35844.1;3.0;62.0;90.2;553.0;68.8;0.0;9.5;353.4
2;2018-11-22 14:00:00;217.4;28.8;13.1;0.8;11618.2;1.2;63.9;38.4;782.4;53.7;0.0;8.7;248.1
2;2018-11-22 15:00:00;332.5;48.5;20.9;1.1;13672.2;16.7;116.1;172.1;19559.8;51.1;18.9;13.8;252.5
2;2018-11-22 16:00:00;332.1;43.4;17.6;1.0;13456.3;16.3;92.0;133.4;824.0;71.1;0.1;12.7;353.0
2;2018-11-22 17:00:00;364.2;46.5;15.2;1.0;12530.4;11.4;195.2;107.8;1252.7;74.8;0.2;12.5;337.5
2;2018-11-22 18:00:00;339.6;32.2;8.9;0.7;18218.3;6.2;330.3;97.9;1026.0;71.4;0.0;8.8;370.5
2;2018-11-22 19:00:00;192.1;23.8;4.0;0.6;22149.0;5.0;285.3;70.6;1036.1;58.9;0.0;7.1;270.7
2;2018-11-22 20:00:00;255.2;38.2;16.6;0.9;30504.1;9.1;267.0;212.0;1045.8;52.4;0.0;12.3;249.2
2;2018-11-22 21:00:00;157.8;26.6;16.6;0.8;12677.8;4.1;83.9;106.3;980.0;33.0;0.0;9.5;155.8
2;2018-11-22 22:00:00;107.6;22.7;12.8;0.7;16421.1;4.6;115.1;122.5;1708.5;15.9;0.0;8.4;93.0
2;2018-11-22 23:00:00;219.6;29.9;9.5;0.7;34533.1;9.1;57.1;169.8;2314.8;10.7;6.1;8.6;473.3
2;2018-11-23 00:00:00;228.0;23.4;15.5;0.6;36338.2;4.7;120.0;87.9;1029.2;37.7;0.0;7.4;192.7
2;2018-11-23 01:00:00;284.1;57.6;9.2;0.8;48770.0;12.5;185.9;288.6;87355.1;46.4;0.0;12.1;254.0
2;2018-11-23 02:00:00;82.1;20.9;3.6;0.7;11595.2;5.0;75.1;76.3;11514.2;32.4;0.0;7.3;139.4
2;2018-11-23 03:00:00;312.6;15.9;3.0;0.5;11712.1;4.0;69.2;60.3;73.5;32.1;0.0;5.7;145.8
2;2018-11-23 04:00:00;271.6;29.8;9.6;0.8;39923.5;4.2;4890.4;58.1;71.7;38.8;0.0;8.9;450.3
2;2018-11-23 05:00:00;116.0;15.3;12.0;0.5;39178.6;3.1;6805.6;69.5;1305.9;23.9;0.0;5.0;164.4
2;2018-11-23 06:00:00;184.3;18.4;4.2;0.5;13542.3;3.2;81.8;92.8;497.4;26.1;0.0;6.1;132.5
2;2018-11-23 07:00:00;197.8;18.8;3.5;0.5;22109.9;5.4;78.8;164.3;290.5;65.6;0.0;5.8;330.2
2;2018-11-23 08:00:00;233.9;35.4;7.0;0.7;24257.5;9.4;104.1;258.8;16379.8;70.0;0.1;9.6;448.4
2;2018-11-23 09:00:00;203.7;32.9;5.4;0.8;21373.0;3.2;82.7;74.9;954.8;64.9;0.0;9.8;327.9
2;2018-11-23 10:00:00;247.2;38.8;6.3;0.9;21572.4;3.4;51.1;86.4;618.5;66.5;0.0;11.4;333.3
2;2018-11-23 11:00:00;389.0;53.0;9.3;1.1;22895.9;17.1;83.0;204.7;11169.5;69.4;14.8;13.8;342.9
2;2018-11-23 12:00:00;346.8;51.1;11.4;1.0;21158.2;11.4;147.0;153.4;1242.8;68.0;0.9;12.9;1634.9
2;2018-11-23 13:00:00;301.6;46.6;13.0;1.0;21141.6;9.6;77.7;144.3;1203.6;72.3;0.0;13.0;536.6
2;2018-11-23 14:00:00;335.1;55.3;7.5;1.0;22840.2;3.9;94.1;102.0;2469.7;66.9;0.0;13.8;337.4
2;2018-11-23 15:00:00;311.5;44.0;12.7;0.9;20263.9;5.1;50.0;116.2;2161.0;57.8;0.1;11.9;311.8
2;2018-11-23 16:00:00;284.4;42.1;8.0;1.0;13043.1;3.2;58.9;76.1;792.9;93.4;0.0;11.6;421.5
2;2018-11-23 17:00:00;326.9;40.0;12.1;0.9;18798.2;5.2;66.9;113.9;1241.1;94.2;0.0;11.4;520.9
2;2018-11-23 18:00:00;239.7;31.3;6.3;0.7;21093.2;4.8;71.1;104.5;1783.0;89.0;0.2;8.3;385.6
2;2018-11-23 19:00:00;185.1;24.4;4.9;0.6;15103.9;3.9;128.3;85.6;2804.9;42.8;0.0;7.0;236.3
2;2018-11-23 20:00:00;275.6;41.9;12.2;1.0;35028.8;8.2;92.8;225.9;1999.2;46.8;2.2;13.3;263.7
2;2018-11-23 21:00:00;214.6;43.5;15.7;1.1;36327.3;7.2;64.0;192.7;1970.6;31.1;0.2;14.7;261.3
2;2018-11-23 22:00:00;155.3;41.5;12.0;1.0;20409.3;5.8;52.0;182.7;1962.3;39.1;0.1;13.4;200.5
2;2018-11-23 23:00:00;156.3;29.3;7.2;0.8;20986.7;5.7;50.1;154.6;1324.8;23.1;0.4;9.6;161.1
2;2018-11-24 00:00:00;325.6;48.3;10.9;0.9;21027.2;22.0;107.8;292.3;7588.3;24.7;16.3;13.2;171.8
2;2018-11-24 01:00:00;197.5;49.9;10.5;1.1;20283.2;14.4;161.1;206.7;1553.1;48.0;1.5;14.1;256.7
2;2018-11-24 02:00:00;110.3;27.2;6.7;0.6;19227.6;6.2;135.2;142.5;1636.3;20.9;0.2;7.9;142.6
2;2018-11-24 03:00:00;201.9;39.4;7.3;0.9;15093.7;5.0;126.3;133.3;2078.3;39.3;2.1;11.6;190.0
2;2018-11-24 04:00:00;124.5;28.9;7.4;0.7;71417.5;2.8;156.7;67.5;1636.6;19.7;0.1;8.2;731.6
2;2018-11-24 05:00:00;111.4;15.2;8.6;0.4;65357.1;2.0;188.3;40.0;1682.5;17.1;0.3;4.9;177.6
2;2018-11-24 06:00:00;176.1;13.4;2.9;0.4;14838.6;2.2;153.8;50.0;1824.0;14.1;0.7;4.0;91.6
2;2018-11-24 07:00:00;87.9;14.2;2.8;0.4;11988.3;2.1;160.8;35.5;2360.3;18.5;0.0;4.5;126.5
2;2018-11-24 08:00:00;144.3;16.6;3.1;0.5;11143.8;1.9;123.9;45.4;16127.3;23.6;0.0;5.0;166.5
2;2018-11-24 09:00:00;179.9;20.5;4.8;0.5;16668.6;2.5;120.1;55.4;2301.1;35.4;0.1;6.0;221.3
2;2018-11-24 10:00:00;134.2;26.2;4.3;0.6;15379.3;2.7;123.1;69.0;1929.2;39.5;0.2;7.0;277.8
2;2018-11-24 11:00:00;146.7;22.0;3.6;0.5;21609.9;2.1;106.0;45.9;1821.8;41.7;0.4;6.0;271.7
2;2018-11-24 12:00:00;110.5;25.0;3.7;0.6;12548.0;2.3;168.5;49.1;7233.4;39.9;0.4;6.9;276.1
2;2018-11-24 13:00:00;102.2;22.0;3.1;0.6;15723.8;2.0;118.3;46.0;1487.3;46.8;0.2;6.7;254.6
2;2018-11-24 14:00:00;150.3;22.3;3.3;0.6;23011.2;1.2;166.6;34.3;1833.7;44.6;0.1;6.7;407.6
2;2018-11-24 15:00:00;248.3;19.9;2.5;0.5;25751.7;1.9;161.3;37.3;1940.0;37.1;0.5;5.8;393.3
2;2018-11-24 16:00:00;149.0;23.5;3.3;0.4;19972.0;3.7;164.5;86.1;2910.6;20.8;2.7;5.1;417.5
2;2018-11-24 17:00:00;100.1;15.8;2.4;0.4;26885.3;1.9;168.7;39.8;1552.1;14.8;1.0;3.9;292.2
2;2018-11-24 18:00:00;137.1;14.0;2.1;0.3;20662.7;2.2;159.9;47.1;1738.2;8.7;0.9;3.3;336.9
2;2018-11-24 19:00:00;106.7;14.6;1.7;0.3;20369.7;1.7;131.9;38.6;1516.9;7.7;0.9;2.9;421.3
2;2018-11-24 20:00:00;159.0;41.4;20.2;1.1;29001.3;8.3;147.8;212.1;7303.5;11.1;2.0;14.3;403.9
2;2018-11-24 21:00:00;129.5;41.5;18.3;1.0;27744.1;6.0;42.0;175.4;2098.4;14.7;0.4;13.2;483.0
2;2018-11-24 22:00:00;140.0;40.9;17.2;0.9;26807.3;6.3;142.4;192.3;2352.0;13.0;0.8;12.6;459.6
2;2018-11-24 23:00:00;185.6;36.7;5.5;0.6;45382.4;8.7;119.9;167.4;2998.3;17.1;5.6;8.7;737.8
2;2018-11-25 00:00:00;222.3;31.9;12.9;0.6;45836.4;17.9;209.2;235.6;17218.5;8.5;12.9;8.3;327.7
2;2018-11-25 01:00:00;220.1;59.3;16.0;0.6;52965.8;20.0;229.0;356.2;86910.5;12.6;9.6;9.6;322.1
2;2018-11-25 02:00:00;144.0;25.8;16.2;0.4;37292.3;12.5;506.8;157.4;13179.0;10.6;0.0;5.4;399.4
2;2018-11-25 03:00:00;75.3;12.5;2.5;0.3;18867.2;4.3;476.2;44.1;1410.7;9.0;0.1;3.2;407.1
2;2018-11-25 04:00:00;65.9;22.2;1.8;0.3;66598.1;5.8;401.5;83.8;1766.0;7.1;0.0;4.4;678.5
2;2018-11-25 05:00:00;85.1;14.0;3.6;0.3;61947.8;2.6;418.9;47.6;1136.8;8.9;0.0;3.4;481.3
2;2018-11-25 06:00:00;223.0;72.4;4.8;1.0;91834.2;10.8;344.9;259.7;3155.2;32.6;0.5;12.1;720.6
2;2018-11-25 07:00:00;302.4;66.7;6.3;0.8;73218.9;10.4;344.4;259.9;1285.0;18.4;0.0;11.2;562.5
2;2018-11-25 08:00:00;202.8;38.0;6.5;0.7;39833.3;5.2;379.3;155.4;16550.1;18.8;0.0;8.5;461.7
2;2018-11-25 09:00:00;117.1;27.1;5.9;0.5;36049.6;4.8;450.9;141.8;1880.7;19.5;0.0;6.6;526.1
2;2018-11-25 10:00:00;100.1;18.4;5.6;0.4;21033.4;2.2;435.1;62.7;1833.5;18.5;0.0;4.3;540.3
2;2018-11-25 11:00:00;105.4;22.7;5.5;0.4;23656.8;3.7;348.2;88.2;2023.7;25.9;0.0;5.0;575.2
2;2018-11-25 12:00:00;110.0;16.8;1.9;0.3;19898.2;3.0;346.3;77.8;1581.3;16.5;0.0;3.6;552.1
2;2018-11-25 13:00:00;63.6;17.4;1.6;0.3;23431.9;2.0;380.7;49.9;1252.4;9.6;0.0;3.4;511.9
2;2018-11-25 14:00:00;79.1;18.6;1.8;0.3;23845.4;2.5;372.3;53.9;1780.6;8.6;0.0;3.7;555.5
2;2018-11-25 15:00:00;70.4;15.8;1.4;0.3;19407.7;1.8;415.2;35.5;1815.4;7.4;0.0;3.2;509.1
2;2018-11-25 16:00:00;103.8;19.6;3.8;0.4;18582.8;3.7;446.6;86.2;3080.7;10.5;0.0;4.3;531.2
2;2018-11-25 17:00:00;177.7;14.5;1.6;0.3;23374.4;3.2;577.5;67.0;2005.1;7.8;0.5;3.2;382.0
2;2018-11-25 18:00:00;100.4;12.8;2.3;0.3;19768.4;2.4;617.6;43.4;1650.9;6.7;0.6;3.1;364.8
2;2018-11-25 19:00:00;110.4;17.4;2.3;0.3;20025.6;3.8;519.4;66.0;2430.8;13.3;0.7;3.8;551.7
2;2018-11-25 20:00:00;146.5;29.0;5.5;0.6;38260.2;6.5;465.2;140.9;2248.3;28.2;1.9;7.6;511.6
2;2018-11-25 21:00:00;172.0;33.2;7.2;0.7;23892.9;4.1;453.8;101.9;2080.7;37.3;1.4;8.8;514.6
2;2018-11-25 22:00:00;160.5;30.6;5.5;0.7;20158.1;4.2;469.4;111.9;1852.0;27.4;1.8;8.4;428.4
2;2018-11-25 23:00:00;144.8;25.9;5.2;0.6;29181.9;3.4;460.1;83.5;1800.5;21.4;1.6;6.8;606.8
2;2018-11-26 00:00:00;279.8;47.9;14.7;0.9;22827.7;14.4;487.6;175.7;14620.4;30.2;7.8;12.4;554.0
2;2018-11-26 01:00:00;394.0;92.8;19.5;11.8;41943.1;21.2;524.7;416.3;88085.3;49.7;10.7;18.7;571.9
2;2018-11-26 02:00:00;271.4;45.7;14.0;0.9;26424.1;9.5;439.2;125.0;18215.7;41.5;1.2;11.9;535.4
2;2018-11-26 03:00:00;236.9;41.7;3.3;0.9;21233.7;6.5;371.3;96.6;1344.7;42.5;0.1;11.3;623.3
2;2018-11-26 04:00:00;230.3;34.2;15.6;0.7;54044.5;5.3;5583.7;79.4;757.1;33.6;0.0;8.8;803.6
2;2018-11-26 05:00:00;202.6;26.6;20.0;0.6;49692.6;4.6;6849.7;64.1;1684.5;26.7;0.0;7.0;533.6
2;2018-11-26 06:00:00;325.1;72.0;6.8;2.2;92883.9;13.0;312.8;279.5;2791.7;25.2;1.4;13.6;794.2
2;2018-11-26 07:00:00;471.6;65.2;5.2;0.8;65904.9;8.5;403.6;228.7;2134.9;41.1;0.1;11.1;485.0
2;2018-11-26 08:00:00;349.5;46.3;20.8;1.0;44134.2;6.4;355.5;182.0;5930.4;56.0;0.0;12.6;347.4
2;2018-11-26 09:00:00;399.3;49.9;10.6;1.0;24536.6;5.2;426.0;141.4;1736.6;67.0;0.0;12.8;373.2
2;2018-11-26 10:00:00;222.5;37.7;6.9;0.9;14705.2;2.2;334.4;53.2;501.6;67.9;0.0;11.5;330.5
2;2018-11-26 11:00:00;270.9;45.9;6.7;1.0;20392.3;4.2;364.8;104.5;1877.3;74.4;0.3;12.4;473.4
2;2018-11-26 12:00:00;317.5;39.1;5.9;0.9;17181.8;4.9;331.5;92.9;1142.0;71.2;0.0;11.5;1563.2
2;2018-11-26 13:00:00;284.5;42.5;4.2;1.0;16325.3;4.3;355.7;80.0;888.5;71.9;0.2;12.4;368.6
2;2018-11-26 14:00:00;309.8;41.7;6.8;1.0;15498.3;3.3;346.1;53.0;396.6;78.2;0.0;12.3;352.9
2;2018-11-26 15:00:00;228.6;43.8;6.9;1.0;13130.5;4.6;342.6;116.7;2098.0;74.3;0.2;12.1;365.9
2;2018-11-26 16:00:00;262.1;44.8;6.3;1.0;17733.6;4.9;360.4;91.7;1448.1;66.8;0.0;12.3;347.7
2;2018-11-26 17:00:00;285.9;46.1;6.0;0.9;12555.7;5.4;560.7;117.7;2306.9;64.4;0.1;11.8;320.1
2;2018-11-26 18:00:00;253.8;32.3;6.4;0.7;15356.3;5.5;531.8;103.4;2702.4;67.5;0.0;9.2;327.8
2;2018-11-26 19:00:00;270.5;27.3;4.7;0.7;14391.6;4.0;494.1;59.6;1890.9;48.7;0.2;8.0;234.0
2;2018-11-26 20:00:00;289.3;40.7;11.2;0.9;34261.2;7.5;586.2;180.4;1926.2;54.4;0.7;12.6;293.8
2;2018-11-26 21:00:00;235.0;28.9;12.3;0.7;21784.7;4.9;376.3;129.6;1525.4;41.1;0.1;9.1;239.0
2;2018-11-26 22:00:00;306.0;31.4;14.1;0.8;16463.4;6.2;436.5;153.2;2110.1;35.1;0.9;10.3;183.3
2;2018-11-26 23:00:00;300.8;38.4;8.9;0.8;29351.7;9.4;397.5;205.0;2389.4;26.2;4.6;10.5;543.5
2;2018-11-27 00:00:00;351.9;49.4;23.3;1.6;35568.2;19.6;381.3;277.8;15260.9;36.6;32.9;12.7;194.8
2;2018-11-27 01:00:00;350.6;68.0;13.8;1.1;43440.3;21.5;446.6;395.1;90002.9;44.0;22.6;13.7;259.3
2;2018-11-27 02:00:00;199.3;38.5;7.2;0.9;33138.1;13.3;384.9;198.5;15253.2;39.3;0.6;10.2;231.7
2;2018-11-27 03:00:00;179.5;27.6;6.5;0.7;26894.5;8.3;351.2;117.3;2567.5;30.4;0.0;7.9;208.2
2;2018-11-27 04:00:00;130.0;28.0;4.3;0.6;46284.1;5.2;421.2;88.7;2572.5;26.9;0.1;7.2;526.3
2;2018-11-27 05:00:00;181.9;19.2;20.1;0.5;46697.1;6.4;355.5;124.9;1799.1;20.1;0.0;5.2;371.6
2;2018-11-27 06:00:00;238.1;14.6;4.6;0.4;13123.1;2.6;422.3;48.5;1449.1;24.3;0.0;4.7;123.7
2;2018-11-27 07:00:00;109.0;16.6;5.0;0.5;11628.4;1.4;333.9;26.0;554.2;37.0;0.0;5.7;185.9
2;2018-11-27 08:00:00;209.4;27.1;5.2;0.7;11373.3;4.1;369.1;59.2;15572.5;50.5;0.0;8.1;264.0
2;2018-11-27 09:00:00;353.1;27.7;6.1;0.8;12394.1;6.4;355.0;86.2;1143.1;59.4;0.0;8.8;278.7
2;2018-11-27 10:00:00;1496.9;67.2;12.0;2.3;108179.2;12.2;341.7;257.3;1719.0;77.2;0.1;15.7;543.2
2;2018-11-27 11:00:00;582.9;86.1;11.3;6.2;82747.8;15.2;329.1;330.2;1516.2;63.0;0.2;18.0;431.2
2;2018-11-27 12:00:00;735.5;79.1;9.1;4.2;76181.4;15.3;342.4;360.4;45260.5;60.9;0.1;17.1;521.0
2;2018-11-27 13:00:00;302.7;60.4;6.6;1.0;78564.4;11.8;396.2;281.9;42067.6;62.0;0.3;14.2;414.7
2;2018-11-27 14:00:00;249.4;35.7;7.3;0.9;34750.0;4.7;340.3;149.9;1963.3;60.9;0.2;10.0;373.8
2;2018-11-27 15:00:00;240.7;42.5;7.5;0.9;26566.7;6.6;385.7;147.5;5226.0;59.0;0.2;11.3;339.2
2;2018-11-27 16:00:00;307.8;46.5;6.8;1.0;22364.3;8.8;477.0;237.2;6204.8;66.6;1.9;12.4;367.7
2;2018-11-27 17:00:00;253.0;32.7;5.8;0.7;17239.4;5.6;430.2;129.2;2289.1;54.9;1.2;8.8;320.5
2;2018-11-27 18:00:00;154.8;23.0;4.9;0.6;19926.9;2.9;430.1;68.5;4639.4;50.9;1.4;6.9;269.7
2;2018-11-27 19:00:00;170.0;20.4;4.1;0.5;13257.5;3.7;457.4;84.7;3061.6;38.3;0.4;6.2;207.1
2;2018-11-27 20:00:00;298.1;42.5;17.3;1.1;20029.4;9.6;355.0;271.0;2048.9;42.9;1.3;14.3;206.1
2;2018-11-27 21:00:00;257.1;39.0;25.0;1.1;18304.0;7.7;283.4;207.2;1326.0;34.6;1.4;14.2;171.1
2;2018-11-27 22:00:00;233.4;46.9;18.5;1.0;17625.6;7.6;63.9;200.5;2064.0;28.6;0.2;12.8;196.2
2;2018-11-27 23:00:00;309.5;55.9;20.5;1.0;43389.6;12.6;60.9;276.0;2906.3;20.3;4.6;14.1;417.2
2;2018-11-28 00:00:00;353.2;55.0;14.8;1.0;40596.1;23.8;157.9;291.7;10045.8;37.0;20.6;12.1;307.8
2;2018-11-28 01:00:00;368.7;59.3;16.8;0.8;46660.4;21.9;109.9;385.4;73798.6;35.8;6.0;10.3;217.6
2;2018-11-28 02:00:00;200.0;46.2;7.0;0.9;32768.4;14.7;201.9;218.5;39829.6;34.2;0.4;10.8;172.2
2;2018-11-28 03:00:00;163.1;35.8;6.0;0.8;22062.8;6.6;124.1;91.3;1380.8;35.0;0.1;9.2;187.1
2;2018-11-28 04:00:00;218.8;41.0;6.6;0.7;39109.1;5.7;153.0;108.6;1749.4;22.1;0.5;8.8;384.1
2;2018-11-28 05:00:00;297.1;26.9;19.7;0.5;38419.1;3.0;167.6;72.3;1926.1;17.2;0.6;5.3;261.1
2;2018-11-28 06:00:00;264.3;67.0;5.1;0.8;90926.0;10.9;125.8;262.4;1938.3;19.9;0.6;10.6;524.2
2;2018-11-28 07:00:00;439.0;64.2;16.6;0.8;71807.4;9.3;69.1;226.1;1347.1;31.5;0.0;10.3;439.5
2;2018-11-28 08:00:00;297.2;68.1;7.2;0.9;54038.0;9.6;68.1;225.7;17444.2;39.8;0.0;12.4;336.8
2;2018-11-28 09:00:00;382.6;60.9;11.0;1.3;50884.5;7.8;86.1;274.3;1757.3;48.8;0.3;12.4;380.3
2;2018-11-28 10:00:00;283.4;52.4;11.3;0.8;43981.8;4.3;97.8;119.6;12611.7;61.5;0.3;10.4;335.3
2;2018-11-28 11:00:00;310.6;36.2;5.5;0.8;38257.2;4.7;255.4;156.2;8099.7;68.6;0.7;10.2;384.4
2;2018-11-28 12:00:00;289.6;44.7;4.3;0.9;15271.3;3.3;99.2;96.5;5731.7;68.4;0.0;11.4;343.5
2;2018-11-28 13:00:00;282.6;35.2;4.4;0.8;14452.8;3.2;56.0;77.1;1109.3;65.3;0.0;10.1;330.7
2;2018-11-28 14:00:00;250.6;27.6;3.4;0.8;13740.1;4.5;45.0;91.7;87.0;72.7;0.0;8.8;321.1
2;2018-11-28 15:00:00;297.2;40.3;4.4;1.0;18524.8;6.8;71.0;135.8;1481.0;74.9;0.0;11.5;356.8
2;2018-11-28 16:00:00;302.6;34.7;8.7;0.9;16719.5;4.5;92.9;86.6;2055.3;71.5;0.0;10.3;332.5
2;2018-11-28 17:00:00;239.1;39.0;7.2;0.9;21677.0;8.2;149.2;166.1;3433.3;67.6;0.0;11.2;336.1
2;2018-11-28 18:00:00;302.8;35.4;3.9;0.8;14986.5;4.9;191.8;108.7;2090.8;75.1;0.0;9.6;333.0
2;2018-11-28 19:00:00;292.5;35.5;3.6;0.7;20253.2;4.1;134.7;90.3;1317.0;58.8;0.0;9.0;300.3
2;2018-11-28 20:00:00;285.9;43.8;5.1;0.8;34696.3;8.8;72.2;214.7;5847.7;53.9;0.1;11.0;250.1
2;2018-11-28 21:00:00;191.4;38.1;9.4;0.9;49457.6;7.3;157.1;199.0;2366.2;58.6;1.2;11.4;282.3
2;2018-11-28 22:00:00;165.4;36.4;8.2;0.9;20396.9;7.0;191.7;178.8;2221.6;46.6;1.9;11.2;259.7
2;2018-11-28 23:00:00;233.6;55.7;11.4;1.2;35426.4;12.0;82.0;249.5;2565.7;53.1;5.2;16.7;568.1
2;2018-11-29 00:00:00;425.1;50.1;18.0;1.5;39211.9;23.9;119.2;348.5;6180.1;49.6;18.4;13.6;379.8
2;2018-11-29 01:00:00;400.8;72.0;17.7;1.6;45482.1;23.3;131.5;416.9;74520.2;65.6;16.8;16.7;379.2
2;2018-11-29 02:00:00;338.7;65.7;9.4;1.6;32959.8;14.3;175.1;302.6;44922.0;65.8;0.1;16.1;324.2
2;2018-11-29 03:00:00;277.7;48.3;20.4;1.1;34956.8;7.2;87.9;176.5;1343.3;62.7;0.0;14.1;299.6
2;2018-11-29 04:00:00;168.8;42.2;7.4;0.8;35573.8;5.4;70.5;143.6;1351.8;24.3;0.1;10.4;167.1
2;2018-11-29 05:00:00;208.9;34.8;6.7;0.7;26485.3;4.8;51.1;131.6;963.9;21.0;0.0;8.7;158.0
2;2018-11-29 06:00:00;335.9;85.2;13.8;1.8;93251.0;12.5;76.0;367.9;3123.4;23.4;0.5;16.6;472.9
2;2018-11-29 07:00:00;381.8;77.4;23.5;1.9;75225.6;11.7;123.9;321.7;2183.5;35.6;0.6;12.3;396.7
2;2018-11-29 08:00:00;324.4;57.2;10.9;0.9;58529.1;9.5;99.1;206.0;16899.7;53.6;0.7;12.4;474.6
2;2018-11-29 09:00:00;346.4;40.9;10.4;0.9;57289.7;5.1;33.1;165.3;23600.9;61.8;0.6;10.9;350.5
2;2018-11-29 10:00:00;289.7;40.7;8.1;0.9;27380.3;5.8;76.3;168.0;1595.0;61.5;0.2;11.4;373.0
2;2018-11-29 11:00:00;239.6;31.8;5.5;0.8;15683.3;2.9;71.0;48.2;1579.9;69.0;0.0;9.8;357.0
2;2018-11-29 12:00:00;243.7;41.6;6.5;0.9;22895.3;5.8;56.8;122.1;6902.2;62.7;0.0;11.4;362.0
2;2018-11-29 13:00:00;224.7;43.6;10.1;0.9;23641.8;4.5;85.9;69.5;20795.4;65.7;1.6;11.3;367.8
2;2018-11-29 14:00:00;380.6;40.9;7.2;0.9;24683.7;5.6;84.9;102.8;2742.6;67.6;2.0;10.6;367.3
2;2018-11-29 15:00:00;347.5;48.2;7.8;0.9;20409.8;4.6;95.9;110.0;8393.3;72.1;0.0;12.5;406.3
2;2018-11-29 16:00:00;328.0;44.7;7.0;1.0;18233.3;4.5;117.5;110.8;1924.2;75.1;0.0;12.9;379.7
2;2018-11-29 17:00:00;316.7;39.2;5.9;0.8;24496.9;6.4;244.7;154.9;3118.5;69.7;1.6;10.7;376.7
2;2018-11-29 18:00:00;347.9;37.2;7.9;0.8;22571.2;6.8;282.4;157.1;4043.3;56.5;0.8;9.7;669.0
2;2018-11-29 19:00:00;255.5;25.0;6.5;0.6;15529.9;4.8;249.3;89.5;2006.9;46.9;0.0;6.8;302.4
2;2018-11-29 20:00:00;366.5;31.9;11.2;0.8;29261.9;6.4;266.8;129.6;1131.6;50.6;0.0;9.8;308.1
2;2018-11-29 21:00:00;240.8;32.6;17.0;0.7;20609.0;7.1;160.9;194.5;3066.1;43.9;0.8;9.6;256.6
2;2018-11-29 22:00:00;201.5;35.2;9.2;0.6;14342.6;5.0;156.0;123.6;2595.3;22.0;0.2;8.6;120.4
2;2018-11-29 23:00:00;223.3;53.7;10.1;0.8;32537.3;12.6;165.6;252.7;3630.1;13.6;5.3;11.7;453.2
2;2018-11-30 00:00:00;411.5;60.3;16.5;1.5;38678.2;23.7;170.2;304.5;10569.3;38.0;18.9;13.6;248.1
2;2018-11-30 01:00:00;346.3;93.3;13.4;8.5;51052.9;24.5;284.0;469.3;55810.2;39.9;4.8;17.6;234.4
2;2018-11-30 02:00:00;403.0;73.0;6.1;1.4;33072.3;14.8;150.1;261.1;41093.2;37.8;2.6;14.1;189.3
2;2018-11-30 03:00:00;379.0;45.5;19.4;0.9;28186.8;5.8;136.5;142.0;1670.0;38.0;0.0;11.2;232.9
2;2018-11-30 04:00:00;129.6;28.1;3.1;0.6;50677.6;3.1;192.3;75.9;2193.5;26.5;1.0;6.8;580.6
2;2018-11-30 05:00:00;125.3;16.2;2.4;0.5;51625.6;2.8;183.3;48.0;1766.3;27.5;0.1;5.1;173.1
2;2018-11-30 06:00:00;202.1;24.7;3.2;0.5;41272.4;3.5;77.9;88.5;1527.5;26.4;0.5;6.0;260.3
2;2018-11-30 07:00:00;208.2;34.6;4.9;0.7;53966.4;3.8;70.0;107.8;1033.4;40.8;0.0;8.6;332.0
2;2018-11-30 08:00:00;323.7;42.1;6.1;0.9;35927.9;6.2;83.0;137.6;17775.1;57.6;0.1;11.3;346.8
2;2018-11-30 09:00:00;291.7;39.3;6.3;0.9;15227.6;4.2;135.0;98.2;1536.9;69.4;0.0;11.6;328.4
2;2018-11-30 10:00:00;301.8;41.0;7.1;1.0;15671.5;4.3;152.6;91.1;2935.0;70.6;0.2;12.2;340.7
2;2018-11-30 11:00:00;263.9;33.9;7.2;0.9;12742.9;3.5;74.9;54.2;1787.1;68.2;0.0;10.3;334.0
2;2018-11-30 12:00:00;234.4;43.1;7.6;1.0;17956.9;5.1;125.8;106.8;2171.7;69.7;0.0;12.4;377.5
2;2018-11-30 13:00:00;325.6;46.5;7.9;1.0;18817.9;5.3;102.0;119.2;6942.1;74.4;0.0;12.9;414.9
2;2018-11-30 14:00:00;188.9;39.2;4.8;1.0;18775.8;3.8;58.9;71.4;2505.2;73.5;0.0;11.7;346.0
2;2018-11-30 15:00:00;267.0;39.3;6.4;1.0;18303.0;4.8;100.2;85.6;1973.4;74.6;0.7;11.9;360.7
2;2018-11-30 16:00:00;260.6;47.7;5.7;1.0;14004.8;7.2;82.9;130.5;1367.9;79.0;0.8;12.6;382.0
2;2018-11-30 17:00:00;285.0;47.9;5.6;1.0;13341.6;4.7;54.0;76.2;2110.9;76.1;0.0;11.7;788.8
2;2018-11-30 18:00:00;169.4;30.6;5.6;0.7;17595.0;3.6;89.8;88.5;2144.7;56.1;0.1;8.7;300.5
2;2018-11-30 19:00:00;143.1;21.6;4.0;0.6;12929.4;2.8;163.9;53.4;1505.0;46.7;0.1;6.3;247.3
2;2018-11-30 20:00:00;250.1;43.7;19.4;1.2;18069.3;7.3;146.9;203.5;6605.3;48.0;0.4;16.0;244.4
2;2018-11-30 21:00:00;233.7;49.2;23.4;1.2;28686.1;7.6;68.0;218.0;1760.6;37.0;1.3;16.1;241.5
2;2018-11-30 22:00:00;267.8;38.7;18.3;1.1;18745.7;5.6;61.1;175.8;1767.4;28.0;0.0;13.5;148.6
2;2018-11-30 23:00:00;248.8;41.8;17.7;0.9;16945.0;5.0;96.5;162.1;1409.8;21.9;0.0;12.7;130.6
2;2018-12-01 00:00:00;402.9;64.4;12.4;1.1;23074.4;24.6;109.7;289.1;11010.5;31.0;10.0;15.5;215.5
2;2018-12-01 01:00:00;419.0;66.7;14.6;1.2;16882.1;21.4;89.9;248.3;1259.2;47.3;8.0;16.6;249.2
2;2018-12-01 02:00:00;210.3;47.2;15.6;0.8;19985.5;10.3;201.3;188.5;3114.2;20.8;1.7;10.2;142.2
2;2018-12-01 03:00:00;208.5;33.1;12.2;0.8;17966.1;5.0;119.7;115.6;1898.7;35.8;0.1;9.3;227.4
2;2018-12-01 04:00:00;128.1;21.3;3.5;0.5;40595.9;2.7;174.6;66.1;2024.9;22.4;0.6;5.8;418.3
2;2018-12-01 05:00:00;81.7;19.0;2.8;0.4;39017.1;1.8;182.8;43.5;1988.2;18.7;0.2;5.0;273.7
2;2018-12-01 06:00:00;143.1;28.0;2.3;0.4;20539.5;4.9;126.7;58.5;1772.3;15.4;0.3;5.1;130.4
2;2018-12-01 07:00:00;121.8;32.6;3.1;0.5;16467.2;5.6;165.5;77.2;6880.1;18.3;0.0;6.1;162.7
2;2018-12-01 08:00:00;166.1;35.2;4.1;0.5;22763.0;5.4;122.3;113.5;18333.7;20.6;0.3;6.3;128.2
2;2018-12-01 09:00:00;114.4;30.7;2.7;0.5;11256.8;5.2;143.2;72.0;1722.3;24.6;0.1;6.3;158.6
2;2018-12-01 10:00:00;152.5;35.5;4.2;0.5;18948.0;2.9;153.1;72.8;1519.9;27.2;0.1;6.9;263.2
2;2018-12-01 11:00:00;116.1;32.6;5.1;0.6;16179.3;2.6;149.7;57.5;1712.3;35.6;0.4;7.3;234.4
2;2018-12-01 12:00:00;226.8;27.6;3.3;0.5;15234.0;1.8;121.8;39.1;1945.6;28.7;0.1;5.6;183.4
2;2018-12-01 13:00:00;180.9;28.1;3.1;0.5;21376.9;1.9;127.3;46.3;1385.0;27.5;0.6;5.9;174.3
2;2018-12-01 14:00:00;117.9;27.0;2.6;0.5;17115.1;2.5;154.4;79.8;1910.6;27.7;0.8;5.4;140.3
2;2018-12-01 15:00:00;97.3;25.1;2.3;0.4;19648.3;2.4;105.0;76.7;2252.8;20.0;0.1;4.9;166.9
2;2018-12-01 16:00:00;99.3;23.7;1.9;0.4;26320.0;3.0;78.6;64.4;1165.7;19.4;0.2;4.4;133.2
2;2018-12-01 17:00:00;85.5;22.6;2.2;0.4;16623.9;3.3;83.0;66.8;1477.8;14.7;0.0;4.4;120.0
2;2018-12-01 18:00:00;140.6;28.6;2.7;0.4;17031.5;2.9;102.7;76.8;1496.0;13.2;1.5;5.1;128.9
2;2018-12-01 19:00:00;83.6;23.2;2.3;0.3;12221.6;2.0;99.5;46.2;1741.8;11.6;0.0;3.6;131.7
2;2018-12-01 20:00:00;191.7;30.3;3.9;0.4;23764.9;4.9;197.0;110.2;2280.8;10.2;4.6;6.2;128.1
2;2018-12-01 21:00:00;168.7;32.3;6.1;0.6;20797.3;3.4;167.8;82.9;2054.9;16.9;2.0;7.1;116.4
2;2018-12-01 22:00:00;154.8;26.8;4.5;0.5;21854.0;3.5;177.2;91.0;2727.4;20.5;1.4;6.1;160.9
2;2018-12-01 23:00:00;166.9;29.8;4.0;0.5;30285.2;7.8;150.6;140.0;3476.7;16.6;5.8;6.6;560.9
2;2018-12-02 00:00:00;189.0;22.4;7.8;0.5;32773.6;16.9;195.1;179.3;13118.3;8.4;8.9;5.9;133.7
2;2018-12-02 01:00:00;202.0;49.0;10.6;0.6;50080.1;17.5;217.6;290.3;85813.5;12.8;3.5;8.8;193.7
2;2018-12-02 02:00:00;138.0;26.5;4.3;0.5;17038.9;7.6;126.0;124.3;14909.5;12.5;2.5;5.8;84.6
2;2018-12-02 03:00:00;63.8;11.0;7.2;0.3;16901.3;5.9;49.4;66.5;737.8;9.7;0.1;3.4;143.2
2;2018-12-02 04:00:00;58.9;15.4;2.1;0.3;42548.4;5.2;6420.5;66.4;1435.5;9.5;0.0;3.9;318.2
2;2018-12-02 05:00:00;154.9;36.1;3.9;0.9;16970.2;4.6;7061.6;76.5;1565.6;35.9;0.2;10.6;265.5
2;2018-12-02 06:00:00;254.5;86.3;4.0;1.4;87772.5;13.2;77.1;378.6;2010.8;22.7;1.1;13.3;516.5
2;2018-12-02 07:00:00;319.3;64.4;3.4;0.5;62035.3;14.0;57.9;402.5;7193.6;34.6;0.0;7.6;392.9
2;2018-12-02 08:00:00;196.9;36.3;6.3;0.5;49176.7;6.4;42.2;213.8;6127.8;16.4;0.0;6.3;217.6
2;2018-12-02 09:00:00;99.7;29.5;4.5;0.4;40942.7;5.8;47.0;210.1;2141.1;11.1;0.0;5.0;122.6
2;2018-12-02 10:00:00;89.7;22.9;2.2;0.3;22392.4;3.4;47.0;99.7;1161.7;11.3;0.0;3.7;101.7
2;2018-12-02 11:00:00;91.3;23.3;2.1;0.3;16716.3;2.8;40.0;71.1;1197.9;14.3;0.0;3.8;96.1
2;2018-12-02 12:00:00;111.9;27.6;2.6;0.4;17631.2;3.4;66.9;87.4;1470.9;14.7;0.0;5.0;145.0
2;2018-12-02 13:00:00;101.6;27.6;1.7;0.4;16701.2;2.7;51.4;76.9;1050.6;29.4;0.0;4.7;178.7
2;2018-12-02 14:00:00;98.7;27.8;2.4;0.4;17469.1;3.3;110.8;81.3;1582.2;30.4;0.0;4.7;168.5
2;2018-12-02 15:00:00;133.5;23.5;6.5;0.3;14860.8;2.3;145.3;51.7;1950.8;10.8;0.0;3.9;101.3
2;2018-12-02 16:00:00;121.6;25.0;1.6;0.3;20233.8;2.7;140.5;70.1;1751.8;18.6;0.0;4.2;116.1
2;2018-12-02 17:00:00;192.4;25.1;2.4;0.4;24846.0;4.1;60.9;102.0;1410.0;17.1;0.0;4.5;131.2
2;2018-12-02 18:00:00;85.7;21.3;1.8;0.3;22693.3;3.4;61.9;64.9;1250.8;7.7;0.0;3.3;89.0
2;2018-12-02 19:00:00;97.6;22.8;1.6;0.3;16680.9;3.3;54.0;76.7;1484.2;7.0;0.0;3.3;111.2
2;2018-12-02 20:00:00;173.8;35.7;6.4;0.5;30486.1;6.4;172.1;183.7;7623.7;13.2;3.7;7.7;155.6
2;2018-12-02 21:00:00;111.6;21.8;5.9;0.6;18277.2;4.9;121.6;141.3;1567.2;23.1;0.8;6.3;100.7
2;2018-12-02 22:00:00;113.0;24.7;7.2;0.6;12797.2;5.0;166.3;145.2;3130.9;12.6;1.4;7.9;96.9
2;2018-12-02 23:00:00;115.9;18.2;4.8;0.6;17246.5;3.6;152.6;82.4;1725.8;21.5;0.3;6.5;149.0
2;2018-12-03 00:00:00;196.2;30.8;9.5;0.8;12290.6;3.1;212.5;75.9;2129.6;40.1;0.3;10.2;222.1
2;2018-12-03 01:00:00;166.2;33.8;5.9;0.6;35549.2;8.9;256.7;202.1;88964.4;34.4;0.1;7.8;208.9
2;2018-12-03 02:00:00;225.1;27.3;3.4;0.8;19201.5;5.6;143.7;101.9;7350.3;37.1;0.2;9.1;179.3
2;2018-12-03 03:00:00;190.4;27.7;13.9;0.7;13808.3;7.5;43.8;142.8;635.3;35.7;0.0;8.7;181.7
2;2018-12-03 04:00:00;189.1;36.9;3.1;0.8;44176.8;5.6;162.2;115.6;1974.4;36.9;1.5;9.9;456.3
2;2018-12-03 05:00:00;163.6;19.5;6.3;0.6;18606.8;3.3;130.7;75.6;1474.9;30.3;0.1;6.4;172.3
2;2018-12-03 06:00:00;304.0;66.6;5.8;1.0;82607.2;8.9;105.2;243.3;1926.9;31.0;0.1;12.4;549.3
2;2018-12-03 07:00:00;464.8;66.5;5.4;0.9;69662.8;9.6;70.4;277.8;1420.6;38.8;0.1;12.5;457.9
2;2018-12-03 08:00:00;227.1;59.4;9.2;1.0;54136.6;11.3;132.7;367.9;16526.7;82.5;0.3;13.9;445.3
2;2018-12-03 09:00:00;320.6;50.4;7.8;1.1;51048.0;11.2;82.9;386.1;883.8;99.1;0.0;14.1;488.2
2;2018-12-03 10:00:00;352.4;44.4;6.3;1.0;19963.1;4.8;100.3;131.6;1946.4;70.4;0.0;12.4;381.9
2;2018-12-03 11:00:00;288.0;45.2;7.5;1.0;20923.8;4.8;71.6;122.9;2663.1;67.8;0.0;12.5;425.5
2;2018-12-03 12:00:00;296.8;64.2;5.4;1.1;48065.2;7.0;113.1;195.5;40905.0;82.4;0.0;15.0;409.0
2;2018-12-03 13:00:00;317.0;66.2;6.3;3.8;50764.5;7.1;100.8;209.6;46742.1;82.1;0.0;16.2;431.7
2;2018-12-03 14:00:00;389.4;79.8;5.4;3.1;44009.5;9.2;119.9;269.7;57180.8;98.0;0.1;17.1;499.7
2;2018-12-03 15:00:00;224.9;38.0;4.1;0.9;24486.9;2.9;58.0;65.0;579.6;70.9;0.1;10.4;345.3
2;2018-12-03 16:00:00;293.3;49.5;8.5;1.0;19933.4;4.8;59.1;112.8;1719.4;55.9;0.3;13.2;315.8
2;2018-12-03 17:00:00;222.6;33.7;5.2;0.9;12466.4;2.5;69.7;49.4;557.7;66.9;0.0;10.0;313.8
2;2018-12-03 18:00:00;377.0;46.0;6.0;1.0;18507.1;6.2;84.1;141.6;2917.4;80.6;0.0;12.8;372.9
2;2018-12-03 19:00:00;185.3;36.5;4.2;0.9;14452.4;5.2;64.5;107.7;2856.4;89.0;0.0;10.6;403.0
2;2018-12-03 20:00:00;351.1;46.3;16.4;1.1;22654.6;9.1;123.0;253.2;2457.8;67.2;0.4;15.1;324.7
2;2018-12-03 21:00:00;289.8;50.5;19.4;1.3;14289.4;6.0;71.9;170.4;1798.8;46.4;0.1;17.5;211.5
2;2018-12-03 22:00:00;241.7;38.0;19.3;1.0;17112.0;5.2;99.7;141.6;1503.9;36.1;0.0;13.3;171.8
2;2018-12-03 23:00:00;290.6;33.9;8.4;0.7;33511.9;10.9;147.6;216.0;3291.1;28.9;3.5;9.7;550.0
2;2018-12-04 00:00:00;331.3;43.7;18.5;1.1;35334.5;19.6;165.6;240.6;2143.2;36.8;21.4;12.9;237.0
2;2018-12-04 01:00:00;457.8;65.7;14.5;2.2;43311.4;24.8;224.9;418.0;80956.6;51.5;23.7;17.0;379.7
2;2018-12-04 02:00:00;321.5;63.4;14.0;0.9;40812.8;19.2;184.1;322.4;56829.9;39.6;1.9;13.7;188.4
2;2018-12-04 03:00:00;285.0;20.0;12.1;0.6;25011.2;9.0;91.4;100.4;828.3;29.9;0.0;6.6;154.1
2;2018-12-04 04:00:00;142.2;25.3;5.7;0.5;40295.5;6.3;70.2;82.6;1595.0;21.3;0.0;7.0;434.7
2;2018-12-04 05:00:00;177.6;17.7;4.4;0.5;36232.9;3.6;149.5;66.7;1460.2;20.0;0.0;5.4;202.3
2;2018-12-04 06:00:00;331.9;66.7;7.4;1.1;79321.7;10.7;166.8;275.0;3363.4;25.4;1.1;12.6;522.2
2;2018-12-04 07:00:00;512.2;62.9;6.4;1.0;69958.5;11.9;171.9;302.6;2823.0;37.3;0.1;12.3;490.1
2;2018-12-04 08:00:00;291.1;44.0;8.5;1.0;50789.5;7.3;84.1;179.0;6058.7;57.5;0.0;11.8;383.3
2;2018-12-04 09:00:00;323.8;59.9;9.4;1.3;38582.2;5.5;104.1;184.7;3069.0;66.0;0.2;15.4;324.7
2;2018-12-04 10:00:00;286.7;50.4;8.3;1.1;28329.3;10.6;87.8;319.6;1456.3;94.4;0.0;13.3;486.8
2;2018-12-04 11:00:00;343.5;40.2;8.7;1.0;20476.4;3.1;60.1;96.5;1797.7;63.2;0.0;11.5;305.5
2;2018-12-04 12:00:00;281.7;36.7;3.9;0.9;18971.8;4.2;72.0;112.4;6146.3;79.5;0.0;10.7;352.9
2;2018-12-04 13:00:00;265.7;38.9;5.0;0.9;16580.0;4.0;56.9;88.0;2575.4;76.1;0.0;11.3;359.3
2;2018-12-04 14:00:00;308.4;44.7;10.2;0.9;19784.6;3.0;54.4;96.0;3542.4;58.3;0.0;11.9;298.8
2;2018-12-04 15:00:00;314.8;32.2;4.5;0.8;16463.7;1.3;64.1;38.6;1252.5;75.1;0.0;9.9;316.7
2;2018-12-04 16:00:00;199.1;39.7;3.9;0.9;28807.3;4.2;37.9;126.5;1265.3;75.0;0.0;11.0;465.2
2;2018-12-04 17:00:00;248.9;24.6;3.5;0.7;15339.8;1.1;83.1;35.7;114.5;60.6;0.0;7.8;285.6
2;2018-12-04 18:00:00;179.0;26.5;4.5;0.7;18748.2;4.4;86.8;111.0;922.3;50.9;0.0;7.7;276.7
2;2018-12-04 19:00:00;117.8;18.1;2.6;0.6;11181.5;1.8;387.7;44.8;4448.2;62.6;0.0;6.1;261.3
2;2018-12-04 20:00:00;219.2;22.6;4.2;0.6;28528.8;3.8;396.3;87.3;3248.9;57.2;0.0;7.4;282.7
2;2018-12-04 21:00:00;230.5;30.1;6.0;0.6;19274.4;6.1;455.3;127.4;3155.8;38.8;1.0;7.0;243.3
2;2018-12-04 22:00:00;175.1;29.2;5.4;0.6;16536.4;4.6;393.1;118.7;1119.6;34.0;0.0;7.1;271.4
2;2018-12-04 23:00:00;217.0;40.7;7.0;0.7;53395.4;10.1;354.3;205.1;2282.6;38.0;3.8;9.5;586.1
2;2018-12-05 00:00:00;363.9;46.0;21.9;1.0;43452.2;23.4;483.0;340.1;10602.2;49.4;26.5;12.7;289.9
2;2018-12-05 01:00:00;286.5;75.4;15.7;1.4;54834.0;19.8;425.7;331.2;72312.8;53.6;7.6;16.4;315.9
2;2018-12-05 02:00:00;294.8;69.4;12.7;1.5;32386.3;17.1;440.7;287.4;46767.4;40.5;2.8;15.5;285.2
2;2018-12-05 03:00:00;267.2;29.3;8.8;0.8;15745.9;4.8;370.6;96.5;1846.6;43.2;0.0;9.4;261.0
2;2018-12-05 04:00:00;140.1;27.7;2.2;0.5;66687.5;3.7;359.3;75.7;1521.0;27.1;0.1;6.6;555.5
2;2018-12-05 05:00:00;168.8;18.7;3.2;0.5;53285.2;3.1;351.8;76.7;1065.6;29.9;0.0;5.8;258.3
2;2018-12-05 06:00:00;356.8;64.9;6.6;0.8;93922.3;10.9;356.4;287.6;1949.6;25.6;0.2;11.4;512.9
2;2018-12-05 07:00:00;383.4;70.3;6.3;0.9;55467.1;10.8;357.0;298.6;7219.1;36.0;0.1;11.9;475.7
2;2018-12-05 08:00:00;382.3;57.3;8.3;1.1;56187.2;8.9;341.4;229.8;17109.4;56.7;0.0;14.3;401.0
2;2018-12-05 09:00:00;283.6;37.2;8.0;0.8;23778.6;3.9;356.8;142.1;16564.5;59.4;0.0;10.7;308.6
2;2018-12-05 10:00:00;249.4;34.7;5.8;0.9;13030.5;3.7;366.0;92.4;2969.0;68.5;0.0;10.6;313.7
2;2018-12-05 11:00:00;297.3;40.4;5.3;1.0;15306.0;3.3;415.3;62.5;2270.5;70.7;0.0;11.6;410.8
2;2018-12-05 12:00:00;213.9;46.5;4.7;1.0;19290.6;3.6;387.7;98.2;3413.4;69.3;0.2;12.8;378.6
2;2018-12-05 13:00:00;284.0;31.4;4.6;0.9;15247.6;2.1;367.0;55.5;1451.7;67.5;0.0;9.7;331.1
2;2018-12-05 14:00:00;247.6;27.6;3.3;0.8;11758.2;1.4;368.7;20.8;1497.3;64.9;0.0;8.7;311.7
2;2018-12-05 15:00:00;205.2;25.2;3.3;0.7;12026.3;1.2;382.2;19.2;2030.7;60.5;0.0;8.2;265.9
2;2018-12-05 16:00:00;297.6;37.6;4.2;0.8;18793.8;5.2;403.9;148.2;3248.5;59.9;0.7;10.5;315.3
2;2018-12-05 17:00:00;237.4;34.2;4.0;0.7;16941.4;5.5;575.1;127.0;1310.6;60.9;1.5;9.6;268.6
2;2018-12-05 18:00:00;311.5;34.2;6.2;0.8;16721.2;4.1;443.3;84.9;2952.0;55.2;0.0;9.1;268.6
2;2018-12-05 19:00:00;161.8;24.7;3.7;0.6;11694.9;2.4;446.2;34.4;2008.2;43.1;0.0;6.3;196.1
2;2018-12-05 20:00:00;283.0;38.3;15.0;1.0;20209.5;11.7;595.9;315.7;1894.1;45.2;0.2;13.7;201.1
2;2018-12-05 21:00:00;349.9;37.9;20.5;1.1;16536.7;6.4;363.7;179.7;893.6;33.4;0.1;14.2;158.2
2;2018-12-05 22:00:00;263.5;36.3;17.6;1.0;16800.1;6.7;400.0;200.4;2515.0;26.5;0.1;13.4;129.4
2;2018-12-05 23:00:00;374.9;52.2;17.8;1.2;34064.5;11.2;406.0;253.9;2782.7;33.2;5.7;16.7;465.1
2;2018-12-06 00:00:00;423.6;74.2;24.8;5.1;66015.2;23.6;501.6;481.1;22482.8;47.8;26.7;16.7;381.8
2;2018-12-06 01:00:00;436.8;84.7;14.9;5.6;63472.1;19.0;439.7;418.4;82098.0;53.4;5.2;18.4;338.8
2;2018-12-06 02:00:00;267.0;62.2;11.0;1.1;31884.6;12.8;410.3;214.0;34235.4;50.1;1.1;14.3;211.1
2;2018-12-06 03:00:00;194.4;44.2;14.0;1.0;30014.7;7.3;411.7;121.1;1349.5;43.8;1.2;13.1;205.3
2;2018-12-06 04:00:00;134.3;26.6;2.9;0.6;43280.6;3.3;468.8;56.5;1441.5;23.8;1.0;7.0;452.1
2;2018-12-06 05:00:00;186.3;22.9;4.3;0.6;44999.2;3.7;377.8;84.0;1650.9;27.7;0.0;6.5;266.6
2;2018-12-06 06:00:00;344.2;70.2;6.5;0.9;92212.9;10.3;368.8;273.6;2100.5;23.6;0.2;12.2;577.1
2;2018-12-06 07:00:00;467.7;74.9;7.4;1.4;74739.8;11.1;382.2;304.5;7425.8;37.7;1.0;13.1;520.9
2;2018-12-06 08:00:00;302.1;49.9;8.1;1.0;40679.6;6.2;365.5;176.4;1091.5;54.0;0.4;12.8;361.7
2;2018-12-06 09:00:00;306.5;35.8;8.7;0.9;23342.7;3.7;382.0;114.5;812.9;64.6;0.1;10.7;326.0
2;2018-12-06 10:00:00;363.6;47.2;11.1;1.1;19004.5;4.3;367.0;121.5;18310.5;70.0;0.0;13.0;420.6
2;2018-12-06 11:00:00;283.0;35.6;7.4;0.9;15508.3;3.9;432.5;64.9;2473.1;70.5;0.0;11.1;326.4
2;2018-12-06 12:00:00;335.8;45.2;7.2;1.0;17786.5;4.9;381.3;83.9;2039.6;112.1;0.1;12.2;510.3
2;2018-12-06 13:00:00;343.6;45.9;6.0;1.0;15421.9;3.9;362.7;75.5;352.8;114.6;0.0;12.2;502.9
2;2018-12-06 14:00:00;273.1;49.6;6.3;1.0;16425.9;3.7;365.9;107.2;1969.2;111.2;0.0;13.3;519.6
2;2018-12-06 15:00:00;289.8;38.6;5.9;0.9;15754.1;4.1;357.5;72.3;1980.4;69.0;0.1;11.5;348.4
2;2018-12-06 16:00:00;255.9;40.8;6.2;0.9;17902.3;3.6;464.7;83.1;1966.3;68.1;0.2;12.1;328.7
2;2018-12-06 17:00:00;291.2;32.2;5.1;0.8;11324.7;1.9;282.9;27.5;746.0;66.9;0.0;10.1;431.5
2;2018-12-06 18:00:00;253.3;23.1;6.1;0.7;14430.4;4.0;424.6;90.4;3498.8;54.1;0.0;7.7;257.3
2;2018-12-06 19:00:00;233.5;21.3;4.0;0.6;12570.4;3.7;273.0;60.0;2448.3;48.5;0.0;6.9;207.9
2;2018-12-06 20:00:00;278.9;33.8;4.6;0.7;26298.2;8.2;403.7;185.8;3150.9;45.6;1.2;9.1;272.0
2;2018-12-06 21:00:00;250.6;47.2;12.1;0.8;34251.0;8.0;434.1;260.1;4184.4;43.0;1.3;10.5;291.1
2;2018-12-06 22:00:00;220.9;43.2;6.2;0.7;25700.5;7.0;420.6;248.5;3378.4;31.2;0.9;9.8;288.0
2;2018-12-06 23:00:00;223.4;45.1;8.6;0.8;29679.6;10.7;465.8;196.4;4112.7;34.8;6.4;11.9;540.1
2;2018-12-10 00:00:00;434.5;60.1;20.6;1.4;28866.1;12.6;394.3;234.2;10150.2;51.2;12.3;15.2;628.4
2;2018-12-10 01:00:00;261.2;56.0;9.4;1.2;28111.6;10.3;493.8;217.7;2998.0;50.1;5.1;15.6;469.7
2;2018-12-10 02:00:00;234.8;56.3;6.3;1.2;48010.3;7.5;420.2;192.4;1887.9;47.4;3.3;15.9;355.6
2;2018-12-10 03:00:00;214.3;42.6;13.1;1.0;30438.5;7.1;441.3;168.6;1609.6;40.7;0.8;11.9;370.6
2;2018-12-10 04:00:00;323.6;40.2;5.8;0.8;68511.4;6.5;408.0;165.3;1986.7;35.2;0.5;11.1;606.8
2;2018-12-10 05:00:00;249.0;36.7;7.4;0.8;41476.9;6.4;446.9;188.3;1642.3;31.1;2.7;10.2;205.7
2;2018-12-10 06:00:00;452.6;80.1;10.1;2.6;99380.2;14.1;360.6;414.6;3303.0;34.0;1.7;16.3;592.6
2;2018-12-10 07:00:00;565.7;76.8;8.1;2.0;71973.8;13.5;341.1;375.8;1608.1;44.5;0.3;14.8;501.5
2;2018-12-10 08:00:00;415.4;95.0;18.0;15.6;65868.7;13.3;389.4;430.5;67896.1;54.8;0.2;22.2;357.2
2;2018-12-10 09:00:00;416.4;73.0;23.8;6.4;41071.1;9.8;371.2;341.0;59392.7;76.5;0.1;18.2;363.2
2;2018-12-10 10:00:00;328.6;53.7;26.3;1.2;29223.4;6.6;374.0;175.2;1551.5;71.6;1.4;15.2;372.6
2;2018-12-10 11:00:00;336.8;42.4;16.4;1.0;29543.0;4.4;383.8;139.3;633.4;65.1;0.0;12.6;352.7
2;2018-12-10 12:00:00;375.6;37.1;12.5;0.9;15696.4;3.3;424.9;91.6;6410.3;68.3;0.1;10.7;322.6
2;2018-12-10 13:00:00;320.9;34.9;14.8;0.8;14889.6;2.0;417.1;45.4;211.7;72.0;0.0;10.2;326.3
2;2018-12-10 14:00:00;383.5;39.1;20.0;0.9;14166.1;2.5;419.0;55.8;1264.4;77.5;0.0;11.5;355.3
2;2018-12-10 15:00:00;226.0;40.8;6.8;0.9;15420.6;3.0;393.3;87.2;1735.5;74.0;0.0;11.9;340.9
2;2018-12-10 16:00:00;227.7;41.9;13.4;1.0;14516.7;3.7;409.4;91.6;430.0;82.6;0.0;12.2;372.4
2;2018-12-10 17:00:00;234.9;35.5;5.2;0.8;11970.6;3.6;635.1;87.6;1943.1;81.7;0.0;10.2;383.6
2;2018-12-10 18:00:00;337.8;34.5;5.9;0.8;14724.8;6.4;492.0;116.6;2897.8;69.4;0.0;9.6;598.5
2;2018-12-10 19:00:00;259.4;32.9;4.6;0.7;22253.5;8.1;323.1;173.7;1097.0;65.8;0.2;9.1;357.3
2;2018-12-10 20:00:00;268.0;46.9;8.6;0.9;54623.4;11.5;400.7;280.4;936.3;47.0;0.5;12.1;286.2
2;2018-12-10 21:00:00;265.5;41.3;14.3;0.8;27698.1;10.6;382.8;254.8;2716.0;43.4;0.2;10.3;301.4
2;2018-12-10 22:00:00;351.3;46.6;8.0;0.9;31738.4;11.2;448.9;294.7;2515.1;47.1;4.8;11.7;237.7
2;2018-12-10 23:00:00;316.8;50.9;6.8;0.9;40078.0;16.3;429.1;344.9;3339.0;32.8;5.9;12.3;529.7
2;2018-12-11 00:00:00;390.6;58.8;18.1;1.3;45046.1;23.8;450.2;323.3;11963.5;49.5;12.7;14.7;366.1
2;2018-12-11 01:00:00;390.4;60.4;16.8;1.3;39008.2;21.9;472.3;317.1;28777.3;59.5;4.1;14.9;327.4
2;2018-12-11 02:00:00;295.6;52.6;14.3;0.9;43514.1;21.0;575.2;312.1;47134.7;36.3;3.6;11.8;227.8
2;2018-12-11 03:00:00;356.5;36.3;9.9;0.8;34251.2;13.1;379.3;236.7;1488.9;37.4;0.3;9.8;192.6
2;2018-12-11 04:00:00;286.3;28.4;2.7;0.6;54344.5;9.4;366.9;160.2;270.2;25.6;0.0;7.4;495.8
2;2018-12-11 05:00:00;182.0;34.1;3.6;0.6;60533.9;8.4;441.5;176.0;1623.9;21.2;0.1;7.8;452.3
2;2018-12-11 06:00:00;305.9;58.5;8.4;0.7;101622.6;10.0;433.0;283.6;3094.9;23.7;0.0;10.3;386.0
2;2018-12-11 07:00:00;527.2;64.8;9.5;1.0;74828.8;12.1;383.4;312.3;1967.1;34.6;0.2;13.1;346.4
2;2018-12-11 08:00:00;364.5;56.2;8.4;0.9;52087.7;11.9;408.8;264.9;18861.3;55.3;0.4;12.2;465.4
2;2018-12-11 09:00:00;450.1;85.8;9.5;5.0;102192.2;16.8;348.2;381.6;15546.9;61.5;0.3;18.0;638.2
2;2018-12-11 10:00:00;584.8;81.7;8.9;2.8;74056.1;12.0;514.5;281.1;1296.1;67.5;0.1;16.4;510.7
2;2018-12-11 11:00:00;388.5;59.6;10.8;1.3;52050.1;8.3;552.5;176.3;2545.9;71.4;0.0;16.6;386.5
2;2018-12-11 12:00:00;309.6;53.2;10.0;1.2;39852.4;5.3;350.0;120.2;446.7;80.9;0.0;15.7;380.5
2;2018-12-11 13:00:00;327.9;47.8;5.6;1.0;26039.0;5.2;309.4;69.9;2635.9;71.3;0.0;12.7;594.5
2;2018-12-11 14:00:00;277.2;43.6;7.5;1.0;18950.1;5.8;361.3;78.2;7431.2;71.9;0.1;12.3;518.8
2;2018-12-11 15:00:00;360.0;38.3;8.8;0.9;19376.2;12.1;390.5;240.1;5932.5;67.0;0.0;12.2;303.3
2;2018-12-11 16:00:00;356.3;54.5;18.6;1.3;15311.1;8.5;300.9;169.9;933.0;60.6;0.0;17.9;263.9
2;2018-12-11 17:00:00;307.1;51.8;15.7;1.3;16461.3;6.9;357.7;122.9;713.3;63.5;0.0;17.2;274.4
2;2018-12-11 18:00:00;261.7;44.4;16.4;1.2;18766.4;8.9;442.4;201.0;1645.7;57.7;0.4;15.1;262.6
2;2018-12-11 19:00:00;241.0;32.5;12.6;0.8;19135.8;8.0;405.0;163.8;1385.0;44.4;0.0;11.0;482.0
2;2018-12-11 20:00:00;218.3;24.5;7.2;0.7;13261.2;5.7;492.6;81.4;407.1;46.6;0.0;8.4;191.6
2;2018-12-11 21:00:00;224.2;25.9;11.5;0.8;14145.7;5.7;420.4;80.5;460.2;42.3;0.0;9.2;202.0
2;2018-12-11 22:00:00;164.8;22.3;4.6;0.6;20292.2;10.1;550.7;274.2;1399.8;70.6;0.0;7.2;377.6
2;2018-12-11 23:00:00;268.6;67.6;5.5;1.4;55060.4;15.0;368.1;381.3;2770.0;70.9;4.8;13.5;733.5
2;2018-12-12 00:00:00;290.1;57.3;16.5;1.1;38150.0;21.6;377.0;240.0;19143.9;49.2;18.6;12.5;390.8
2;2018-12-12 01:00:00;228.3;60.4;8.0;0.9;43176.1;21.4;448.5;381.1;93793.1;42.0;10.3;11.8;263.2
2;2018-12-12 02:00:00;237.6;45.4;5.2;0.9;30952.1;15.5;405.0;206.2;13849.1;36.1;10.0;12.0;197.0
2;2018-12-12 03:00:00;195.0;21.5;17.4;0.6;13629.9;9.3;437.8;164.3;1660.4;26.8;0.1;6.4;144.5
2;2018-12-12 04:00:00;115.7;25.4;1.7;0.5;51535.0;4.9;380.6;83.4;2317.7;24.4;0.2;6.7;516.2
2;2018-12-12 05:00:00;262.3;16.4;2.6;0.4;46848.1;5.0;429.2;92.5;1886.5;19.2;0.7;5.2;222.3
2;2018-12-12 06:00:00;248.4;64.5;7.2;0.8;79989.1;13.2;390.5;315.5;2284.5;22.8;2.3;10.9;510.8
2;2018-12-12 07:00:00;348.3;58.8;6.0;0.8;65967.8;11.4;376.3;269.5;1822.0;34.2;0.1;10.4;477.4
2;2018-12-12 08:00:00;334.1;41.4;9.0;0.9;53350.4;8.1;408.3;180.8;17610.2;49.2;0.0;11.4;324.4
2;2018-12-12 09:00:00;349.9;34.7;8.1;0.8;33416.1;5.9;384.5;137.9;1491.1;53.6;0.9;10.1;312.5
2;2018-12-12 10:00:00;374.3;34.8;8.0;0.8;23228.9;6.5;396.0;110.8;1796.3;61.8;1.9;10.5;300.3
2;2018-12-12 11:00:00;352.6;38.6;6.9;0.9;16305.3;5.2;371.7;74.0;1483.1;62.5;0.0;10.8;366.8
2;2018-12-12 12:00:00;248.5;41.3;8.4;1.0;23774.5;5.9;395.0;99.7;1936.9;66.5;1.4;11.7;322.1
2;2018-12-12 13:00:00;320.2;41.1;5.1;0.9;11990.1;3.7;95.1;50.8;1631.5;64.1;0.0;10.7;303.6
2;2018-12-12 14:00:00;265.8;39.6;5.4;0.9;14491.7;5.2;179.8;76.5;2171.4;69.8;0.2;11.2;327.0
2;2018-12-12 15:00:00;232.6;32.3;5.3;0.8;12754.2;5.2;109.7;76.7;2037.9;68.3;0.0;9.8;316.8
2;2018-12-12 16:00:00;230.0;42.8;5.8;1.0;20861.4;8.3;83.0;166.6;2411.8;71.2;0.0;12.7;376.9
2;2018-12-12 17:00:00;274.2;37.4;5.5;0.9;16597.4;5.7;238.0;94.9;1560.4;74.2;0.0;10.9;374.9
2;2018-12-12 18:00:00;340.8;32.4;5.3;0.8;17202.9;6.0;303.8;113.3;2105.2;60.8;0.0;9.8;498.8
2;2018-12-12 19:00:00;334.1;29.6;3.3;0.7;11912.5;5.7;160.8;69.6;932.1;57.3;0.0;8.9;421.1
2;2018-12-12 20:00:00;384.8;31.6;5.6;0.8;16998.4;12.3;287.0;248.7;1239.3;54.8;0.0;10.2;263.2
2;2018-12-12 21:00:00;352.5;37.0;15.7;1.0;18559.4;11.1;135.2;236.4;786.4;48.8;2.2;12.3;294.3
2;2018-12-12 22:00:00;252.6;30.6;13.4;0.8;21167.0;9.8;397.3;213.4;1724.7;39.0;0.0;10.2;226.4
2;2018-12-12 23:00:00;337.4;50.0;11.1;1.0;41995.0;13.5;95.4;279.8;2670.2;35.1;5.3;14.2;515.6
2;2018-12-13 00:00:00;416.1;44.1;15.4;0.9;44023.8;24.0;158.7;301.1;10749.1;46.2;14.8;12.0;369.4
2;2018-12-13 01:00:00;377.1;80.9;16.8;6.1;61362.0;27.6;134.8;509.1;91417.0;32.8;16.0;16.8;274.4
2;2018-12-13 02:00:00;260.7;50.3;15.4;0.9;42503.9;20.4;52.0;320.7;15198.1;36.3;12.7;12.5;211.6
2;2018-12-13 03:00:00;211.5;37.9;16.3;0.9;34417.2;14.3;97.8;213.1;560.0;36.4;0.0;11.6;182.1
2;2018-12-13 04:00:00;188.6;30.2;5.1;0.6;50644.1;9.2;506.0;156.9;1288.6;19.6;0.0;8.3;488.1
2;2018-12-13 05:00:00;247.9;26.2;5.5;0.7;52607.1;7.5;360.0;146.9;1510.4;25.2;0.0;8.2;351.4
2;2018-12-13 06:00:00;385.1;67.3;9.6;1.2;115435.9;12.7;360.9;304.8;2142.2;21.2;0.1;13.9;493.0
2;2018-12-13 07:00:00;482.0;67.6;9.5;1.0;68862.4;14.3;354.4;354.5;2125.7;34.9;0.1;13.5;483.8
2;2018-12-13 08:00:00;457.3;48.4;11.7;1.0;48757.7;12.1;435.6;256.2;16846.4;54.1;0.1;14.0;306.8
2;2018-12-13 09:00:00;381.6;52.0;13.3;1.1;39748.3;8.2;380.9;222.0;15258.1;60.2;0.0;14.2;306.5
2;2018-12-13 10:00:00;343.2;48.4;11.3;1.0;28090.8;7.4;374.6;163.5;796.8;67.1;0.0;13.6;395.7
2;2018-12-13 11:00:00;367.7;47.2;14.3;1.0;21037.2;8.6;356.2;188.1;2301.6;65.1;0.0;13.4;348.8
2;2018-12-13 12:00:00;299.0;46.7;10.2;1.1;19882.4;8.7;392.4;182.4;2084.2;64.7;0.0;13.7;346.0
2;2018-12-13 13:00:00;321.5;47.5;9.0;1.0;16140.8;6.4;337.7;127.9;1263.3;64.4;0.0;13.3;326.4
2;2018-12-13 14:00:00;305.2;40.2;8.9;1.0;20207.2;7.0;384.0;149.6;1765.9;65.0;0.0;12.7;310.5
2;2018-12-13 15:00:00;272.8;44.0;9.6;1.1;20586.7;6.1;408.9;114.5;2213.3;61.8;0.0;14.6;356.7
2;2018-12-13 16:00:00;423.7;49.1;8.9;1.1;19719.0;9.9;384.5;213.9;2331.6;78.3;0.0;15.8;375.3
2;2018-12-13 17:00:00;323.1;48.6;10.1;1.1;24635.6;10.4;514.8;240.6;759.1;86.2;0.0;15.3;383.0
2;2018-12-13 18:00:00;303.2;45.0;9.6;1.1;20891.0;10.3;521.0;237.9;1655.1;77.1;0.1;14.3;370.1
2;2018-12-13 19:00:00;195.4;35.6;7.5;0.9;13450.8;7.3;598.5;130.6;1189.4;64.9;0.0;11.6;324.4
2;2018-12-13 20:00:00;217.5;31.3;7.0;0.7;12904.0;8.6;577.6;148.5;7690.4;46.5;0.0;10.1;234.8
2;2018-12-13 21:00:00;298.7;19.9;9.5;0.5;13252.0;5.8;461.2;103.9;1482.6;36.3;0.0;6.8;180.9
2;2018-12-13 22:00:00;162.3;18.2;5.1;0.5;17769.4;6.2;440.0;115.0;2165.6;30.3;0.1;6.4;137.1
2;2018-12-13 23:00:00;267.7;36.1;6.0;0.7;34408.2;11.5;488.7;197.8;2912.0;32.1;3.7;10.2;603.1
2;2018-12-14 00:00:00;323.6;37.5;13.2;0.7;50226.6;20.7;392.3;245.7;6831.1;41.0;22.5;10.3;243.5
2;2018-12-14 01:00:00;381.1;76.5;12.8;2.8;48977.1;27.0;421.1;505.7;90983.4;43.1;14.8;15.1;273.8
2;2018-12-14 02:00:00;249.5;58.1;7.3;1.1;39221.2;16.5;419.1;266.0;21962.1;35.5;6.6;14.8;194.1
2;2018-12-14 03:00:00;158.7;40.4;9.9;0.9;29979.8;9.5;332.1;154.8;839.7;32.7;0.0;12.3;173.8
2;2018-12-14 04:00:00;138.9;29.4;6.5;0.5;52278.0;7.7;339.7;147.4;1781.6;17.3;0.4;8.3;479.6
2;2018-12-14 05:00:00;154.4;21.8;2.8;0.5;54360.9;6.7;466.5;127.0;2238.4;18.3;1.2;7.1;238.4
2;2018-12-14 06:00:00;137.8;17.1;3.4;0.5;22015.0;4.8;385.3;90.4;1097.8;22.2;1.2;6.2;136.7
2;2018-12-14 07:00:00;215.5;27.3;5.5;0.6;15288.9;6.1;465.2;133.0;2259.2;36.5;0.4;8.7;315.2
2;2018-12-14 08:00:00;393.1;63.1;13.5;2.6;39956.8;10.3;494.3;240.5;86912.9;54.9;0.2;15.3;326.3
2;2018-12-14 09:00:00;327.7;37.7;9.7;0.9;15115.9;7.3;427.9;145.1;2212.0;61.0;0.1;12.1;300.7
2;2018-12-14 10:00:00;364.2;54.2;9.6;1.1;30992.5;8.8;329.6;193.2;936.9;76.5;0.0;14.8;407.7
2;2018-12-14 11:00:00;323.3;36.4;7.9;0.9;24688.2;7.2;349.4;145.5;1329.2;72.1;0.0;11.0;336.2
2;2018-12-14 12:00:00;329.6;42.9;10.8;1.0;22360.3;5.3;435.4;90.1;4181.0;72.6;0.1;12.1;368.3
2;2018-12-14 13:00:00;303.6;39.0;8.7;1.0;12394.2;4.5;334.7;52.3;7038.2;73.1;0.0;12.0;557.7
2;2018-12-14 14:00:00;338.9;46.1;5.8;1.0;17739.3;5.7;487.3;111.4;1666.9;73.4;0.0;13.3;695.4
2;2018-12-14 15:00:00;225.2;42.7;7.2;1.0;16397.5;4.5;362.3;64.2;1923.8;78.7;0.0;12.9;526.5
2;2018-12-14 16:00:00;335.4;44.2;6.2;1.0;18611.0;6.1;371.9;91.5;907.2;72.4;0.0;13.4;345.9
2;2018-12-14 17:00:00;347.6;38.1;5.7;0.9;13316.4;4.0;375.7;62.2;6011.3;74.9;0.0;11.5;340.0
2;2018-12-14 18:00:00;301.5;25.0;5.5;0.7;12318.3;2.2;382.0;22.5;856.7;58.5;0.0;8.2;256.9
2;2018-12-14 19:00:00;209.1;27.9;5.3;0.7;16606.0;5.2;404.4;103.4;3252.4;51.9;0.0;8.7;262.6
2;2018-12-14 20:00:00;181.5;28.3;7.5;0.7;51382.8;5.8;410.7;103.5;617.8;42.8;1.0;9.6;228.2
2;2018-12-14 21:00:00;253.6;38.6;11.6;0.8;38364.5;8.3;434.4;205.2;1515.3;51.8;0.5;11.1;390.2
2;2018-12-14 22:00:00;177.8;31.8;8.2;0.7;33006.2;7.2;451.4;173.9;1934.1;52.4;1.5;9.7;256.8
2;2018-12-14 23:00:00;248.6;43.7;9.9;0.8;26585.4;7.1;381.7;158.2;1040.6;39.4;0.1;10.9;214.9
2;2018-12-15 00:00:00;391.8;65.3;9.9;3.3;20973.0;26.4;400.1;347.5;15890.7;41.7;17.6;15.5;182.7
2;2018-12-15 01:00:00;287.3;57.9;7.4;0.9;17950.0;19.1;408.9;246.4;1329.5;37.9;10.8;13.2;197.6
2;2018-12-15 02:00:00;193.6;47.0;9.0;0.8;21672.8;10.0;326.2;137.0;1028.8;32.8;1.0;10.2;200.9
2;2018-12-15 03:00:00;136.5;40.1;6.4;0.7;16306.8;8.4;323.2;121.3;911.6;21.7;0.0;8.5;160.2
2;2018-12-15 04:00:00;104.2;21.5;2.2;0.4;44048.2;6.1;329.0;78.1;26.5;14.6;0.0;5.0;449.3
2;2018-12-15 05:00:00;90.9;11.6;3.5;0.4;43558.2;3.2;327.3;53.4;28.8;13.7;0.0;3.9;233.3
2;2018-12-15 06:00:00;302.2;29.1;3.7;0.5;16179.4;4.0;308.1;84.1;6102.0;28.3;0.0;6.0;156.9
2;2018-12-15 09:00:00;156.9;30.9;3.5;0.5;20508.9;3.8;399.2;56.8;1153.3;31.4;0.0;7.0;169.6
2;2018-12-15 10:00:00;248.2;40.6;6.5;0.7;20695.6;5.4;377.8;82.9;2385.4;39.3;0.0;9.7;359.1
2;2018-12-15 11:00:00;147.2;34.4;5.5;0.5;17331.0;5.4;380.4;78.2;2043.1;22.6;0.0;7.1;721.2
2;2018-12-15 12:00:00;223.9;37.1;6.8;0.9;44957.0;8.5;688.0;165.8;6321.9;13.5;1.7;8.6;121.4
2;2018-12-16 09:00:00;171.2;31.1;2.4;0.4;17949.5;5.0;762.8;87.8;1034.8;10.9;0.0;5.5;158.7
2;2018-12-16 11:00:00;198.2;29.4;2.5;0.5;23207.9;5.0;681.8;82.3;1538.0;15.4;0.0;5.5;117.1
2;2018-12-16 12:00:00;257.5;27.1;1.8;0.4;19606.7;5.9;370.1;107.9;896.0;10.8;0.0;5.1;107.4
2;2018-12-16 14:00:00;141.0;22.7;1.0;0.4;21243.3;5.1;283.1;87.0;201.6;10.4;0.0;4.2;71.5
2;2018-12-16 15:00:00;390.1;35.0;4.5;0.7;35916.3;7.3;637.3;131.9;6318.8;57.9;0.9;8.1;309.1
2;2018-12-17 09:00:00;321.4;43.6;7.7;0.9;14915.3;7.1;571.7;115.5;1194.2;62.9;0.0;12.0;433.3
2;2018-12-17 11:00:00;372.2;40.2;7.6;1.0;15482.2;5.4;435.7;92.8;962.1;75.3;0.0;12.0;376.0
2;2018-12-17 14:00:00;427.9;47.0;8.2;1.5;74853.0;11.2;331.3;362.6;7032.7;60.8;2.6;12.6;342.6
2;2018-12-18 09:00:00;459.9;68.2;9.5;5.9;26935.8;13.8;309.3;426.8;6356.1;88.7;0.3;17.7;487.3
2;2018-12-18 11:00:00;331.0;41.3;5.9;1.0;24013.3;6.5;355.5;155.1;2467.3;72.5;0.6;12.3;349.3
2;2018-12-18 12:00:00;352.5;44.1;7.6;1.5;23485.3;9.7;394.3;232.4;43748.0;70.6;0.4;13.4;718.8
2;2018-12-18 17:00:00;184.2;24.7;7.2;0.7;16396.7;3.6;331.7;62.1;12797.5;55.5;0.0;8.3;266.0
2;2018-12-18 18:00:00;184.8;30.8;6.5;0.9;17867.4;6.4;444.4;128.5;2101.7;57.7;0.0;9.7;293.9
2;2018-12-18 19:00:00;343.1;30.4;8.3;0.8;32815.9;13.9;361.8;184.7;6976.5;52.9;2.6;9.2;381.6
2;2018-12-19 00:00:00;266.2;41.6;12.8;1.1;32372.9;19.8;347.6;197.1;883.6;47.4;11.7;12.7;287.4
2;2018-12-19 01:00:00;399.9;79.1;19.6;3.6;59554.2;26.4;491.1;365.8;78481.4;36.3;9.4;16.7;251.1
2;2018-12-19 02:00:00;372.1;47.8;16.1;1.5;34293.0;15.7;334.3;169.4;14163.0;50.4;11.5;13.0;247.1
2;2018-12-19 03:00:00;138.1;28.0;5.8;0.9;28087.8;8.4;460.3;71.8;287.4;33.3;0.0;8.8;176.1
2;2018-12-19 04:00:00;162.5;38.2;3.0;1.6;47261.7;7.0;394.2;73.1;1493.7;30.2;0.0;13.4;460.6
2;2018-12-19 05:00:00;243.1;18.8;4.4;0.7;41958.3;3.3;336.4;31.2;127.4;25.7;0.0;6.6;271.1
2;2018-12-19 06:00:00;292.0;66.8;6.8;1.9;99422.4;11.8;485.1;264.7;3083.6;24.3;0.4;14.0;602.8
2;2018-12-19 07:00:00;510.9;61.9;8.5;1.1;71012.4;11.8;421.9;256.4;980.9;34.7;0.2;12.2;488.7
2;2018-12-19 08:00:00;267.5;47.5;11.6;1.4;45520.6;8.2;465.3;167.8;6554.4;51.7;0.1;13.6;348.8
2;2018-12-19 09:00:00;220.8;36.7;8.4;1.5;21061.0;4.3;375.5;100.6;609.9;63.5;0.0;12.2;300.2
2;2018-12-19 10:00:00;250.5;44.4;6.6;1.5;18392.3;4.5;409.7;88.0;1362.7;68.2;0.1;13.8;335.4
2;2018-12-19 11:00:00;305.0;39.2;7.1;1.4;15706.8;2.8;457.0;45.7;293.2;72.5;0.0;12.6;334.9
2;2018-12-19 12:00:00;249.1;41.1;5.0;1.4;14573.5;5.5;350.0;80.9;5736.2;72.2;0.1;12.8;349.7
2;2018-12-19 16:00:00;345.2;68.4;8.0;3.8;28219.6;10.2;216.2;248.1;57999.5;65.7;0.5;15.8;342.2
2;2018-12-19 17:00:00;258.0;54.9;4.9;1.0;14987.1;6.8;144.1;142.3;72268.9;70.4;0.0;13.0;345.7
2;2018-12-19 18:00:00;325.9;47.9;5.1;0.7;103515.7;8.6;78.8;202.7;1876.5;57.3;8.6;10.2;627.2
2;2018-12-19 19:00:00;232.2;47.6;5.0;0.8;75781.8;7.8;59.9;171.3;1196.5;50.6;4.7;10.4;566.7
2;2018-12-19 20:00:00;333.7;47.2;6.0;0.8;72181.1;10.4;68.1;224.0;1075.3;49.6;7.9;10.2;530.5
2;2018-12-19 21:00:00;286.2;48.3;17.2;0.8;83388.8;9.1;98.8;229.4;2379.1;45.0;8.2;12.0;502.2
2;2018-12-19 22:00:00;175.0;45.5;6.5;0.7;81697.5;10.0;147.1;247.3;2324.0;41.7;3.3;9.8;354.7
2;2018-12-19 23:00:00;279.2;57.5;7.0;1.0;74283.0;14.8;129.0;308.0;2209.1;35.3;12.9;13.2;803.2
2;2018-12-20 00:00:00;347.2;62.2;24.6;0.9;73952.3;25.7;136.4;346.3;12288.2;45.9;27.8;13.2;415.3
2;2018-12-20 01:00:00;387.3;46.5;16.7;0.9;74834.0;18.6;229.5;293.2;28193.0;49.4;11.3;11.4;494.3
2;2018-12-20 02:00:00;570.6;69.4;8.7;2.5;73302.8;20.6;248.3;362.8;74129.0;38.3;2.8;15.0;397.4
2;2018-12-20 03:00:00;330.0;59.5;20.9;1.2;55175.5;16.8;225.8;259.5;3380.2;40.6;3.8;14.7;344.2
2;2018-12-20 04:00:00;231.5;35.5;9.1;0.6;63920.0;13.3;170.1;184.2;2217.7;21.5;1.3;8.6;424.3
2;2018-12-20 05:00:00;193.2;23.8;5.6;0.5;52631.3;8.2;131.1;156.9;1317.1;24.5;1.3;6.4;301.2
2;2018-12-20 06:00:00;328.9;63.7;6.5;2.0;94060.8;12.5;180.0;314.9;3356.4;27.1;1.9;11.1;452.6
2;2018-12-20 07:00:00;343.5;69.7;6.0;0.9;73174.6;12.4;80.0;319.0;7168.9;37.1;0.3;11.5;501.2
2;2018-12-20 08:00:00;333.3;56.3;8.7;1.0;56431.7;12.5;100.0;283.1;22746.4;51.9;0.0;13.6;382.6
2;2018-12-20 09:00:00;289.9;46.7;8.0;1.0;48254.3;7.4;66.0;231.7;904.4;64.9;0.0;12.8;314.5
2;2018-12-20 10:00:00;178.3;36.3;5.3;0.9;25467.5;4.1;58.7;94.8;322.1;66.9;0.0;11.0;302.6
2;2018-12-20 12:00:00;291.8;42.0;5.5;1.0;29944.7;5.7;86.2;128.5;6679.6;68.8;0.0;12.2;352.9
2;2018-12-20 13:00:00;126.4;30.0;4.2;0.8;24584.8;3.5;68.7;81.9;321.9;65.2;0.0;9.5;309.1
2;2018-12-20 14:00:00;218.8;29.9;3.4;0.8;18098.1;2.5;50.0;47.0;162.2;68.0;0.0;9.6;304.8
2;2018-12-20 15:00:00;230.7;32.9;6.1;0.9;19237.6;3.9;63.7;60.4;498.2;69.1;0.0;10.0;334.8
2;2018-12-20 16:00:00;278.7;40.5;12.3;1.0;25936.0;4.5;57.3;78.5;376.5;69.3;0.0;11.6;343.4
2;2018-12-20 17:00:00;315.3;49.9;4.2;1.0;22260.7;7.1;78.1;158.1;21844.7;61.6;0.0;12.0;307.8
2;2018-12-20 18:00:00;111.3;28.7;4.0;0.8;29920.9;3.5;89.9;74.4;2488.0;57.2;0.1;8.7;286.9
2;2018-12-20 19:00:00;236.3;24.3;3.6;0.6;18221.9;4.2;85.0;83.0;1126.6;51.8;0.0;7.5;271.9
2;2018-12-20 20:00:00;310.4;43.6;16.8;1.1;31399.8;10.8;123.8;306.1;1195.3;55.6;0.8;15.2;270.2
2;2018-12-20 21:00:00;283.5;49.1;21.7;1.3;25415.7;9.1;67.0;257.3;1578.6;40.7;1.0;17.4;213.1
2;2018-12-20 22:00:00;204.6;37.6;17.5;1.0;24669.5;7.3;50.9;207.7;1864.2;43.6;0.2;13.8;220.1
2;2018-12-20 23:00:00;262.2;54.0;19.3;1.2;33987.1;13.7;80.1;318.0;2389.6;29.0;7.5;17.0;414.6
2;2018-12-21 00:00:00;333.1;46.9;21.7;0.9;45863.0;24.9;106.0;332.3;10858.6;47.1;26.4;12.6;431.6
2;2018-12-21 01:00:00;430.8;66.0;11.6;3.8;65172.5;24.2;126.9;436.9;70847.9;45.7;25.4;13.9;300.8
2;2018-12-21 02:00:00;262.3;46.0;19.3;1.0;43235.9;14.6;187.2;221.3;12512.9;37.0;1.8;12.9;198.0
2;2018-12-21 03:00:00;174.0;34.2;10.3;0.8;33103.7;7.2;200.0;125.5;1838.9;33.9;0.2;10.0;206.1
2;2018-12-21 04:00:00;219.7;35.8;6.0;0.7;69056.8;5.8;68.7;129.9;2000.3;20.1;1.4;8.8;537.1
2;2018-12-21 05:00:00;207.9;31.8;7.3;0.6;43606.5;4.1;56.3;89.3;1691.9;20.4;0.0;7.9;358.0
2;2018-12-21 06:00:00;162.3;17.2;2.8;0.4;17227.2;3.1;85.0;58.7;1925.1;23.5;0.0;5.2;161.2
2;2018-12-21 07:00:00;196.1;23.7;4.1;0.6;17568.2;3.5;100.0;71.7;1249.5;33.9;0.0;6.8;337.0
2;2018-12-21 08:00:00;206.5;28.1;4.9;0.7;14659.1;4.3;104.0;53.6;1012.9;50.2;0.1;8.5;262.3
2;2018-12-21 09:00:00;295.0;31.0;5.1;0.8;15701.0;2.1;50.9;40.3;252.8;60.1;0.0;9.5;297.8
2;2018-12-21 10:00:00;282.2;35.9;7.5;0.9;12815.1;3.7;68.7;59.1;953.3;63.6;0.0;10.5;305.9
2;2018-12-21 11:00:00;1495.2;34.8;4.8;0.8;14455.6;2.5;86.2;42.4;605.5;63.8;0.0;10.3;304.1
2;2018-12-21 12:00:00;303.0;32.3;5.8;0.8;12286.6;3.1;108.2;43.4;6656.9;66.8;0.0;9.4;290.9
2;2018-12-21 13:00:00;259.1;30.1;4.9;0.8;13417.6;2.5;298.5;51.9;1571.4;68.9;0.1;9.4;319.6
2;2018-12-21 14:00:00;192.2;42.1;8.2;0.9;12590.9;2.4;238.4;67.5;3622.1;64.0;0.0;11.4;289.6
2;2018-12-21 15:00:00;280.2;43.2;5.9;0.9;18277.5;6.9;275.0;165.2;2924.3;74.0;0.0;12.3;362.5
2;2018-12-21 16:00:00;321.4;53.1;5.9;1.1;24729.2;7.5;242.0;185.4;2191.4;88.3;0.1;14.5;416.9
2;2018-12-21 17:00:00;231.0;35.7;5.1;0.9;29446.5;8.5;254.7;229.3;711.0;94.3;0.2;10.6;446.9
2;2018-12-21 18:00:00;368.8;25.7;4.6;0.7;17635.2;5.2;307.9;111.3;2104.1;68.0;0.1;8.2;302.4
2;2018-12-21 19:00:00;156.8;23.2;5.9;0.6;21616.2;6.6;228.9;132.5;8280.0;51.2;0.0;7.1;297.3
2;2018-12-21 20:00:00;340.7;40.6;11.3;0.9;24288.0;10.6;290.8;290.3;6644.5;49.7;0.5;12.9;863.5
2;2018-12-21 21:00:00;221.5;41.9;13.1;0.9;44972.7;9.6;219.8;248.5;1510.0;42.4;0.1;13.2;312.8
2;2018-12-21 22:00:00;194.1;35.4;10.1;1.0;24579.5;7.3;215.7;202.1;518.1;49.4;0.0;12.5;214.7
2;2018-12-21 23:00:00;237.2;39.1;8.3;0.9;56249.0;7.5;225.5;212.6;1295.1;32.8;0.0;11.4;294.8
2;2018-12-22 00:00:00;339.1;45.8;11.4;0.9;68122.3;24.9;311.1;360.3;7366.6;43.9;14.2;11.8;337.9
2;2018-12-22 01:00:00;275.4;56.7;9.3;1.1;74123.8;19.8;289.5;341.3;1979.0;34.6;12.1;15.4;495.4
2;2018-12-22 02:00:00;245.8;48.2;8.7;0.9;58952.0;16.8;270.9;356.2;2380.1;37.4;9.8;12.4;299.3
2;2018-12-22 03:00:00;241.3;40.2;24.5;0.8;52921.6;10.7;340.9;271.1;4111.5;30.5;1.2;11.1;318.9
2;2018-12-22 04:00:00;127.7;33.6;5.8;0.6;73871.3;9.7;321.8;208.5;2160.2;17.0;2.3;7.9;668.4
2;2018-12-22 05:00:00;198.3;35.4;10.4;0.7;71654.3;9.6;247.4;250.5;2422.5;13.0;7.0;8.5;543.9
2;2018-12-22 06:00:00;204.6;31.8;7.6;0.6;58401.4;8.7;232.4;220.6;2069.7;14.2;7.2;7.2;211.2
2;2018-12-22 07:00:00;171.1;27.4;7.2;0.6;61881.6;6.8;234.0;178.2;7514.9;20.0;0.7;7.7;335.8
2;2018-12-22 08:00:00;131.6;26.2;4.0;0.5;29961.1;4.9;274.2;114.1;23385.0;25.8;0.1;6.3;354.1
2;2018-12-22 09:00:00;121.6;22.5;3.9;0.6;15971.8;4.1;294.8;86.9;17560.0;35.7;0.1;6.7;230.2
2;2018-12-22 10:00:00;229.3;21.9;3.8;0.6;17410.5;4.4;272.3;87.7;2206.2;39.0;0.0;6.5;239.9
2;2018-12-22 11:00:00;226.2;26.0;3.9;0.6;19007.9;3.4;280.0;65.5;1058.3;42.0;0.0;6.5;548.5
2;2018-12-22 12:00:00;138.0;28.1;6.3;0.6;23554.1;5.1;261.8;93.0;1484.6;39.4;0.1;7.4;538.7
2;2018-12-22 13:00:00;156.8;30.6;4.1;0.7;22524.3;3.9;301.8;87.6;1776.3;41.5;0.3;7.9;543.7
2;2018-12-22 14:00:00;202.6;36.5;4.5;0.7;33013.4;4.8;224.1;112.7;1851.8;52.0;0.3;8.8;610.0
2;2018-12-22 15:00:00;114.9;33.2;5.1;0.7;31863.5;4.9;212.6;103.1;1824.3;47.0;0.2;8.6;603.2
2;2018-12-22 16:00:00;146.9;24.8;2.6;0.6;26848.7;3.4;287.2;50.9;1416.3;34.7;0.8;6.4;524.9
2;2018-12-22 17:00:00;228.9;19.1;2.7;0.4;24637.6;2.9;237.8;46.2;862.8;13.9;0.1;4.3;564.7
2;2018-12-22 18:00:00;154.5;19.7;3.3;0.4;25280.9;4.0;258.7;79.8;8557.9;11.2;0.1;4.4;537.8
2;2018-12-22 19:00:00;60.6;14.2;2.4;0.3;19895.1;3.6;237.5;72.6;1585.1;9.1;0.0;3.3;473.1
2;2018-12-22 20:00:00;186.1;31.9;6.7;0.7;33197.4;6.6;364.3;153.7;2246.1;26.8;0.4;8.4;484.8
2;2018-12-22 21:00:00;120.4;30.1;9.8;0.7;21322.3;5.6;317.2;131.5;2242.1;16.9;0.6;9.1;525.4
2;2018-12-22 22:00:00;126.5;30.5;7.8;0.7;26302.5;6.1;328.6;142.7;2449.2;16.1;0.8;8.4;453.1
2;2018-12-22 23:00:00;170.2;36.4;4.7;0.7;40997.5;10.3;267.8;187.9;2744.7;21.7;7.0;8.6;718.7
2;2018-12-23 00:00:00;395.7;62.1;12.1;2.0;93892.7;25.1;277.0;354.1;10899.1;33.1;30.5;12.8;698.0
2;2018-12-23 01:00:00;370.7;77.5;8.8;4.1;85504.9;27.6;371.5;524.8;88308.8;19.1;24.8;11.8;555.8
2;2018-12-23 02:00:00;326.5;53.2;15.9;0.7;72191.9;22.3;277.0;363.0;15184.5;15.4;11.3;8.6;644.0
2;2018-12-23 03:00:00;248.5;48.1;30.3;0.8;72027.7;14.1;298.3;220.2;1211.2;29.7;2.0;9.8;449.8
2;2018-12-23 04:00:00;191.0;34.3;7.8;0.6;72805.1;9.5;313.0;153.1;2136.7;19.4;1.4;7.5;657.0
2;2018-12-23 05:00:00;101.2;30.9;2.7;0.6;57514.2;5.8;281.4;125.3;1834.8;12.9;0.1;6.7;539.4
2;2018-12-23 06:00:00;220.3;57.1;4.6;0.6;107865.6;12.4;248.3;304.7;2105.6;6.9;0.5;7.9;709.4
2;2018-12-23 07:00:00;265.7;58.5;3.6;0.5;59296.7;11.2;309.8;285.1;1796.1;5.9;0.0;7.4;565.0
2;2018-12-23 08:00:00;160.6;25.8;6.4;0.5;52215.1;5.9;290.2;155.4;17127.4;9.1;0.0;6.2;445.1
2;2018-12-23 09:00:00;101.8;24.8;5.9;0.4;31087.6;4.6;291.7;104.0;17859.7;19.7;0.0;5.1;537.3
2;2018-12-23 10:00:00;90.7;17.6;2.3;0.4;19256.8;2.9;344.2;64.7;1503.4;25.3;0.0;4.3;531.7
2;2018-12-23 11:00:00;96.8;19.7;3.4;0.4;23259.6;4.8;328.1;101.0;1981.3;11.5;0.0;4.4;485.6
2;2018-12-23 12:00:00;91.1;18.1;2.7;0.4;26055.9;4.0;288.7;64.5;1647.7;9.8;0.0;4.3;500.9
2;2018-12-23 13:00:00;107.3;32.5;2.9;0.4;73836.0;4.8;215.6;116.3;2100.8;9.4;0.0;5.5;794.6
2;2018-12-23 14:00:00;86.3;27.5;2.9;0.4;68892.4;4.1;213.0;94.1;1291.3;9.3;0.0;4.9;639.2
2;2018-12-23 15:00:00;84.8;27.0;2.1;0.4;74770.8;4.2;262.5;85.4;2014.1;6.8;0.0;4.6;713.9
2;2018-12-23 16:00:00;142.7;38.6;2.9;0.4;73991.5;5.7;329.8;138.5;3226.6;8.9;0.0;5.8;868.7
2;2018-12-23 17:00:00;279.0;61.0;6.9;1.8;47099.5;12.8;445.2;337.2;138891.4;8.4;1.3;9.5;508.1
2;2018-12-23 18:00:00;77.3;16.1;3.0;0.3;22325.9;3.1;310.5;52.5;2136.3;6.5;0.4;3.5;535.3
2;2018-12-23 19:00:00;72.1;17.0;2.6;0.3;25433.5;3.4;310.5;54.8;2742.8;9.6;0.3;3.6;505.2
2;2018-12-23 20:00:00;135.6;25.8;6.0;0.5;33351.7;6.0;358.2;119.8;2284.4;12.4;3.7;6.0;547.1
2;2018-12-23 21:00:00;130.7;30.7;5.8;0.6;20621.6;5.1;310.8;115.9;2171.5;18.0;2.9;7.7;486.8
2;2018-12-23 22:00:00;161.4;38.9;5.5;0.6;82718.7;7.9;319.2;213.8;3594.6;12.8;15.1;7.6;664.2
2;2018-12-23 23:00:00;210.0;38.4;4.1;0.6;81049.6;6.7;259.9;175.7;1614.2;23.7;10.1;7.2;716.0
2;2018-12-24 00:00:00;376.3;59.0;10.3;1.2;74276.9;20.7;317.3;297.5;11105.0;45.2;15.1;12.8;558.4
2;2018-12-24 01:00:00;421.0;88.7;13.1;20.8;89866.7;24.1;332.2;537.1;101356.5;25.2;20.5;16.0;310.2
2;2018-12-24 02:00:00;276.0;70.9;6.5;2.1;73234.9;14.0;234.0;276.2;27882.1;34.4;13.1;14.2;311.7
2;2018-12-24 03:00:00;210.0;43.2;21.4;0.8;73993.9;7.8;226.8;179.2;1985.9;32.2;6.1;10.1;535.5
2;2018-12-24 04:00:00;198.7;39.3;17.1;0.7;68923.0;6.2;5501.4;133.9;2426.6;25.8;1.3;8.9;398.0
2;2018-12-24 05:00:00;169.1;27.0;4.5;0.6;43254.0;6.0;6346.3;96.5;1997.8;21.4;0.3;6.8;449.3
2;2018-12-24 06:00:00;322.5;79.1;7.1;1.6;113465.3;13.3;211.6;340.0;2848.4;24.9;2.5;13.8;675.2
2;2018-12-24 07:00:00;444.1;70.2;12.0;0.9;70814.1;11.8;200.9;302.3;2126.6;38.7;0.4;13.2;531.7
2;2018-12-24 08:00:00;418.1;67.8;10.0;1.5;66458.2;10.1;272.6;282.8;17205.4;57.1;0.4;16.5;346.8
2;2018-12-24 09:00:00;384.0;60.2;10.2;1.1;34254.7;8.2;285.2;246.0;17369.2;65.1;0.4;15.5;378.4
2;2018-12-24 10:00:00;295.6;45.7;8.3;1.1;23622.6;5.9;309.1;110.1;1614.0;73.0;0.7;13.5;353.5
2;2018-12-24 11:00:00;334.1;41.6;6.7;1.0;23331.9;5.1;277.7;85.0;1400.4;61.6;0.7;11.0;343.3
2;2018-12-24 12:00:00;270.7;40.2;6.7;0.9;13279.5;4.3;330.4;71.2;2147.4;70.4;0.1;11.9;335.6
2;2018-12-24 13:00:00;282.1;40.9;5.3;1.0;18666.3;3.8;262.6;54.2;1036.1;74.4;0.5;12.4;348.1
2;2018-12-24 14:00:00;259.5;53.0;6.5;1.1;12712.4;7.0;317.7;107.6;1321.2;76.1;1.9;14.8;390.0
2;2018-12-24 15:00:00;358.8;49.8;6.6;1.1;18424.2;5.2;342.6;94.5;16905.0;74.3;0.2;14.2;396.7
2;2018-12-24 16:00:00;344.6;65.7;5.6;3.8;107689.9;10.5;227.8;284.3;1325.7;71.1;24.6;15.9;565.7
2;2018-12-24 17:00:00;405.8;93.2;8.8;32.5;91792.2;15.9;290.5;425.5;74866.0;66.8;12.7;20.1;485.1
2;2018-12-24 18:00:00;246.4;45.4;7.0;0.9;73883.7;7.8;229.2;184.2;1800.2;51.4;1.1;11.8;1078.8
2;2018-12-24 19:00:00;202.6;42.5;4.3;0.8;75358.5;5.3;241.4;119.1;1662.7;41.3;1.3;10.2;599.5
2;2018-12-24 20:00:00;290.0;46.1;6.4;0.8;84366.5;7.8;293.9;172.3;1325.9;43.5;1.9;11.0;616.0
2;2018-12-24 21:00:00;262.2;39.9;11.9;0.7;73900.4;7.6;333.5;209.1;1460.2;29.4;7.7;9.4;302.5
2;2018-12-24 22:00:00;204.3;43.9;8.1;0.9;74159.9;5.7;306.0;148.2;1801.7;37.9;0.5;11.1;526.8
2;2018-12-24 23:00:00;361.7;55.2;9.6;0.9;51396.6;14.1;308.9;301.0;2609.2;35.9;7.4;13.3;606.9
2;2018-12-25 00:00:00;362.7;54.2;15.2;1.0;73905.1;23.7;330.6;316.1;11492.3;35.0;15.2;13.7;402.2
2;2018-12-25 01:00:00;414.6;70.3;12.9;1.7;60831.6;23.1;387.3;394.7;88569.4;22.0;13.8;14.6;300.8
2;2018-12-25 02:00:00;358.1;47.6;12.2;0.9;34035.3;16.1;317.1;257.3;13816.6;36.2;12.1;12.8;196.4
2;2018-12-25 03:00:00;219.1;30.1;13.9;0.7;26628.2;7.4;365.9;121.4;2332.9;27.8;1.1;8.3;209.9
2;2018-12-25 04:00:00;132.8;24.5;6.2;0.5;34253.0;4.7;329.7;81.4;5407.3;17.6;1.4;7.4;294.8
2;2018-12-25 05:00:00;117.7;15.0;3.3;0.4;30030.7;2.6;272.8;39.0;1975.9;15.4;0.1;5.1;138.8
2;2018-12-25 06:00:00;351.4;61.0;11.7;0.9;98159.0;12.7;260.8;311.8;3384.4;16.8;1.5;12.9;528.9
2;2018-12-25 07:00:00;335.7;62.1;8.0;0.9;64834.2;10.5;305.3;274.8;2445.6;26.2;0.8;11.1;437.7
2;2018-12-25 08:00:00;301.7;42.8;9.0;0.9;52718.2;6.4;265.8;134.8;6675.9;41.6;0.0;11.5;256.2
2;2018-12-25 09:00:00;315.8;37.9;8.9;0.9;53724.6;7.7;257.1;212.6;16722.5;63.9;0.4;11.1;325.6
2;2018-12-25 10:00:00;280.5;41.1;9.6;0.9;30574.6;10.4;222.3;295.7;956.9;84.8;0.0;11.6;416.5
2;2018-12-25 11:00:00;322.7;39.6;5.6;0.9;13865.6;7.2;296.1;143.2;2945.4;63.8;0.6;10.7;285.6
2;2018-12-25 12:00:00;216.9;39.9;5.2;0.9;38540.9;6.4;261.5;105.5;1261.6;51.8;0.0;11.4;361.7
2;2018-12-25 13:00:00;255.4;47.5;5.8;1.0;58245.3;5.9;290.7;138.7;2236.7;50.1;1.3;12.6;382.4
2;2018-12-25 14:00:00;305.5;42.7;5.4;0.9;74204.9;5.6;301.9;112.9;2120.3;51.7;0.7;11.4;527.6
2;2018-12-25 15:00:00;294.1;62.5;6.6;1.1;76852.9;8.7;245.5;186.5;2384.0;50.2;3.9;14.2;508.1
2;2018-12-25 16:00:00;326.7;55.6;9.3;1.1;49268.6;7.2;249.0;144.7;1451.1;49.4;0.2;13.7;521.5
2;2018-12-25 17:00:00;419.8;77.2;8.4;12.4;65259.0;16.7;481.7;418.4;43772.3;46.2;8.5;16.5;448.2
2;2018-12-25 18:00:00;259.0;42.1;6.7;0.9;42724.0;6.5;613.1;125.0;1850.5;43.6;1.0;10.4;402.8
2;2018-12-25 19:00:00;205.5;28.4;3.9;0.7;20526.1;5.5;479.8;100.3;2787.3;59.6;0.0;8.6;292.5
2;2018-12-25 20:00:00;291.9;48.2;18.0;1.2;31887.3;12.0;434.3;291.2;2194.3;50.9;2.2;16.4;241.2
2;2018-12-25 21:00:00;281.6;47.7;23.4;1.2;19571.2;8.3;241.0;194.4;2340.0;40.3;0.6;16.1;225.7
2;2018-12-25 22:00:00;259.1;53.9;17.7;1.4;19818.1;8.6;244.7;204.5;2076.9;47.3;1.2;17.6;268.0
2;2018-12-25 23:00:00;292.2;59.9;20.1;1.4;37690.1;14.5;278.5;287.3;2327.3;36.3;11.0;18.8;407.3
2;2018-12-26 00:00:00;345.1;66.2;24.1;1.5;35611.9;22.8;292.3;320.1;12877.8;39.3;22.6;20.8;326.6
2;2018-12-26 01:00:00;341.3;72.9;21.7;1.9;75696.2;23.7;360.9;448.3;94698.9;29.1;3.7;15.7;260.4
2;2018-12-26 02:00:00;258.0;46.4;16.2;1.1;33265.4;19.9;327.8;307.9;15541.3;33.2;5.2;12.9;175.9
2;2018-12-26 03:00:00;163.0;34.2;22.6;0.8;32009.1;9.8;298.5;136.7;1447.9;28.9;0.2;10.7;163.3
2;2018-12-26 04:00:00;205.5;31.7;7.2;0.7;62453.4;10.0;316.8;123.7;2465.2;24.3;2.0;8.5;584.9
2;2018-12-26 05:00:00;194.6;34.3;7.1;0.7;76100.5;7.6;256.8;131.5;2180.5;18.5;1.3;8.7;482.5
2;2018-12-26 06:00:00;361.2;71.4;7.8;1.5;89944.1;12.3;280.6;302.3;3017.9;23.2;1.3;14.5;509.6
2;2018-12-26 07:00:00;399.6;67.8;8.1;1.1;74067.3;13.7;276.1;351.7;2574.8;42.1;0.8;12.9;472.5
2;2018-12-26 08:00:00;312.4;44.4;9.5;1.0;46657.8;8.4;272.2;203.7;25374.1;50.0;0.1;12.4;348.6
2;2018-12-26 09:00:00;386.4;49.1;7.5;1.0;47742.6;6.5;253.6;173.3;1595.0;55.7;0.0;13.5;310.7
2;2018-12-26 10:00:00;318.4;40.4;11.3;1.0;26565.8;4.3;276.0;93.0;1118.9;60.7;0.1;11.0;317.2
2;2018-12-26 11:00:00;266.6;36.5;5.0;0.9;16905.9;4.2;305.7;88.7;2206.2;47.3;0.0;10.8;265.4
2;2018-12-26 12:00:00;179.8;39.7;6.0;1.0;14946.4;2.9;259.0;45.2;1075.6;71.0;0.1;11.7;339.1
2;2018-12-26 13:00:00;210.7;33.6;4.4;0.8;39688.8;3.8;229.5;84.2;606.5;46.7;3.9;9.7;249.5
2;2018-12-26 14:00:00;274.7;36.8;4.6;0.9;17001.2;4.1;294.7;82.5;148.1;51.4;0.1;10.1;278.1
2;2018-12-26 15:00:00;249.9;40.7;5.1;1.0;19718.4;4.0;254.4;63.8;958.8;79.2;0.0;11.0;344.9
2;2018-12-26 16:00:00;420.0;64.8;8.0;1.8;84332.5;9.0;291.6;201.2;1804.1;75.0;7.7;16.2;604.7
2;2018-12-26 17:00:00;369.3;62.7;7.4;1.4;81505.7;7.2;262.3;145.8;1579.6;73.2;3.3;15.5;503.2
2;2018-12-26 18:00:00;314.5;56.9;7.3;1.2;77285.5;7.6;267.6;172.2;2313.1;70.5;3.0;14.2;597.7
2;2018-12-26 19:00:00;288.0;35.6;5.0;0.8;54899.5;4.7;266.6;90.8;2190.7;58.1;0.1;10.2;457.3
2;2018-12-26 20:00:00;309.4;51.7;10.8;1.1;55099.9;12.5;144.8;349.8;1828.4;57.0;12.2;14.9;383.2
2;2018-12-26 21:00:00;283.9;57.3;25.7;1.4;66871.2;14.5;85.1;414.2;1572.8;56.7;4.9;18.5;364.1
2;2018-12-26 22:00:00;250.7;53.9;17.8;1.3;27923.5;14.5;122.1;407.7;1954.0;65.3;1.1;17.0;348.4
2;2018-12-26 23:00:00;307.2;58.1;18.7;1.4;35765.9;16.2;154.1;355.6;2685.9;28.7;8.6;18.6;399.4
2;2018-12-27 00:00:00;412.4;57.8;24.1;1.5;66488.8;27.0;114.3;377.6;8363.8;36.8;22.7;16.7;442.2
2;2018-12-27 01:00:00;430.6;81.2;23.7;3.7;76187.3;25.9;131.4;527.7;77884.8;41.5;5.1;18.0;480.9
2;2018-12-27 02:00:00;292.6;72.1;19.4;1.4;55470.2;22.9;161.1;423.6;34767.8;35.8;7.6;16.8;344.2
2;2018-12-27 03:00:00;326.7;50.2;31.1;1.0;38651.6;15.1;44.2;270.4;1283.3;40.1;3.2;13.9;235.3
2;2018-12-27 04:00:00;224.9;38.3;15.3;0.8;72053.4;13.2;70.1;232.0;1392.0;26.8;0.1;11.7;487.3
2;2018-12-27 05:00:00;251.0;32.0;14.9;0.7;59496.8;9.7;171.3;175.4;5529.2;23.7;1.5;8.7;388.7
2;2018-12-27 06:00:00;371.2;63.8;8.2;1.1;101559.4;12.6;93.1;318.6;2534.0;22.9;1.1;13.7;503.0
2;2018-12-27 07:00:00;520.2;73.5;10.2;1.2;74113.6;14.4;43.1;358.0;1631.3;32.6;0.7;14.2;445.9
2;2018-12-27 08:00:00;279.6;57.2;10.1;1.1;37812.6;11.6;47.5;251.8;17561.8;53.1;0.4;14.2;362.2
2;2018-12-27 09:00:00;343.8;48.0;9.1;1.0;38400.9;6.6;90.0;193.8;17027.2;66.5;0.0;12.7;362.3
2;2018-12-27 10:00:00;343.0;53.4;8.8;1.2;41117.8;6.6;78.8;189.7;1245.7;74.6;0.0;15.1;397.7
2;2018-12-27 11:00:00;284.4;41.4;9.0;1.0;21685.4;5.8;79.1;152.3;970.5;74.8;0.0;12.5;376.3
2;2018-12-27 12:00:00;282.5;38.3;6.0;1.0;17699.5;3.4;125.1;65.2;6148.7;58.6;0.2;11.4;279.8
2;2018-12-27 13:00:00;231.2;47.8;6.2;1.1;17292.2;4.4;160.3;94.8;1928.9;79.0;0.1;14.2;383.0
2;2018-12-27 14:00:00;229.9;38.7;5.9;1.0;15305.2;3.4;103.8;75.2;1546.9;71.4;0.0;11.8;370.4
2;2018-12-27 15:00:00;299.5;35.7;5.1;0.9;19806.3;5.0;103.2;90.7;1649.8;54.3;0.4;11.0;273.9
2;2018-12-27 16:00:00;355.1;66.8;9.5;1.5;84572.5;7.5;54.1;179.7;5998.0;73.9;4.9;16.5;514.5
2;2018-12-27 17:00:00;367.1;61.6;7.1;1.3;80502.6;7.0;302.0;143.2;1087.6;77.6;0.3;15.2;518.0
2;2018-12-27 18:00:00;394.6;52.4;8.5;1.1;72866.0;8.9;170.9;168.2;1429.4;69.5;1.3;12.9;717.7
2;2018-12-27 19:00:00;300.7;49.3;7.8;1.0;50375.2;8.7;222.6;148.7;3080.6;61.4;0.7;13.3;503.8
2;2018-12-27 20:00:00;338.9;43.5;7.6;0.9;61392.3;13.6;348.2;260.5;6925.2;64.7;3.2;12.1;326.3
2;2018-12-27 21:00:00;268.6;37.1;10.3;0.7;44786.9;9.8;324.8;186.4;3127.9;40.5;4.0;9.8;299.3
2;2018-12-27 22:00:00;268.3;38.0;6.1;0.6;45106.4;8.1;167.8;186.6;3444.5;20.8;0.2;8.0;222.4
2;2018-12-27 23:00:00;283.1;52.0;8.0;0.9;28136.6;13.2;154.8;266.9;2675.5;16.6;7.9;11.8;410.0
2;2018-12-28 00:00:00;436.9;55.9;15.5;1.1;55606.5;25.1;185.9;303.4;13616.9;47.3;31.5;12.3;311.9
2;2018-12-28 01:00:00;438.5;88.2;15.1;12.2;70114.4;30.3;226.9;555.7;74657.2;24.1;21.3;16.8;405.7
2;2018-12-28 02:00:00;408.6;86.5;21.5;6.5;55679.6;28.0;87.7;453.3;39177.4;33.6;13.6;16.9;300.3
2;2018-12-28 03:00:00;398.5;73.4;16.5;1.5;51612.5;15.5;73.0;227.2;940.1;31.6;5.3;16.6;267.1
2;2018-12-28 04:00:00;348.9;52.6;19.2;1.0;66257.6;15.2;121.7;251.8;1719.7;26.2;5.7;12.2;333.4
2;2018-12-28 05:00:00;328.2;46.8;8.1;0.8;62469.7;10.1;93.1;191.2;1518.7;28.3;0.6;11.0;357.4
2;2018-12-28 06:00:00;266.7;48.5;10.3;1.0;24393.8;8.1;78.0;154.4;2236.3;28.1;0.7;12.2;160.8
2;2018-12-28 07:00:00;263.3;27.1;4.6;0.7;16941.6;3.3;109.0;65.2;2011.5;44.5;0.0;8.5;378.8
2;2018-12-28 08:00:00;249.1;33.7;5.7;0.8;16801.7;6.3;65.0;98.9;1691.1;50.5;0.4;10.2;307.4
2;2018-12-28 09:00:00;233.3;35.7;5.5;0.9;18796.6;3.0;110.7;71.0;17115.3;59.7;0.0;11.3;296.1
2;2018-12-28 10:00:00;260.2;38.9;6.0;1.0;17457.9;2.6;176.7;48.0;1569.6;63.6;0.0;12.1;351.5
2;2018-12-28 11:00:00;274.4;36.3;4.6;0.9;19698.8;4.5;201.1;92.1;1584.5;61.2;0.1;10.5;321.2
2;2018-12-28 12:00:00;313.1;44.4;5.7;1.0;17533.5;4.2;159.4;76.3;1222.1;69.2;0.1;12.5;381.6
2;2018-12-28 13:00:00;312.1;41.8;5.0;1.0;17432.9;4.0;150.2;83.3;1538.4;73.6;0.7;12.1;364.1
2;2018-12-28 14:00:00;315.2;43.5;5.2;1.1;15264.3;3.5;89.5;66.8;1124.5;67.1;0.0;12.6;359.2
2;2018-12-28 15:00:00;260.1;42.2;16.2;1.0;18188.6;4.9;134.9;85.6;2301.2;67.7;0.0;12.5;343.7
2;2018-12-28 16:00:00;304.3;50.2;7.9;1.3;35856.6;11.4;170.9;297.9;1367.3;89.0;0.1;14.1;441.2
2;2018-12-28 17:00:00;321.1;44.1;4.5;1.3;22272.3;10.9;148.0;293.8;559.1;106.6;0.0;13.4;504.4
2;2018-12-28 18:00:00;170.7;32.7;6.3;1.0;20872.9;4.5;143.1;84.9;775.8;75.6;0.0;10.7;345.8
2;2018-12-28 19:00:00;193.0;36.4;6.2;0.9;22342.5;8.3;197.1;167.6;2770.7;59.8;0.4;11.3;318.4
2;2018-12-28 20:00:00;282.6;46.6;12.4;1.1;67982.4;11.3;143.7;297.9;1746.6;48.7;9.2;13.8;336.3
2;2018-12-28 21:00:00;281.5;54.4;22.5;1.4;65780.5;10.3;105.8;265.4;1822.4;34.7;5.4;17.7;313.7
2;2018-12-28 22:00:00;283.7;61.7;20.9;1.5;67811.0;10.2;101.9;255.7;1382.3;37.5;0.8;19.8;450.3
2;2018-12-28 23:00:00;360.7;62.4;20.8;1.8;65988.5;10.5;142.1;286.5;1428.0;33.1;10.6;19.1;167.6
2;2018-12-29 00:00:00;532.7;68.1;22.8;3.1;28629.0;26.1;143.3;390.4;6388.2;48.8;19.3;18.0;229.7
2;2018-12-29 01:00:00;342.3;82.0;13.1;3.3;48016.9;23.6;283.0;431.9;68654.8;24.1;15.7;15.9;176.3
2;2018-12-29 02:00:00;259.2;65.9;10.7;1.3;25976.4;16.7;166.8;261.7;27497.2;33.4;0.5;14.6;157.7
2;2018-12-29 03:00:00;236.7;58.3;7.7;1.2;47381.0;11.6;159.2;238.3;1289.0;34.4;3.8;14.3;239.6
2;2018-12-29 04:00:00;210.9;46.6;6.9;0.9;53115.2;10.3;136.5;171.8;1612.8;32.7;0.2;10.5;469.1
2;2018-12-29 05:00:00;205.7;45.1;4.4;0.7;55911.2;6.3;141.8;147.5;1625.8;33.8;0.3;9.1;495.5
2;2018-12-29 06:00:00;197.4;40.3;4.0;0.8;53736.5;5.7;116.2;110.6;922.6;33.0;0.0;8.8;258.5
2;2018-12-29 07:00:00;310.6;35.0;3.0;0.6;52260.5;4.7;166.7;70.8;1384.2;30.2;0.1;8.2;173.5
2;2018-12-29 08:00:00;207.6;48.7;5.3;1.0;18823.4;4.1;86.6;88.3;856.7;41.4;0.0;11.4;347.3
2;2018-12-29 09:00:00;251.7;65.3;6.5;1.2;42677.6;4.7;152.5;94.9;16799.6;55.7;0.1;15.1;337.4
2;2018-12-29 10:00:00;283.2;66.9;6.3;1.5;41613.5;5.8;104.9;119.5;1558.7;55.2;0.1;15.2;382.9
2;2018-12-29 11:00:00;301.5;48.3;4.3;1.0;22812.0;6.6;142.9;130.7;1530.4;55.5;0.0;11.7;346.0
2;2018-12-29 12:00:00;299.7;47.8;4.5;1.0;27835.2;5.5;83.1;108.5;1073.3;55.0;0.0;12.1;288.7
2;2018-12-29 13:00:00;310.0;34.6;3.6;1.0;12033.7;3.0;284.5;48.8;1389.2;55.9;0.3;9.6;306.9
2;2018-12-29 14:00:00;174.3;33.2;4.5;0.8;17952.5;3.2;117.2;58.3;1009.5;51.2;0.0;9.6;342.9
2;2018-12-29 15:00:00;281.7;52.5;4.8;1.0;21656.9;5.0;82.8;93.4;1344.3;48.7;0.0;12.3;460.4
2;2018-12-29 16:00:00;320.8;59.1;6.4;1.2;60697.5;5.8;82.1;100.8;1857.4;43.7;0.0;13.1;532.5
2;2018-12-29 17:00:00;357.2;74.6;6.9;1.7;75470.2;10.2;57.1;198.1;1416.6;48.5;3.6;15.0;630.0
2;2018-12-29 18:00:00;425.6;65.0;4.3;1.7;71130.4;11.8;42.9;218.1;1444.4;36.5;4.6;12.9;724.5
2;2018-12-29 19:00:00;231.4;61.2;9.6;1.0;70065.9;8.5;81.2;170.4;10486.0;34.3;2.6;12.8;635.2
2;2018-12-29 20:00:00;319.7;61.6;9.6;1.2;72901.9;13.2;156.2;293.8;1178.7;28.7;12.9;14.0;411.7
2;2018-12-29 21:00:00;217.9;61.4;15.3;0.9;73079.5;11.7;130.2;290.6;2202.9;21.6;3.2;13.6;478.1
2;2018-12-29 22:00:00;273.0;66.9;9.6;1.4;69996.0;12.8;62.0;309.7;1817.3;29.5;3.9;15.2;581.1
2;2018-12-29 23:00:00;292.3;75.6;9.3;2.7;74187.0;17.1;37.9;364.3;1562.0;27.1;9.1;17.2;612.3
2;2018-12-30 00:00:00;417.2;74.0;20.9;3.2;73704.4;30.8;92.0;462.9;7343.7;42.6;36.5;15.6;619.7
2;2018-12-30 01:00:00;356.4;69.0;10.6;5.1;54118.2;31.2;113.6;452.2;1480.3;38.1;32.2;15.0;512.2
2;2018-12-30 02:00:00;248.4;60.0;11.7;1.3;43893.4;18.6;185.0;258.8;2226.6;27.5;3.1;13.5;404.1
2;2018-12-30 03:00:00;252.7;56.0;18.0;1.2;40486.4;16.9;141.1;292.3;2562.7;32.0;5.5;12.7;389.9
2;2018-12-30 04:00:00;216.4;51.8;5.6;1.6;59165.4;12.8;171.3;193.8;2136.7;25.9;1.4;13.2;520.1
2;2018-12-30 05:00:00;184.2;48.9;6.5;1.0;58716.7;12.3;123.0;228.3;1774.2;23.9;0.7;10.4;476.7
2;2018-12-30 06:00:00;255.1;77.9;6.7;2.9;93374.3;15.5;125.1;369.6;3559.2;21.0;3.3;15.0;606.7
2;2018-12-30 07:00:00;404.0;77.5;6.5;1.1;74393.9;13.0;122.1;320.2;1572.4;21.8;0.0;12.5;473.7
2;2018-12-30 08:00:00;223.8;52.1;9.2;1.0;61255.6;11.7;100.0;249.7;6227.3;24.7;0.0;11.5;429.2
2;2018-12-30 09:00:00;190.4;53.7;10.2;1.2;54890.8;9.1;59.0;254.5;17405.2;26.9;0.0;12.9;371.2
2;2018-12-30 10:00:00;232.0;48.0;8.2;1.0;38080.6;7.4;43.9;160.5;1197.3;30.9;0.0;11.5;491.7
2;2018-12-30 11:00:00;170.9;40.5;7.9;0.8;20636.2;6.6;49.7;139.8;1026.9;24.8;0.0;9.4;418.0
2;2018-12-30 12:00:00;188.1;30.9;2.7;0.6;24231.1;4.8;84.0;84.7;6470.3;38.9;0.0;7.2;492.4
2;2018-12-30 13:00:00;123.1;31.1;4.1;0.7;23494.4;4.8;68.0;88.8;1405.2;40.8;0.0;8.3;516.9
2;2018-12-30 14:00:00;138.8;35.7;2.7;0.7;26154.8;5.6;25.9;102.8;601.8;19.7;0.0;7.7;401.5
2;2018-12-30 15:00:00;139.4;35.0;2.3;0.7;24394.0;5.3;79.6;97.5;1339.4;17.4;0.0;7.0;381.8
2;2018-12-30 16:00:00;183.6;51.6;3.1;0.9;76490.9;13.3;73.8;361.3;1331.9;47.0;0.0;9.9;531.9
2;2018-12-30 17:00:00;263.6;49.8;2.6;1.0;74844.3;12.9;57.1;355.7;461.9;64.4;0.0;10.0;558.5
2;2018-12-30 18:00:00;173.6;35.1;2.1;0.7;23946.5;6.2;143.1;133.7;1743.7;28.8;1.5;7.3;408.1
2;2018-12-30 19:00:00;145.8;36.0;2.0;0.6;56770.4;6.6;147.1;129.9;1789.6;16.8;0.9;6.3;467.5
2;2018-12-30 20:00:00;246.0;49.5;9.9;0.9;60939.4;11.7;107.9;277.6;1394.5;19.5;1.6;11.6;431.3
2;2018-12-30 21:00:00;194.9;60.1;16.0;1.2;60687.1;10.2;41.1;242.2;1308.9;24.8;3.7;14.1;503.9
2;2018-12-30 22:00:00;189.5;64.3;10.0;1.1;40815.6;9.7;40.0;233.3;1257.1;19.6;2.2;15.3;386.7
2;2018-12-30 23:00:00;245.5;63.6;10.5;1.3;31400.0;10.3;97.8;245.2;1166.4;32.8;0.4;16.3;392.5
2;2018-12-31 00:00:00;375.2;69.7;13.0;2.0;31798.4;20.5;97.9;281.0;1639.2;57.3;13.8;17.1;449.6
2;2018-12-31 01:00:00;389.4;97.6;10.3;22.9;66747.4;23.9;129.9;530.6;56396.3;40.6;10.9;19.5;450.3
2;2018-12-31 02:00:00;278.2;90.5;8.0;4.9;60912.5;18.7;115.2;358.3;38919.1;29.3;4.0;18.6;315.9
2;2018-12-31 03:00:00;242.3;57.5;19.4;1.6;25632.4;12.0;97.1;206.6;1112.2;29.0;4.5;13.2;400.5
2;2018-12-31 04:00:00;214.7;56.9;10.9;2.3;65163.9;11.0;45.1;192.4;1723.1;27.3;3.6;15.2;622.3
2;2018-12-31 05:00:00;153.8;44.8;5.9;1.0;64297.5;8.0;83.1;161.9;2183.5;25.5;0.3;10.7;501.2
2;2018-12-31 06:00:00;330.7;81.0;7.4;5.0;91548.6;14.3;60.2;342.2;2191.6;20.9;2.3;15.6;641.5
2;2018-12-31 07:00:00;555.2;79.9;5.9;2.0;74560.4;14.6;31.1;369.7;1213.4;17.9;1.4;12.8;567.2
2;2018-12-31 08:00:00;279.7;52.1;10.3;1.2;45664.4;13.0;66.0;292.8;7391.6;21.0;0.1;11.3;321.2
2;2018-12-31 09:00:00;265.4;40.7;10.7;1.1;31903.8;9.3;62.8;229.2;17566.8;19.3;0.3;10.9;180.2
2;2018-12-31 10:00:00;118.2;26.3;6.0;0.7;22931.3;7.3;100.4;154.8;2870.4;19.7;0.4;8.2;256.3
2;2018-12-31 11:00:00;101.3;14.4;2.4;0.4;24126.0;5.1;129.1;95.6;2224.7;14.8;0.1;4.9;136.8
2;2018-12-31 12:00:00;72.9;16.1;2.2;0.5;20955.0;4.8;92.0;87.7;1742.2;20.3;0.3;5.1;181.9
2;2018-12-31 13:00:00;52.7;12.3;2.2;0.4;12895.6;4.7;84.1;53.7;1587.3;15.1;0.0;4.6;133.3
2;2018-12-31 14:00:00;52.7;13.1;2.3;0.5;15391.7;4.9;65.0;55.1;1363.4;10.9;0.1;4.8;126.2
2;2018-12-31 15:00:00;62.4;9.8;1.6;0.3;16145.7;3.2;109.9;45.2;1441.2;6.8;0.3;3.6;92.3
2;2018-12-31 16:00:00;150.3;27.0;2.2;0.5;80957.9;7.6;40.1;172.0;1441.1;12.2;11.7;5.9;492.1
2;2018-12-31 17:00:00;86.9;28.7;2.7;0.5;74664.5;7.1;45.9;161.9;1206.4;13.3;4.2;6.5;619.9
2;2018-12-31 18:00:00;120.5;28.2;4.6;0.4;72538.4;7.6;134.1;158.4;1528.5;8.7;8.5;5.8;134.7
2;2018-12-31 19:00:00;80.7;17.2;1.7;0.4;53112.6;4.1;144.3;71.2;1991.0;7.4;1.0;4.9;316.6
2;2018-12-31 20:00:00;324.2;25.2;3.7;0.7;53875.6;8.5;171.1;158.7;2032.7;16.5;1.8;7.7;385.0
2;2018-12-31 21:00:00;149.5;26.6;6.7;0.6;41578.2;5.9;127.9;118.0;2010.7;14.5;1.7;7.5;308.3
2;2018-12-31 22:00:00;176.2;35.7;4.9;0.9;22336.6;6.9;116.9;152.1;1887.4;34.0;2.3;9.9;231.9
2;2018-12-31 23:00:00;196.7;49.2;6.9;1.1;30857.5;13.4;134.8;258.7;3362.7;37.5;9.4;12.6;520.9
2;2019-01-01 00:00:00;432.2;71.1;10.7;2.8;80409.3;25.2;122.4;326.5;7197.1;56.1;33.0;16.1;557.7
2;2019-01-01 01:00:00;431.1;68.8;7.7;5.8;87704.8;29.4;249.4;504.2;81415.2;30.2;26.5;12.5;410.3
2;2019-01-01 02:00:00;257.8;57.0;8.9;1.3;73974.2;19.3;114.8;279.2;2553.3;27.4;21.5;12.9;460.8
2;2019-01-01 03:00:00;247.5;40.0;13.0;0.9;80483.7;13.0;106.0;201.4;1243.2;17.3;5.3;8.8;313.9
2;2019-01-01 04:00:00;144.9;33.7;4.2;0.8;63426.0;11.4;168.1;168.4;3138.5;16.0;1.4;9.6;462.0
2;2019-01-01 05:00:00;99.3;30.9;2.9;0.5;74090.9;5.8;52.0;114.1;1512.4;13.0;2.0;6.9;207.0
2;2019-01-01 06:00:00;256.4;67.6;5.0;2.1;94894.2;13.0;140.9;310.8;3243.7;11.6;4.9;12.0;464.6
2;2019-01-01 07:00:00;303.1;62.6;4.0;0.9;72980.6;12.9;151.2;314.3;7772.0;9.6;0.6;10.1;458.2
2;2019-01-01 08:00:00;104.4;26.4;5.1;0.6;49231.0;7.1;108.6;140.8;18192.9;8.6;0.1;6.8;219.4
2;2019-01-01 09:00:00;64.0;14.4;2.1;0.3;26749.1;5.3;99.6;81.2;1688.0;7.5;0.0;4.3;159.6
2;2019-01-01 10:00:00;46.1;7.2;1.0;0.2;12435.1;3.0;89.1;33.6;1169.3;7.8;0.0;3.2;72.8
2;2019-01-01 11:00:00;69.0;10.9;1.6;0.3;13509.6;3.8;76.1;60.3;1853.6;11.1;0.3;3.6;93.6
2;2019-01-01 12:00:00;44.2;9.3;1.7;0.3;16873.3;3.8;99.0;42.1;7297.5;11.8;0.0;3.8;118.5
2;2019-01-01 13:00:00;76.8;9.7;0.9;0.3;12842.3;3.3;141.3;41.1;1412.3;10.2;0.5;3.7;88.2
2;2019-01-01 14:00:00;42.2;7.9;0.8;0.3;13074.0;3.0;107.0;29.6;1331.5;12.1;0.0;3.4;91.2
2;2019-01-01 15:00:00;55.1;9.7;1.0;0.4;15544.7;3.6;88.0;50.1;1199.3;8.8;0.1;3.7;82.3
2;2019-01-01 16:00:00;71.9;21.2;2.0;0.7;68968.6;12.2;101.1;330.7;2038.5;72.8;0.1;5.7;588.3
2;2019-01-01 17:00:00;79.7;22.1;2.5;0.8;64635.6;6.2;347.2;118.7;1779.4;20.4;0.6;6.1;523.6
2;2019-01-01 18:00:00;97.4;18.9;4.9;0.5;47763.8;7.0;355.2;140.1;2040.5;7.0;1.2;5.3;216.0
2;2019-01-01 19:00:00;78.2;17.4;2.3;0.4;45388.0;5.8;350.8;114.8;1609.6;8.2;0.3;4.7;229.3
2;2019-01-01 20:00:00;127.5;21.1;4.6;0.9;56728.3;7.4;163.0;154.1;6537.4;9.1;1.9;6.6;394.9
2;2019-01-01 21:00:00;126.4;30.0;9.1;1.1;47711.6;7.0;164.1;156.3;2208.8;15.6;1.7;8.3;324.4
2;2019-01-01 22:00:00;135.7;21.9;5.0;1.0;28224.1;7.3;160.7;160.5;1987.4;26.8;1.8;6.6;192.5
2;2019-01-01 23:00:00;173.5;36.4;5.0;1.1;30038.7;12.2;155.8;219.7;3428.7;41.5;8.1;9.7;568.1
2;2019-01-02 00:00:00;270.5;59.5;12.0;1.8;96220.7;10.9;101.4;212.3;2453.3;49.6;10.5;13.0;556.2
2;2019-01-02 01:00:00;285.5;67.8;10.8;5.3;98969.2;13.7;148.0;321.3;74172.9;18.7;12.1;12.5;414.4
2;2019-01-02 02:00:00;192.1;37.3;3.5;0.8;74218.5;9.6;110.1;197.1;1961.7;8.9;8.7;7.9;488.0
2;2019-01-02 03:00:00;163.5;34.3;12.0;0.6;78815.3;8.0;74.2;189.2;1829.7;7.5;10.3;7.1;259.3
2;2019-01-02 04:00:00;148.8;33.9;2.3;1.1;83184.1;8.3;66.0;179.9;2756.6;6.0;9.9;9.6;438.7
2;2019-01-02 05:00:00;125.7;28.8;4.0;0.6;74120.5;5.5;167.3;114.8;1969.6;4.9;1.6;6.5;390.8
2;2019-01-02 06:00:00;293.7;68.5;5.1;1.5;106711.4;13.4;52.9;313.2;3085.7;6.8;3.4;11.2;561.1
2;2019-01-02 07:00:00;353.7;73.4;4.4;1.6;68126.1;13.3;61.1;322.8;1695.7;18.5;1.4;13.4;618.2
2;2019-01-02 08:00:00;238.3;55.7;6.9;1.2;36915.9;11.2;91.2;248.1;18519.3;13.2;0.3;11.0;246.2
2;2019-01-02 09:00:00;83.8;24.0;5.3;0.7;27355.0;5.5;132.8;124.3;2710.2;10.8;0.1;7.3;139.2
2;2019-01-02 10:00:00;75.8;15.7;2.6;0.5;16594.8;3.7;139.1;56.9;1968.0;13.2;0.0;5.8;142.8
2;2019-01-02 11:00:00;77.4;14.3;3.6;0.5;15838.8;4.2;77.2;61.1;1561.7;7.3;0.3;4.9;145.5
2;2019-01-02 12:00:00;63.3;11.4;1.1;0.5;15513.9;3.7;109.0;47.5;1257.6;8.3;0.3;4.2;107.6
2;2019-01-02 13:00:00;62.9;12.1;1.2;0.4;14898.5;3.8;112.0;58.7;1497.3;8.0;0.0;4.6;121.7
2;2019-01-02 14:00:00;79.4;13.9;1.7;0.5;12788.6;3.8;101.6;51.5;1569.9;11.4;0.0;5.1;140.3
2;2019-01-02 15:00:00;49.2;12.8;2.0;0.5;16618.8;4.8;99.1;58.0;2200.5;7.1;0.0;4.4;137.7
2;2019-01-02 16:00:00;153.8;31.8;3.2;0.7;74589.1;8.5;143.2;178.0;3119.9;16.6;8.8;7.6;367.8
2;2019-01-02 17:00:00;83.2;30.8;2.3;0.7;70250.0;7.2;102.0;123.2;2551.2;6.1;2.3;7.0;618.5
2;2019-01-02 18:00:00;119.6;31.3;4.7;0.6;69393.6;6.8;98.1;140.2;2231.4;8.1;4.7;6.3;240.7
2;2019-01-02 19:00:00;115.7;25.6;2.3;0.6;73994.8;6.7;131.7;123.4;2816.6;7.6;3.1;5.7;370.6
2;2019-01-02 20:00:00;155.5;34.2;18.4;1.2;54856.9;11.0;130.3;274.5;1822.7;7.6;3.3;14.1;86.5
2;2019-01-02 21:00:00;117.4;31.3;20.7;1.2;17256.1;7.7;40.9;178.8;1429.7;11.6;0.1;12.9;97.4
2;2019-01-02 22:00:00;161.1;45.2;17.7;1.2;36480.3;9.5;51.8;243.6;1581.9;8.4;0.4;14.5;126.3
2;2019-01-02 23:00:00;387.9;79.6;23.0;16.4;58108.7;23.8;204.3;579.5;80940.5;22.5;17.1;19.8;476.3
2;2019-01-03 00:00:00;296.7;55.9;15.5;1.0;79553.6;24.5;106.2;326.7;6403.8;25.5;27.5;10.4;493.3
2;2019-01-03 01:00:00;261.5;62.5;10.2;1.8;74050.0;21.2;109.0;341.5;3235.3;21.1;21.4;12.7;433.6
2;2019-01-03 02:00:00;202.6;56.9;9.0;1.8;68665.1;15.6;115.8;250.9;1989.2;9.0;9.3;10.6;457.3
2;2019-01-03 03:00:00;149.9;34.7;12.9;0.9;66884.0;10.8;119.0;224.5;3628.8;5.5;8.4;7.4;100.5
2;2019-01-03 04:00:00;93.0;24.5;2.5;1.3;71712.2;7.7;6390.6;108.2;1688.8;1.9;0.9;9.4;449.9
2;2019-01-03 05:00:00;154.1;35.0;2.9;1.1;44799.1;5.8;143.7;102.5;1989.4;26.6;2.6;9.6;417.6
2;2019-01-03 06:00:00;251.5;76.9;6.0;1.7;96075.4;12.8;33.2;311.6;2586.4;16.7;2.5;13.9;621.4
2;2019-01-03 07:00:00;426.5;91.5;4.6;5.0;77094.3;13.8;79.1;346.2;8126.9;19.3;1.5;15.1;472.6
2;2019-01-03 08:00:00;308.4;39.1;6.8;1.1;55856.5;8.5;62.0;166.8;6438.6;22.1;0.0;10.1;223.3
2;2019-01-03 09:00:00;249.2;33.7;6.1;1.4;32675.2;6.4;101.0;131.9;2205.4;25.5;0.2;9.7;188.3
2;2019-01-03 10:00:00;140.2;29.5;3.1;0.9;17966.4;5.2;102.5;98.7;2363.9;19.8;0.0;8.1;318.7
2;2019-01-03 11:00:00;233.0;38.9;7.1;1.1;56916.6;9.9;229.7;209.5;77482.4;13.0;3.7;8.7;183.3
2;2019-01-03 12:00:00;227.5;44.8;3.3;1.1;36011.7;8.9;145.9;174.5;39212.9;16.1;0.3;10.0;245.2
2;2019-01-03 13:00:00;131.5;22.3;3.7;1.0;16712.2;5.2;171.1;60.5;1467.6;18.6;0.0;7.0;146.8
2;2019-01-03 14:00:00;154.4;26.8;5.5;1.1;11668.4;4.1;131.8;60.9;1559.3;35.1;0.4;8.8;233.9
2;2019-01-03 15:00:00;141.7;16.8;2.2;1.0;14276.1;3.8;126.9;54.9;1405.5;12.2;0.0;5.6;100.6
2;2019-01-03 16:00:00;193.1;33.4;3.2;0.9;77319.6;9.0;228.2;193.5;3538.6;6.8;12.1;8.1;551.0
2;2019-01-03 17:00:00;137.2;29.9;2.7;1.0;64389.0;6.1;331.0;125.9;1793.5;6.9;2.5;7.0;432.2
2;2019-01-03 18:00:00;192.8;33.6;4.6;0.7;69386.0;7.6;319.0;141.9;1777.8;7.2;6.1;7.4;222.9
2;2019-01-03 19:00:00;137.9;30.8;3.4;0.9;75057.3;7.1;292.2;130.1;1786.9;10.4;1.0;6.9;491.0
2;2019-01-03 20:00:00;246.1;38.7;17.1;1.4;68332.4;12.6;181.7;310.0;1919.0;7.0;18.8;13.3;212.8
2;2019-01-03 21:00:00;211.5;35.0;21.1;1.4;18272.9;8.7;52.1;211.7;1286.1;8.7;0.8;13.8;91.6
2;2019-01-03 22:00:00;256.0;47.6;18.2;2.0;32270.6;9.8;43.0;244.4;1636.0;7.2;0.4;15.1;135.0
2;2019-01-03 23:00:00;274.5;60.8;19.2;2.3;29016.9;15.0;50.9;318.7;2500.8;17.7;8.6;19.0;378.5
2;2019-01-04 00:00:00;371.8;64.1;13.0;2.0;64980.1;22.9;114.9;305.9;6677.3;39.7;29.0;14.4;426.9
2;2019-01-04 01:00:00;366.9;58.0;7.2;2.2;64774.6;22.3;193.9;323.9;2316.3;21.4;24.5;12.7;317.3
2;2019-01-04 02:00:00;309.5;65.4;9.2;1.8;74487.7;19.5;117.8;274.1;2336.9;22.7;11.6;14.5;232.6
2;2019-01-04 03:00:00;248.6;62.3;16.4;2.0;73914.1;13.9;92.0;232.2;1370.6;10.3;5.6;12.1;232.7
2;2019-01-04 04:00:00;182.6;51.1;6.9;2.7;87219.5;11.5;153.0;167.7;1973.2;7.5;0.3;13.7;451.9
2;2019-01-04 05:00:00;201.1;35.5;2.8;1.1;52552.2;5.4;93.2;80.7;1471.3;7.0;1.2;7.2;320.1
2;2019-01-04 06:00:00;221.3;23.6;4.2;1.2;45487.4;4.7;79.0;77.9;1619.6;11.2;0.2;6.5;354.2
2;2019-01-04 07:00:00;176.8;33.6;3.8;1.2;41674.5;5.6;29.9;119.8;1048.0;11.6;1.5;8.1;509.9
2;2019-01-04 08:00:00;155.9;20.1;5.2;0.7;19499.9;5.3;102.0;77.5;33617.3;15.6;0.0;7.3;116.0
2;2019-01-04 09:00:00;119.1;21.0;3.1;1.0;17341.7;3.7;79.2;48.3;1291.3;25.2;0.7;7.5;176.1
2;2019-01-04 10:00:00;222.3;19.5;3.5;0.8;13504.6;3.7;85.7;48.4;1826.4;24.5;0.0;7.0;182.5
2;2019-01-04 11:00:00;150.8;17.3;2.7;0.8;12479.8;3.9;106.8;54.4;1466.9;23.8;0.3;6.7;159.1
2;2019-01-04 12:00:00;92.0;16.0;2.6;0.6;14607.7;3.5;79.0;52.9;1150.4;22.6;0.3;6.6;131.9
2;2019-01-04 13:00:00;85.3;18.1;3.1;0.8;11742.2;4.0;100.0;52.7;1374.4;21.0;0.1;6.8;155.0
2;2019-01-04 14:00:00;117.3;18.1;4.1;1.2;15869.5;4.4;127.7;59.9;1803.0;18.8;0.2;7.0;145.9
2;2019-01-04 15:00:00;82.2;14.2;2.3;0.6;16021.3;4.0;96.8;50.3;1507.1;13.5;0.2;5.9;124.0
2;2019-01-04 16:00:00;70.4;25.8;2.7;1.1;62840.9;12.6;101.0;343.1;1756.5;72.2;0.1;7.3;513.2
2;2019-01-04 17:00:00;200.0;24.1;2.2;0.8;61785.1;9.2;117.6;174.9;1107.9;24.3;0.7;6.8;485.1
2;2019-01-04 18:00:00;78.9;25.0;4.7;0.9;57456.2;7.5;82.0;133.5;1131.9;13.0;0.1;7.1;159.1
2;2019-01-04 19:00:00;77.5;26.0;3.7;1.0;73694.5;8.4;112.4;170.7;9353.4;13.8;0.3;6.6;359.1
2;2019-01-04 20:00:00;128.3;26.4;4.8;1.0;43353.6;9.6;148.4;195.1;6718.7;12.1;3.7;8.3;319.3
2;2019-01-04 21:00:00;117.0;34.5;7.3;1.2;50642.2;9.2;63.8;227.1;1401.4;18.8;1.9;9.9;327.7
2;2019-01-04 22:00:00;145.1;30.9;6.0;0.9;31162.9;6.7;134.0;160.3;1789.2;13.2;0.8;8.4;99.5
2;2019-01-04 23:00:00;142.2;42.8;4.4;1.4;14275.4;6.8;136.6;144.0;1897.1;44.1;1.2;11.7;225.8
2;2019-01-05 00:00:00;350.5;63.5;9.4;2.6;70055.8;23.9;173.9;327.1;7840.0;46.2;24.0;13.5;322.6
2;2019-01-05 01:00:00;238.8;57.6;5.6;2.2;74171.1;21.5;181.0;303.6;2443.8;28.4;11.8;12.3;244.4
2;2019-01-05 02:00:00;179.6;56.1;5.5;1.9;51225.6;14.9;201.2;178.6;4192.1;25.0;5.3;12.7;223.7
2;2019-01-05 03:00:00;143.9;26.1;22.4;1.0;60674.1;15.7;113.4;308.5;3081.4;18.5;1.6;7.5;346.5
2;2019-01-05 04:00:00;125.3;33.8;2.4;2.4;96160.6;9.0;117.0;161.7;1404.7;9.2;4.3;11.4;656.4
2;2019-01-05 05:00:00;79.5;27.4;3.6;1.0;74474.4;7.2;94.8;155.0;1803.4;11.2;0.4;6.8;213.2
2;2019-01-05 06:00:00;160.1;24.9;1.6;1.1;20107.7;5.2;122.1;74.4;1854.7;8.4;0.2;5.8;74.1
2;2019-01-05 07:00:00;111.3;30.5;3.5;1.0;26366.7;5.3;54.0;99.2;1358.2;9.2;0.4;7.2;134.6
2;2019-01-05 08:00:00;180.0;37.1;2.4;1.6;25809.1;6.6;83.6;169.7;17499.7;12.0;0.5;8.1;123.6
2;2019-01-05 09:00:00;114.8;28.6;2.3;0.8;16284.0;4.6;69.9;79.5;832.6;12.3;0.1;7.0;121.2
2;2019-01-05 10:00:00;107.5;31.9;2.7;1.0;16922.7;5.0;8807.9;91.1;1530.2;19.0;0.3;7.4;126.5
2;2019-01-05 11:00:00;158.2;39.3;2.7;1.3;15244.4;4.5;95.3;89.1;1388.2;24.5;0.2;10.4;174.8
2;2019-01-05 12:00:00;175.6;38.3;2.7;1.4;19387.6;4.5;111.0;79.1;1516.5;28.8;0.9;10.2;188.2
2;2019-01-05 13:00:00;112.5;41.6;2.3;1.5;15238.5;4.3;105.4;81.6;1956.7;35.2;0.0;11.6;206.2
2;2019-01-05 14:00:00;142.0;40.8;2.7;1.9;12820.9;4.4;97.1;68.3;1805.9;32.4;0.6;11.6;196.6
2;2019-01-05 15:00:00;116.5;33.1;1.4;1.1;13104.1;3.7;91.0;43.5;924.1;24.8;0.3;9.5;140.0
2;2019-01-05 16:00:00;153.3;43.7;2.8;1.1;53332.3;4.9;129.7;88.6;1963.3;18.9;1.9;10.4;258.5
2;2019-01-05 17:00:00;220.8;34.7;1.5;1.3;54708.8;4.2;137.3;76.1;1779.5;11.1;1.5;8.6;384.5
2;2019-01-05 18:00:00;137.6;35.7;2.3;1.0;56167.8;4.1;133.6;65.0;1790.4;10.2;0.9;8.5;218.1
2;2019-01-05 19:00:00;124.4;37.2;2.7;0.9;66107.5;11.6;131.4;311.2;2229.8;51.1;1.0;8.4;281.7
2;2019-01-05 20:00:00;197.5;38.0;5.1;1.2;37275.4;13.9;153.2;374.6;2025.0;46.8;1.6;11.4;300.2
2;2019-01-05 21:00:00;149.9;41.1;5.5;1.4;20881.8;7.8;112.4;188.6;1506.0;18.9;1.4;12.4;110.1
2;2019-01-05 22:00:00;148.3;45.4;8.4;1.3;39434.2;7.9;103.7;179.6;1494.6;15.5;1.2;13.1;127.5
2;2019-01-05 23:00:00;243.6;62.8;7.9;1.5;31958.7;13.8;81.0;283.2;2087.4;30.3;8.0;17.2;421.3
2;2019-01-06 00:00:00;536.0;72.4;13.1;8.2;74013.3;26.6;97.8;425.2;12155.1;49.8;38.3;17.0;415.7
2;2019-01-06 01:00:00;389.0;77.4;8.1;5.5;74011.5;26.8;95.2;364.4;1919.1;61.6;29.0;20.8;380.4
2;2019-01-06 02:00:00;299.1;69.7;10.2;2.6;67447.0;23.3;129.1;303.2;6457.2;25.9;12.4;16.3;231.5
2;2019-01-06 03:00:00;300.7;65.0;8.3;4.1;69255.7;16.5;155.1;244.8;2600.8;24.5;4.9;16.2;265.8
2;2019-01-06 04:00:00;220.0;55.3;9.8;3.9;129066.1;11.8;73.1;178.6;581.9;17.6;1.2;15.6;356.6
2;2019-01-06 05:00:00;245.9;63.5;5.1;2.0;122225.1;12.7;51.9;247.5;1375.3;14.3;5.6;14.1;585.0
2;2019-01-06 06:00:00;363.3;92.3;7.5;8.4;120057.6;16.0;33.3;401.7;2505.1;8.3;5.9;15.9;609.2
2;2019-01-06 07:00:00;543.5;84.2;6.7;3.6;78090.1;14.7;94.1;360.2;1573.1;14.0;0.0;15.7;310.1
2;2019-01-06 08:00:00;280.0;56.5;6.3;2.6;41445.1;9.2;122.8;195.4;18424.8;31.6;0.0;14.4;273.0
2;2019-01-06 09:00:00;261.8;49.3;8.3;2.1;25912.9;6.6;63.3;151.2;17013.5;27.7;0.0;13.3;139.7
2;2019-01-06 10:00:00;184.8;51.0;4.9;59888905365208.1;23616.4;7.2;70.9;149.5;1536.0;27.1;0.0;12.5;260.1
2;2019-01-06 11:00:00;208.6;38.7;2.4;1.4;12243.0;4.4;42.8;63.3;909.3;30.0;0.0;10.4;183.1
2;2019-01-06 12:00:00;205.5;52.2;3.1;1.9;17022.5;5.6;118.9;88.0;6835.4;30.7;0.0;13.3;231.8
2;2019-01-06 13:00:00;186.2;46.6;2.2;1.7;17734.8;3.8;131.0;63.1;1852.0;31.6;0.0;12.2;251.0
2;2019-01-06 14:00:00;147.5;40.2;2.1;1.7;13150.7;4.2;77.2;45.1;1209.4;28.9;0.0;11.3;184.9
2;2019-01-06 15:00:00;122.2;31.9;1.5;1.7;18329.5;3.9;98.5;36.1;1808.1;17.1;0.0;9.0;108.8
2;2019-01-06 16:00:00;245.9;70.3;4.6;3.0;74143.0;13.2;265.9;338.7;62025.1;13.3;0.0;14.4;315.5
2;2019-01-06 17:00:00;208.8;50.9;2.4;2.9;70530.5;6.6;117.5;157.5;30620.4;12.6;3.0;10.8;404.8
2;2019-01-06 18:00:00;193.5;54.4;6.1;2.6;70955.4;8.1;125.6;197.9;1956.7;14.3;3.7;11.5;259.2
2;2019-01-06 19:00:00;126.6;39.6;2.4;2.2;65682.9;7.0;67.4;162.0;861.8;22.7;1.9;11.0;417.8
2;2019-01-06 20:00:00;202.9;41.6;4.0;2.2;57528.1;9.1;178.9;204.0;2239.2;27.0;7.1;12.9;371.6
2;2019-01-06 21:00:00;152.0;41.4;4.5;4.0;49180.0;7.7;78.1;189.6;1215.2;21.2;1.5;13.5;349.7
2;2019-01-06 22:00:00;184.9;58.2;8.1;4.3;67749.2;8.1;11798.7;192.8;1763.7;21.9;2.7;16.1;547.8
2;2019-01-06 23:00:00;185.5;51.0;8.6;3.0;29270.7;7.9;10877.6;190.4;1831.9;38.3;2.6;15.5;617.4
2;2019-01-07 00:00:00;380.1;76.6;9.1;6.5;98745.0;21.6;11544.0;264.8;7241.5;50.2;19.6;18.1;837.3
2;2019-01-07 01:00:00;331.5;76.6;6.9;8.5;84929.8;20.1;9476.4;283.7;1865.4;36.1;23.2;19.3;706.2
2;2019-01-07 02:00:00;214.3;76.3;3.4;6.6;79239.8;16.3;10110.1;228.8;1262.2;31.1;17.4;17.8;635.6
2;2019-01-07 03:00:00;207.3;59.0;4.1;3.3;82994.1;8.6;11919.6;175.0;1329.5;25.0;13.6;14.5;803.1
2;2019-01-07 04:00:00;175.2;65.9;4.3;9.9;102146.7;9.5;12498.1;183.8;716.4;17.2;18.2;20.0;684.9
2;2019-01-07 05:00:00;155.8;49.6;3.0;2.8;74030.9;6.3;11458.9;127.3;885.6;16.2;4.2;11.8;787.0
2;2019-01-07 06:00:00;266.9;81.8;4.7;4.7;119311.9;12.7;12088.3;303.5;3180.9;14.4;3.0;16.2;985.2
2;2019-01-07 07:00:00;400.8;88.8;4.7;6.2;91487.9;15.0;13973.3;348.2;9024.1;13.1;1.4;15.3;629.2
2;2019-01-07 08:00:00;177.1;55.3;5.8;2.5;57162.8;12.1;13553.4;225.3;18134.5;11.1;0.1;12.2;591.6
2;2019-01-07 09:00:00;118.1;44.9;7.6;2.0;45998.8;7.7;17063.1;178.8;2005.5;10.2;0.0;12.1;663.0
2;2019-01-07 10:00:00;81.0;34.3;2.0;2.2;32160.3;5.6;16508.7;99.3;1901.1;11.6;0.2;9.7;582.1
2;2019-01-07 11:00:00;122.6;34.6;2.1;1.8;33503.4;4.1;14193.8;58.5;5529.9;24.8;0.1;11.0;612.8
2;2019-01-07 12:00:00;258.3;82.4;8.0;5.5;31887.1;13.5;13313.5;322.1;107522.1;41.0;3.8;17.7;633.3
2;2019-01-07 13:00:00;139.2;40.5;2.8;1.8;28684.2;4.2;15181.0;54.2;992.6;37.4;0.0;12.2;648.9
2;2019-01-07 14:00:00;97.4;30.0;0.9;1.5;27068.6;3.8;13549.1;48.9;839.1;21.7;0.2;9.5;616.7
2;2019-01-07 15:00:00;77.5;28.0;1.7;2.0;27005.2;3.9;17958.0;44.2;1213.4;12.7;0.2;9.1;614.1
2;2019-01-07 16:00:00;198.3;41.4;1.8;2.8;85018.5;12.1;20537.1;331.1;2396.9;49.2;8.0;10.7;818.9
2;2019-01-07 17:00:00;140.8;40.8;2.0;2.1;72587.8;11.3;13936.5;299.3;703.0;56.7;0.1;10.6;723.6
2;2019-01-07 18:00:00;153.6;41.3;4.0;2.5;69971.8;7.4;14171.8;146.1;1714.4;17.3;0.8;11.3;727.9
2;2019-01-07 19:00:00;134.7;37.3;2.0;2.8;73912.3;6.0;14302.2;115.5;1878.8;20.0;2.7;10.7;796.2
2;2019-01-07 20:00:00;148.6;46.9;5.0;3.1;73995.2;10.1;14941.1;198.4;7044.3;14.4;10.7;13.5;683.6
2;2019-01-07 21:00:00;120.4;41.8;6.3;1.9;54636.1;6.0;138.3;135.4;1858.9;25.0;0.4;12.8;754.3
2;2019-01-07 22:00:00;178.6;52.9;6.5;1.8;70037.7;7.8;114.3;192.7;1503.0;19.2;2.4;13.6;714.2
2;2019-01-07 23:00:00;257.5;69.6;7.7;3.7;63187.4;14.7;130.5;313.2;2577.1;34.9;8.8;16.8;826.2
2;2019-01-08 00:00:00;303.9;65.3;8.3;6.2;76371.9;27.1;165.0;391.1;10034.7;38.4;38.9;15.3;820.3
2;2019-01-08 01:00:00;323.1;74.4;6.7;7.7;77331.9;23.5;108.9;364.0;2314.0;37.4;27.0;18.7;683.2
2;2019-01-08 02:00:00;242.7;82.0;7.2;6.3;73944.9;19.5;108.9;306.2;1843.6;32.0;9.4;19.2;661.7
2;2019-01-08 03:00:00;195.3;55.7;9.0;2.8;47544.7;13.8;153.1;228.6;2330.4;24.7;6.4;14.0;560.1
2;2019-01-08 04:00:00;165.7;54.1;3.5;5.3;83397.2;10.1;77.9;176.4;1274.4;19.4;1.9;16.7;789.2
2;2019-01-08 05:00:00;152.6;47.1;3.2;1.7;46500.1;9.4;104.6;162.6;1346.3;25.0;0.4;11.8;800.5
2;2019-01-08 06:00:00;251.5;77.7;4.9;4.0;97684.9;13.2;48.4;318.2;2070.4;22.6;1.8;14.4;824.8
2;2019-01-08 07:00:00;444.4;88.4;4.3;5.0;73952.6;14.2;49.9;348.4;1172.3;24.6;1.4;15.9;802.4
2;2019-01-08 08:00:00;388.4;75.1;8.1;4.5;63701.0;11.4;59.1;267.6;23269.3;35.0;0.4;18.3;679.6
2;2019-01-08 09:00:00;259.8;68.6;11.5;5.6;41855.6;8.8;73.9;242.4;11003.3;31.5;0.0;17.0;593.5
2;2019-01-08 10:00:00;278.8;62.2;9.3;4.4;35331.3;6.2;66.5;112.2;1252.3;42.8;0.0;17.3;632.2
2;2019-01-08 11:00:00;194.9;41.5;4.8;1.9;28142.6;4.8;139.8;93.9;1631.5;30.6;0.3;12.3;628.0
2;2019-01-08 12:00:00;174.2;39.8;2.8;2.0;22189.9;4.4;127.8;88.9;2351.4;30.8;0.9;12.2;693.1
2;2019-01-08 13:00:00;192.4;26.2;2.9;2.6;12383.0;3.7;125.4;43.8;1398.9;32.1;0.3;10.9;151.5
2;2019-01-08 14:00:00;120.5;27.7;3.1;2.8;16308.7;5.3;83.9;60.2;1134.0;26.4;0.1;11.1;187.3
2;2019-01-08 15:00:00;134.8;23.6;2.4;3.1;15837.6;4.1;91.9;48.9;1556.0;27.2;0.0;10.3;165.4
2;2019-01-08 16:00:00;119.7;43.4;3.5;4.4;62712.3;5.4;116.3;93.7;1336.9;38.0;0.6;14.7;321.4
2;2019-01-08 17:00:00;139.8;40.9;3.0;2.5;74290.1;7.2;385.2;130.7;1087.4;38.1;1.0;13.4;263.5
2;2019-01-08 18:00:00;121.3;40.9;2.9;2.6;59670.8;7.0;247.4;123.6;1942.7;39.6;1.8;12.8;363.4
2;2019-01-08 19:00:00;136.8;37.0;2.4;2.7;82965.4;6.2;317.0;99.4;1691.7;27.2;1.2;11.9;575.5
2;2019-01-08 20:00:00;270.0;43.5;3.9;3.2;69185.9;11.4;172.0;260.0;6261.0;20.0;23.4;13.1;355.1
2;2019-01-08 21:00:00;134.9;33.0;6.5;1.9;30172.2;6.6;104.0;137.5;1286.1;22.1;1.2;11.8;278.3
2;2019-01-08 22:00:00;196.5;42.5;5.9;3.1;60557.2;7.5;157.8;174.2;2381.4;18.3;2.8;13.8;379.6
2;2019-01-08 23:00:00;311.9;58.3;7.9;3.5;50507.9;12.8;132.4;255.4;2999.3;36.2;7.7;16.5;504.0
2;2019-01-09 00:00:00;331.1;56.7;11.1;4.3;35534.8;23.1;183.5;258.6;3968.7;59.2;15.7;17.9;432.5
2;2019-01-09 01:00:00;437.9;77.5;10.3;6.2;60552.8;28.9;164.0;471.5;66750.9;37.7;23.3;19.0;235.9
2;2019-01-09 02:00:00;276.9;53.7;7.5;3.3;38614.1;17.0;210.4;208.0;16280.7;33.2;7.1;16.7;221.6
2;2019-01-09 03:00:00;231.1;47.9;7.0;2.9;31084.3;11.0;177.7;158.1;3445.4;35.2;6.0;15.4;181.9
2;2019-01-09 04:00:00;186.5;39.6;5.5;6.5;58152.2;6.1;118.1;96.7;1826.2;30.9;0.3;18.4;309.8
2;2019-01-09 05:00:00;169.8;31.1;2.8;2.2;14927.7;4.2;97.1;57.1;1630.5;32.3;0.0;12.6;180.1
2;2019-01-09 06:00:00;335.5;78.3;5.8;4.2;101231.4;11.7;80.6;273.4;2354.2;29.3;2.3;17.5;482.8
2;2019-01-09 07:00:00;499.9;78.3;6.5;3.8;74190.0;11.2;73.0;255.2;1669.1;37.3;1.3;18.2;468.5
2;2019-01-09 08:00:00;347.1;54.3;7.9;2.8;46014.4;8.9;76.4;159.5;1338.9;55.2;0.0;16.8;346.7
2;2019-01-09 09:00:00;333.5;54.1;10.4;3.9;43046.5;5.7;26.2;123.3;468.9;61.4;0.0;17.9;289.3
2;2019-01-09 10:00:00;359.2;62.1;13.4;4.5;38779.2;7.2;75.9;162.7;1250.4;64.3;0.1;19.4;363.7
2;2019-01-09 11:00:00;349.4;49.7;12.3;2.7;27558.6;4.3;47.2;64.3;988.7;75.9;0.0;14.8;384.0
2;2019-01-09 12:00:00;318.2;53.2;18.0;3.4;35286.4;5.7;79.1;109.1;1388.0;73.1;0.0;16.0;371.8
2;2019-01-09 13:00:00;312.4;54.0;11.8;3.1;33851.0;5.5;118.2;102.4;1534.0;78.6;0.0;17.2;414.4
2;2019-01-09 14:00:00;369.0;55.5;12.1;3.3;12490.4;6.2;93.8;119.1;1166.3;81.4;0.1;16.8;372.5
2;2019-01-09 15:00:00;253.7;53.0;5.1;3.9;13044.3;5.2;109.8;86.3;1321.1;84.1;0.0;16.8;368.8
2;2019-01-09 16:00:00;258.5;67.9;9.4;4.6;70602.7;11.7;106.3;308.1;1686.3;92.2;0.3;20.0;529.9
2;2019-01-09 17:00:00;333.9;69.3;6.7;4.4;72405.6;12.4;418.7;337.0;404.0;101.1;0.0;22.4;588.5
2;2019-01-09 18:00:00;257.5;60.0;8.8;5.0;59098.3;9.5;296.8;241.2;363.1;105.7;0.0;22.0;491.3
2;2019-01-09 19:00:00;309.4;58.2;7.1;4.3;62305.5;7.9;133.0;151.8;1609.2;69.7;0.1;19.8;534.3
2;2019-01-09 20:00:00;369.3;74.1;14.8;4.6;74033.6;12.7;235.5;335.0;879.3;58.7;14.4;24.3;536.2
2;2019-01-09 21:00:00;347.3;71.0;27.2;5.1;54889.0;11.0;228.6;263.2;950.8;54.4;5.7;25.2;398.8
2;2019-01-09 22:00:00;350.4;69.5;16.2;4.7;73521.2;12.0;369.6;292.0;960.9;47.8;7.9;22.8;328.3
2;2019-01-09 23:00:00;401.2;86.2;22.5;7.7;71818.3;18.5;117.1;414.5;2029.6;49.1;9.0;26.4;479.2
2;2019-01-10 00:00:00;490.4;77.8;32.4;7.0;66188.7;32.1;122.7;499.0;11946.8;58.4;54.3;25.8;488.5
2;2019-01-10 01:00:00;418.1;82.9;21.5;6.6;67704.9;29.5;149.8;577.4;82388.0;43.8;35.2;25.5;290.9
2;2019-01-10 02:00:00;429.6;82.1;18.9;9.5;61697.7;29.2;163.2;543.0;56136.1;30.0;19.3;22.9;199.3
2;2019-01-10 03:00:00;502.4;62.0;41.3;5.4;62233.1;18.8;132.6;282.4;2661.9;34.9;8.1;19.4;226.6
2;2019-01-10 04:00:00;200.0;51.7;11.4;8.1;76981.9;13.6;130.0;226.7;2464.2;31.7;0.1;22.4;380.6
2;2019-01-10 05:00:00;163.9;39.0;8.6;2.6;62819.5;7.9;64.2;154.9;538.0;27.8;0.0;14.8;375.7
2;2019-01-10 06:00:00;397.5;72.3;15.9;5.1;88423.3;15.3;111.2;343.7;2236.3;26.7;5.0;19.3;450.6
2;2019-01-10 07:00:00;538.7;85.8;41.3;9.2;82309.0;16.2;153.8;384.4;1873.3;33.9;5.1;20.7;390.9
2;2019-01-10 08:00:00;421.7;80.9;9.9;6.0;64505.2;15.5;126.2;315.5;17834.4;56.4;1.3;19.8;439.9
2;2019-01-10 09:00:00;452.6;60.1;13.1;4.2;50335.5;9.4;74.0;215.2;6395.6;59.8;0.0;19.5;381.6
2;2019-01-10 10:00:00;390.0;77.8;21.2;5.1;40355.5;9.4;61.0;217.8;1872.6;75.4;0.1;24.5;375.2
2;2019-01-10 11:00:00;336.3;58.4;13.8;3.1;34792.8;7.3;62.0;160.4;388.1;74.1;0.0;18.7;366.9
2;2019-01-10 12:00:00;358.9;50.0;13.2;3.5;42056.2;7.1;172.1;183.0;536.1;69.6;0.0;17.3;331.0
2;2019-01-10 13:00:00;224.7;50.5;8.5;2.9;29709.0;5.4;101.3;122.9;184.2;63.3;0.0;17.1;290.1
2;2019-01-10 14:00:00;312.5;50.1;9.5;3.3;27032.6;7.1;183.8;162.1;2482.1;69.7;0.1;17.6;337.3
2;2019-01-10 15:00:00;324.5;65.6;8.7;4.7;43447.9;8.1;147.4;193.2;1368.1;71.5;0.5;19.6;410.3
2;2019-01-10 16:00:00;314.0;58.8;6.8;4.0;77267.0;7.0;84.0;178.8;642.2;60.1;0.0;18.5;474.4
2;2019-01-10 17:00:00;309.2;64.6;8.3;3.9;76689.2;7.6;236.9;129.9;467.2;68.4;0.0;19.3;381.3
2;2019-01-10 18:00:00;445.4;56.1;7.9;4.1;58541.0;7.5;131.0;148.4;891.7;72.2;0.0;18.5;346.5
2;2019-01-10 19:00:00;305.2;44.7;9.5;3.0;24704.0;9.4;162.3;180.4;2302.9;55.8;0.0;15.4;289.4
2;2019-01-10 20:00:00;304.6;50.0;13.8;3.6;23660.6;13.4;129.4;312.7;1007.7;41.4;1.1;18.6;223.3
2;2019-01-10 21:00:00;331.0;53.0;22.4;3.8;21178.4;12.2;82.1;254.0;2361.6;30.6;3.2;21.5;171.7
2;2019-01-10 22:00:00;277.3;63.9;23.6;3.9;21428.8;11.3;86.0;241.7;2322.5;29.4;0.7;23.8;200.9
2;2019-01-10 23:00:00;383.3;69.1;22.6;3.8;32087.0;17.6;136.1;353.9;2668.8;22.5;8.7;23.8;335.1
2;2019-01-11 00:00:00;441.6;64.5;22.3;5.7;43867.9;32.9;156.2;444.2;9995.4;42.5;43.9;22.1;350.0
2;2019-01-11 01:00:00;586.9;87.0;18.4;8.1;51277.3;32.5;246.5;573.4;57966.3;36.7;29.4;21.7;288.2
2;2019-01-11 02:00:00;1125.3;70.1;12.5;2.7;40574.6;27.7;135.2;398.2;54364.1;23.9;25.4;19.0;179.6
2;2019-01-11 03:00:00;276.4;45.5;24.9;2.2;58308.5;18.1;54.6;222.1;1157.5;33.9;12.9;15.5;225.5
2;2019-01-11 04:00:00;341.9;66.0;16.9;6.6;79274.7;15.3;73.3;248.5;2044.3;34.8;0.9;22.1;503.5
2;2019-01-11 05:00:00;191.0;49.1;6.5;2.9;74698.6;7.9;91.5;133.5;1288.5;30.6;0.1;15.7;467.1
2;2019-01-11 06:00:00;263.2;41.8;5.6;2.0;25843.6;6.4;136.9;121.4;1803.2;27.2;0.3;14.5;194.6
2;2019-01-11 07:00:00;212.9;31.9;4.3;2.5;13199.7;3.0;152.3;54.7;2173.9;32.7;0.0;13.1;314.9
2;2019-01-11 08:00:00;311.6;40.0;5.4;3.4;19181.7;4.4;117.9;66.2;17322.2;53.7;0.1;15.1;276.4
2;2019-01-11 09:00:00;299.6;49.2;7.7;3.5;14370.6;3.7;100.7;56.1;16921.5;61.7;0.0;17.2;314.1
2;2019-01-11 10:00:00;275.3;47.4;8.4;3.4;14007.3;3.4;146.1;61.1;2517.5;60.1;0.1;17.7;279.6
2;2019-01-11 11:00:00;280.0;35.4;13.3;3.1;11604.2;2.1;132.7;18.4;38.8;60.9;0.0;13.9;267.5
2;2019-01-11 12:00:00;360.8;46.3;6.9;3.6;18926.9;6.4;173.8;130.6;1031.6;62.3;0.0;16.1;291.2
2;2019-01-11 13:00:00;430.9;79.5;9.1;8.8;41988.6;10.5;248.8;255.9;82860.3;83.5;2.9;20.4;436.9
2;2019-01-11 14:00:00;340.5;57.6;12.1;3.2;19147.3;4.8;246.2;78.4;389.5;98.4;0.0;18.5;449.6
2;2019-01-11 15:00:00;317.9;54.9;8.8;3.1;14193.6;5.4;207.4;76.7;1126.1;69.0;0.0;17.7;329.1
2;2019-01-11 16:00:00;377.1;66.8;8.8;4.7;58376.3;8.7;141.8;171.3;1721.4;68.0;0.8;20.1;437.1
2;2019-01-11 17:00:00;424.9;85.7;9.0;10.6;73744.8;16.5;115.0;342.5;2548.1;69.1;12.6;21.9;515.2
2;2019-01-11 18:00:00;335.8;70.9;7.6;5.0;73103.8;10.0;102.0;180.5;816.1;73.4;0.1;20.8;1019.4
2;2019-01-11 19:00:00;349.0;58.9;22.6;3.2;71935.0;10.3;135.0;198.9;9157.6;54.0;2.3;17.0;597.6
2;2019-01-11 20:00:00;321.1;57.4;13.5;3.7;74015.6;14.6;121.1;390.9;1294.9;43.0;33.3;18.5;471.6
2;2019-01-11 21:00:00;369.1;60.7;27.8;3.9;77532.6;13.1;109.0;345.7;1465.5;29.6;11.5;19.8;192.1
2;2019-01-11 22:00:00;256.6;53.0;19.9;3.4;28757.6;13.2;89.9;329.9;1269.5;27.5;1.0;20.5;131.7
2;2019-01-11 23:00:00;242.4;57.0;22.4;3.4;28884.1;13.3;82.0;329.3;1558.7;20.3;0.7;21.3;147.2
2;2019-01-12 00:00:00;493.1;75.3;21.9;4.7;33173.1;33.2;122.7;494.0;6410.4;52.7;23.0;24.8;227.9
2;2019-01-12 01:00:00;425.6;84.0;21.4;8.8;48590.3;35.5;138.0;654.6;71883.5;23.3;19.9;21.1;165.6
2;2019-01-12 02:00:00;397.5;63.5;39.5;5.1;46151.5;27.4;145.9;475.9;38525.4;27.1;4.7;19.1;162.9
2;2019-01-12 03:00:00;318.8;49.0;55.9;3.2;60350.8;18.9;99.8;395.9;3014.5;17.7;9.4;16.1;229.1
2;2019-01-12 04:00:00;248.6;53.2;14.2;6.4;74960.0;11.1;88.2;249.0;1605.1;11.5;6.2;21.3;432.2
2;2019-01-12 05:00:00;173.4;29.9;17.9;2.0;53582.9;7.2;82.3;167.1;2822.7;12.2;0.8;11.7;282.0
2;2019-01-12 06:00:00;901.5;26.6;16.2;1.5;46602.2;10.7;231.5;223.5;2396.3;12.0;0.2;10.1;96.6
2;2019-01-12 07:00:00;127.8;18.8;5.8;2.0;12258.2;4.6;183.9;88.9;1947.5;14.6;0.2;8.8;121.0
2;2019-01-12 08:00:00;215.8;22.4;6.2;1.8;12133.3;5.0;207.1;97.7;2365.4;26.1;0.2;9.9;134.5
2;2019-01-12 09:00:00;154.9;27.4;6.7;2.0;12325.4;3.2;155.9;51.8;21732.3;34.4;0.3;11.3;179.7
2;2019-01-12 10:00:00;213.3;24.9;4.4;2.0;15573.7;3.0;9573.3;44.2;1902.9;38.1;0.0;10.6;203.3
2;2019-01-12 11:00:00;136.5;27.8;7.4;3.0;16007.1;3.7;178.6;68.5;2423.1;36.7;0.1;11.0;308.0
2;2019-01-12 12:00:00;204.2;25.2;4.6;3.1;22611.7;3.1;193.0;58.3;7930.6;42.0;0.1;10.7;221.4
2;2019-01-12 13:00:00;173.1;29.7;3.9;2.0;21838.1;3.4;5248.2;52.9;1408.6;40.1;0.1;10.8;458.3
2;2019-01-12 14:00:00;93.8;34.3;4.8;2.7;26238.7;3.2;10937.0;50.1;1707.3;32.7;0.1;11.9;583.7
2;2019-01-12 15:00:00;108.1;33.1;3.6;2.2;20662.8;2.7;12058.9;32.9;2197.9;36.2;0.0;11.7;575.3
2;2019-01-12 16:00:00;145.3;52.3;4.0;5.1;74963.3;5.3;12431.3;113.3;2363.8;38.0;2.0;15.4;678.6
2;2019-01-12 17:00:00;167.2;42.3;3.4;2.5;74573.9;5.2;11863.7;119.7;1328.5;16.2;3.3;11.2;704.7
2;2019-01-12 18:00:00;126.6;41.0;4.3;3.1;73961.1;6.6;15233.6;132.4;1609.9;10.3;8.0;10.6;691.9
2;2019-01-12 19:00:00;78.5;31.1;3.3;1.9;67648.0;5.4;14646.1;100.2;630.0;12.8;0.5;9.5;885.7
2;2019-01-12 20:00:00;151.7;42.8;4.2;2.7;75624.4;7.2;16205.7;163.7;2526.0;13.2;4.9;12.3;481.8
2;2019-01-12 21:00:00;163.2;44.8;7.2;2.9;75052.3;6.0;17981.7;129.5;1524.1;14.5;4.7;12.8;829.4
2;2019-01-12 22:00:00;161.5;46.2;6.3;2.7;61546.1;6.2;20156.7;149.2;1988.7;12.6;5.0;12.6;646.3
2;2019-01-12 23:00:00;229.5;47.1;6.1;2.4;46912.0;12.5;19525.6;245.1;3196.1;23.4;8.4;13.0;758.9
2;2019-01-13 00:00:00;270.3;55.9;7.1;3.2;99174.7;24.1;17128.0;318.3;11676.7;24.9;29.4;13.4;770.8
2;2019-01-13 01:00:00;326.3;74.6;10.4;8.8;100899.3;25.3;15220.2;433.5;86200.2;2.3;26.6;14.6;577.1
2;2019-01-13 02:00:00;167.3;47.4;12.6;2.7;77914.9;15.6;13361.9;226.7;9101.4;3.2;2.6;11.6;780.1
2;2019-01-13 03:00:00;310.9;42.7;19.4;3.0;87803.6;16.2;11495.1;306.9;1640.2;8.5;8.7;10.3;493.1
2;2019-01-13 04:00:00;146.1;47.9;8.9;6.4;107571.0;11.0;12607.0;165.9;2159.5;6.8;4.9;16.1;860.9
2;2019-01-13 05:00:00;109.2;34.1;4.8;2.0;47908.2;6.5;15906.0;130.8;2632.2;6.3;1.7;9.0;763.3
2;2019-01-13 06:00:00;326.1;89.8;8.0;7.2;102883.1;11.6;14660.2;271.6;1935.1;21.2;7.5;17.3;600.8
2;2019-01-13 07:00:00;663.9;93.6;5.5;8.1;86826.7;9.8;10886.7;220.5;713.0;25.4;0.0;17.9;505.8
2;2019-01-13 08:00:00;261.4;72.4;6.2;3.6;70369.8;10.5;13353.8;226.4;23886.9;20.8;0.0;16.2;453.1
2;2019-01-13 09:00:00;195.5;64.0;10.5;3.2;62103.7;7.3;13892.1;154.1;7586.9;19.7;0.0;15.8;511.0
2;2019-01-13 10:00:00;154.1;55.8;8.2;2.5;45553.0;6.1;14613.5;146.8;1223.5;22.9;0.0;13.6;411.5
2;2019-01-13 11:00:00;106.7;43.3;4.4;1.9;36888.4;4.0;16931.8;75.7;2021.3;10.6;0.0;9.7;506.7
2;2019-01-13 12:00:00;117.4;39.0;6.9;2.2;20466.5;3.0;15526.8;40.1;1089.5;17.7;0.0;9.7;510.8
2;2019-01-13 13:00:00;115.0;38.2;2.2;1.9;24547.4;3.3;13836.4;56.4;1255.4;11.2;0.0;9.7;467.7
2;2019-01-13 14:00:00;126.1;40.9;4.1;3.0;26107.1;4.1;15865.7;69.2;2129.6;10.3;0.0;10.2;533.3
2;2019-01-13 15:00:00;83.9;39.6;2.6;2.8;26240.7;4.2;16640.2;69.2;2215.5;7.3;0.0;9.8;498.0
2;2019-01-13 16:00:00;195.5;56.9;3.3;2.7;74458.8;6.0;17137.8;123.7;2399.3;8.0;0.0;12.0;672.2
2;2019-01-13 17:00:00;272.8;63.7;3.6;2.8;79203.7;7.2;17095.2;149.6;1992.8;8.0;1.3;11.2;877.2
2;2019-01-13 18:00:00;160.1;69.2;6.3;3.5;74715.9;6.9;15332.4;150.1;1863.8;6.4;0.4;13.4;609.3
2;2019-01-13 19:00:00;153.0;58.5;3.2;3.0;99201.8;8.2;16862.5;165.2;2341.4;9.9;0.7;12.0;745.1
2;2019-01-13 20:00:00;254.9;58.4;7.6;3.2;79121.6;13.7;18194.2;373.6;2107.7;11.3;28.0;14.7;586.4
2;2019-01-13 21:00:00;209.4;65.8;17.4;2.8;46226.0;9.9;14243.5;238.0;1452.0;13.1;9.0;18.3;386.8
2;2019-01-13 22:00:00;178.6;63.0;15.6;4.1;30431.0;9.7;17229.6;233.5;2239.5;11.1;1.2;18.7;454.2
2;2019-01-13 23:00:00;212.7;65.1;17.5;3.0;26547.9;7.3;15936.5;178.0;1347.9;20.8;0.7;19.6;420.9
2;2019-01-14 00:00:00;416.5;82.6;22.4;7.0;28826.3;23.5;15246.2;304.8;4878.6;41.1;20.9;23.8;447.3
2;2019-01-14 01:00:00;484.8;89.7;16.1;14.4;43298.4;28.8;19280.2;501.3;73847.2;41.9;18.4;21.0;309.1
2;2019-01-14 02:00:00;371.5;63.0;14.0;3.4;14411.3;14.8;374.2;204.2;29520.9;25.8;2.1;16.7;142.3
2;2019-01-14 03:00:00;269.9;62.2;6.7;3.4;21777.8;8.5;276.8;129.2;2170.4;32.0;9.9;17.4;162.8
2;2019-01-14 04:00:00;240.3;64.3;9.4;8.7;40851.3;7.9;7260.6;114.1;2225.4;26.6;3.6;22.0;378.3
2;2019-01-14 05:00:00;217.8;43.8;15.5;3.0;13161.3;6.1;266.2;135.0;1745.8;24.6;0.5;12.6;137.7
2;2019-01-14 06:00:00;356.5;76.5;5.8;4.4;106818.9;12.8;278.8;298.0;3592.8;22.8;6.9;15.6;453.2
2;2019-01-14 07:00:00;683.1;84.1;5.4;9.5;72671.6;12.8;318.8;308.2;2148.5;37.3;3.8;15.9;451.6
2;2019-01-14 08:00:00;422.9;75.7;9.0;4.8;74572.1;11.0;283.7;276.8;17679.7;43.3;0.8;17.5;344.3
2;2019-01-14 09:00:00;392.8;70.3;10.9;4.0;54132.4;7.0;306.6;191.7;6865.7;70.9;0.9;19.3;349.4
2;2019-01-14 10:00:00;383.1;68.7;12.6;5.7;39934.4;6.3;255.7;178.0;1472.3;76.4;0.1;21.6;376.7
2;2019-01-14 11:00:00;415.5;51.4;9.5;4.0;38378.1;6.1;252.4;153.5;596.6;62.4;0.0;17.1;321.0
2;2019-01-14 12:00:00;242.6;45.5;7.7;3.8;36971.9;5.7;276.1;147.0;8316.5;56.7;0.0;15.5;294.2
2;2019-01-14 13:00:00;370.3;48.3;6.4;4.1;15854.3;4.4;331.5;89.1;1329.0;71.4;0.3;15.1;334.0
2;2019-01-14 14:00:00;299.3;39.3;7.0;4.3;16896.3;4.4;273.9;65.4;1000.8;53.3;0.0;14.2;262.6
2;2019-01-14 15:00:00;264.3;46.6;7.1;3.2;16567.8;5.2;205.7;78.0;951.0;59.3;0.0;15.2;304.5
2;2019-01-14 16:00:00;311.1;67.9;7.8;5.5;54972.5;9.9;360.4;226.0;2117.2;69.4;10.9;19.9;1006.1
2;2019-01-14 17:00:00;292.5;59.8;7.6;3.9;52039.3;6.3;413.7;127.6;1033.0;79.4;0.5;17.3;540.3
2;2019-01-14 18:00:00;320.5;58.0;5.9;3.9;49489.7;7.0;386.3;132.6;1053.9;75.8;0.0;17.2;420.7
2;2019-01-14 19:00:00;310.7;58.1;7.7;4.1;48049.7;9.0;455.9;189.1;1339.2;78.1;5.1;16.9;367.9
2;2019-01-14 20:00:00;331.7;50.6;7.7;4.2;38012.5;10.6;492.7;256.1;2329.8;60.9;0.4;16.6;308.5
2;2019-01-14 21:00:00;271.2;46.3;13.8;4.8;40881.1;9.6;539.3;213.7;981.9;56.0;0.0;18.6;261.2
2;2019-01-14 22:00:00;321.2;59.3;9.7;3.8;49571.0;9.5;275.9;232.7;2366.1;46.1;0.8;19.5;227.8
2;2019-01-14 23:00:00;493.0;75.8;10.9;6.0;73870.4;16.5;279.3;353.5;2160.5;20.5;22.0;19.4;614.1
2;2019-01-15 00:00:00;494.4;86.8;32.9;19.9;60823.5;30.7;268.6;459.7;11269.4;46.6;52.0;23.9;488.2
2;2019-01-15 01:00:00;487.7;95.8;13.5;34.1;73957.6;28.6;318.3;621.0;52637.8;38.1;29.9;22.7;433.4
2;2019-01-15 02:00:00;465.1;96.4;12.4;20.8;54196.1;22.9;309.1;476.0;42628.6;28.9;8.6;22.3;268.0
2;2019-01-15 03:00:00;287.7;70.4;11.1;5.0;40462.6;13.2;213.0;231.7;2064.0;32.3;10.0;20.7;183.3
2;2019-01-15 04:00:00;331.5;63.7;29.3;8.1;56845.4;11.4;229.0;247.6;1680.1;22.5;2.6;22.1;337.9
2;2019-01-15 05:00:00;279.9;62.9;8.8;3.3;54078.1;10.9;221.4;239.3;4836.0;21.6;2.7;16.4;332.8
2;2019-01-15 06:00:00;399.2;83.3;9.1;7.7;101434.7;16.7;232.6;399.1;2581.0;19.9;8.2;20.2;435.3
2;2019-01-15 07:00:00;772.4;88.8;15.9;9.3;86000.7;12.9;229.7;335.5;7254.0;27.7;3.9;18.8;407.3
2;2019-01-15 08:00:00;432.5;84.2;11.3;7.8;64966.0;15.4;214.7;357.1;17832.8;60.3;1.0;23.5;358.9
2;2019-01-15 09:00:00;407.3;86.0;12.0;7.9;46579.9;9.5;218.8;258.3;17130.8;64.5;0.2;23.9;418.8
2;2019-01-15 10:00:00;407.3;68.1;13.2;5.5;41455.0;8.8;252.2;205.1;1430.4;67.4;0.0;22.4;336.0
2;2019-01-17 00:00:00;501.3;84.7;29.9;15.3;74648.0;30.8;282.9;492.6;11496.8;41.2;42.1;18.6;650.7
2;2019-01-17 01:00:00;540.4;97.5;15.5;25.6;88998.8;33.1;367.9;642.1;63372.1;25.5;28.8;18.1;461.0
2;2019-01-17 02:00:00;467.5;96.4;17.8;18.3;77470.7;28.0;295.9;522.3;46210.4;32.4;9.8;17.5;235.7
2;2019-01-17 03:00:00;298.8;65.5;5.0;1.1;33291.9;17.0;206.0;315.7;4796.4;28.9;13.8;13.2;227.5
2;2019-01-17 04:00:00;217.6;47.3;11.6;0.6;65453.3;9.4;289.4;146.2;2671.2;24.5;0.2;8.4;499.5
2;2019-01-17 05:00:00;201.8;54.8;8.1;0.7;86711.2;10.9;184.6;180.7;2534.5;32.4;2.8;10.3;561.0
2;2019-01-17 06:00:00;249.9;34.6;3.6;0.6;27499.6;8.7;168.9;163.3;1590.4;25.7;0.3;8.0;203.4
2;2019-01-17 07:00:00;247.2;28.1;4.9;0.6;39147.0;4.6;185.2;88.7;1841.3;31.0;0.0;8.1;378.1
2;2019-01-17 08:00:00;342.6;71.8;8.2;1.2;100064.8;10.1;207.2;242.1;1767.9;45.7;4.8;15.4;569.6
2;2019-01-17 09:00:00;426.7;84.0;13.6;6.9;94082.2;13.4;189.6;329.6;27440.5;56.8;2.8;17.1;358.0
2;2019-01-17 10:00:00;665.1;78.5;9.6;3.5;73036.2;12.3;184.1;309.3;2010.8;57.0;0.7;17.6;525.9
2;2019-01-17 11:00:00;375.9;57.7;9.0;0.9;52241.8;9.6;174.1;233.2;1106.8;63.0;0.0;13.0;419.5
2;2019-01-17 12:00:00;334.0;46.6;7.6;0.9;32013.4;7.5;175.3;163.6;886.1;68.6;0.0;11.4;334.2
2;2019-01-17 13:00:00;339.2;50.3;16.7;0.9;52288.4;8.1;144.3;186.7;922.7;64.5;0.0;11.8;354.0
2;2019-01-17 14:00:00;294.5;49.8;16.8;1.0;39412.4;10.7;241.1;284.3;3046.7;62.8;1.1;13.3;583.5
2;2019-01-17 15:00:00;354.2;45.9;14.6;1.0;36627.4;7.8;200.2;179.2;1562.9;73.9;0.8;12.5;400.1
2;2019-01-17 16:00:00;386.3;73.3;20.0;1.5;72694.5;10.3;183.0;263.5;1845.1;75.9;2.3;16.6;587.2
2;2019-01-17 17:00:00;367.5;68.0;16.0;1.2;73707.4;9.4;157.9;245.1;1085.9;86.0;0.2;15.8;622.1
2;2019-01-17 18:00:00;274.5;61.3;9.0;1.0;71613.9;7.9;152.9;209.6;1664.0;79.7;0.5;14.1;594.7
2;2019-01-17 19:00:00;384.4;59.2;7.3;1.0;74147.1;11.2;158.9;263.0;2092.4;60.2;7.6;13.1;508.8
2;2019-01-17 20:00:00;289.5;49.0;12.4;0.9;84724.9;15.1;187.9;416.2;1775.8;47.1;3.2;13.7;499.2
2;2019-01-17 21:00:00;262.5;49.3;22.1;1.1;70883.8;12.1;137.2;331.4;1700.7;29.0;1.6;15.7;307.5
2;2019-01-17 22:00:00;258.9;49.3;18.7;0.9;49032.5;12.8;183.1;323.1;3056.8;11.5;0.3;13.6;119.7
2;2019-01-17 23:00:00;233.0;53.9;17.4;1.0;27721.6;12.7;173.4;305.4;1565.9;16.0;1.3;14.7;153.8
2;2019-01-18 00:00:00;485.6;79.3;23.3;4.8;60580.4;28.9;231.7;428.6;10260.0;49.8;21.8;17.2;444.3
2;2019-01-18 01:00:00;397.5;90.4;19.6;5.6;63216.8;28.2;250.0;517.9;74906.7;33.6;9.8;17.4;287.7
2;2019-01-18 02:00:00;261.3;73.8;7.0;1.2;27439.5;16.9;269.2;287.1;22974.4;31.8;0.1;14.3;211.6
2;2019-01-18 03:00:00;238.0;51.3;20.5;0.8;23544.9;13.2;214.7;247.0;1901.7;27.3;8.1;11.7;144.2
2;2019-01-18 04:00:00;205.1;48.8;5.1;0.8;59201.1;11.2;5117.4;194.4;812.9;23.8;0.0;10.7;487.6
2;2019-01-18 05:00:00;246.2;33.6;8.1;0.7;67996.6;7.7;6096.1;160.8;2512.3;22.0;0.1;9.3;454.9
2;2019-01-18 06:00:00;229.4;28.7;8.3;0.7;22061.5;7.8;222.2;172.2;2470.6;24.2;0.4;9.1;173.7
2;2019-01-18 07:00:00;226.4;30.3;5.9;0.6;31134.4;5.7;169.5;123.5;1408.6;33.4;0.0;8.2;333.1
2;2019-01-18 08:00:00;312.6;39.2;7.3;0.7;60846.5;6.5;144.0;145.0;16419.9;47.9;0.0;10.2;376.8
2;2019-01-18 09:00:00;386.8;49.2;9.5;0.9;23494.2;6.7;158.1;192.0;1546.0;59.4;0.1;12.7;313.3
2;2019-01-18 10:00:00;293.9;40.2;8.5;0.8;37553.8;6.6;144.9;153.5;2816.3;61.7;0.6;10.8;402.8
2;2019-01-18 11:00:00;348.5;45.5;11.0;0.8;54343.7;5.1;83.9;116.5;1178.2;66.5;0.4;10.8;411.4
2;2019-01-18 12:00:00;344.0;41.5;5.7;0.8;22030.3;7.2;146.6;144.5;1529.9;71.3;0.0;11.1;354.9
2;2019-01-18 13:00:00;298.7;42.5;6.7;0.8;19123.3;5.9;115.5;105.9;2537.5;67.7;0.1;10.7;343.8
2;2019-01-18 14:00:00;243.3;29.6;5.3;0.7;13384.7;3.2;72.5;49.4;433.5;63.7;0.0;8.8;312.9
2;2019-01-18 15:00:00;204.6;30.0;12.5;0.7;13399.1;4.8;163.7;82.3;1292.3;51.3;0.0;8.6;245.1
2;2019-01-18 16:00:00;264.0;45.1;21.5;0.8;75033.1;7.9;128.2;159.2;1203.8;52.7;0.7;10.9;516.8
2;2019-01-18 17:00:00;246.7;57.0;11.2;0.8;76409.5;9.4;164.0;170.3;1583.9;53.8;3.0;12.1;471.8
2;2019-01-18 18:00:00;175.1;37.8;8.0;0.7;60372.3;8.8;192.0;173.7;957.6;45.5;0.1;9.6;553.8
2;2019-01-18 19:00:00;173.8;35.2;10.0;0.7;47125.0;9.4;176.0;174.9;9217.2;38.1;1.4;9.1;483.9
2;2019-01-18 20:00:00;182.7;45.0;22.5;1.2;21388.2;11.3;164.2;263.4;3176.8;25.1;1.4;16.6;212.9
2;2019-01-18 21:00:00;170.4;45.7;23.0;1.1;34186.0;9.4;102.8;241.8;1388.5;26.7;1.0;15.9;225.9
2;2019-01-18 22:00:00;162.7;45.4;17.2;0.9;23549.7;11.0;72.0;285.6;1170.5;15.0;0.3;12.9;111.9
2;2019-01-18 23:00:00;281.6;53.1;17.3;1.1;36570.4;10.9;85.0;311.1;1586.3;30.0;10.7;15.1;158.3
2;2019-01-19 00:00:00;229.3;53.4;11.8;0.7;33567.1;17.6;179.1;295.8;12878.1;33.3;9.3;11.5;186.4
2;2019-01-19 01:00:00;292.7;51.1;15.8;0.8;56015.8;19.8;171.9;324.1;2970.3;22.3;6.1;11.0;152.2
2;2019-01-19 02:00:00;172.0;38.0;9.0;0.6;20908.8;13.9;186.4;247.6;3637.5;7.0;0.6;8.2;84.4
2;2019-01-19 03:00:00;154.4;24.6;6.5;0.4;18612.9;9.6;184.5;192.0;4212.7;9.4;8.5;5.3;118.1
2;2019-01-19 04:00:00;932.7;20.5;4.8;0.4;51875.5;7.6;76.0;118.1;2587.3;7.6;0.8;4.7;505.6
2;2019-01-19 05:00:00;120.9;13.6;15.4;0.3;50279.4;7.1;116.8;128.8;1718.0;7.1;0.4;3.6;134.9
2;2019-01-19 06:00:00;100.0;24.8;3.2;0.4;15530.3;4.6;238.2;88.7;1966.0;7.3;0.0;4.5;90.4
2;2019-01-19 07:00:00;130.2;24.1;2.2;0.4;12672.3;4.6;286.6;84.8;1482.0;9.9;0.0;4.3;94.2
2;2019-01-19 08:00:00;158.7;30.4;3.1;0.4;13521.8;4.5;299.7;104.1;19230.6;15.3;0.0;5.5;93.3
2;2019-01-19 09:00:00;157.5;32.1;5.2;0.5;12191.2;4.9;263.9;91.8;18692.1;25.6;0.2;6.6;152.0
2;2019-01-19 10:00:00;118.5;31.0;4.2;0.5;13088.4;3.8;422.3;72.2;1038.2;27.7;0.1;5.9;151.5
2;2019-01-19 11:00:00;163.3;29.1;4.7;0.5;18387.4;2.8;449.0;40.0;1825.4;26.4;0.0;6.7;157.9
2;2019-01-19 12:00:00;227.8;48.0;5.5;0.8;15662.0;3.7;286.5;61.6;7334.6;43.4;0.5;12.8;215.5
2;2019-01-19 13:00:00;239.7;56.5;7.3;0.9;25366.7;4.8;228.7;93.6;9385.5;56.0;0.0;14.2;445.6
2;2019-01-19 14:00:00;223.4;49.2;4.2;0.8;23642.6;3.7;362.6;81.7;1598.1;40.9;0.2;12.6;466.6
2;2019-01-19 15:00:00;228.3;54.3;4.2;0.9;20624.6;3.0;213.0;51.2;167.7;48.2;0.0;14.3;478.9
2;2019-01-19 16:00:00;241.8;76.6;6.5;1.1;70435.6;9.9;235.5;287.9;1053.2;60.2;0.6;18.0;647.4
2;2019-01-19 17:00:00;193.9;69.4;5.8;1.0;73746.9;12.8;208.3;369.8;839.2;68.3;0.1;17.2;602.6
2;2019-01-19 18:00:00;158.1;64.0;3.9;0.9;72774.0;10.2;237.5;277.6;1235.8;67.1;0.4;14.9;551.2
2;2019-01-19 19:00:00;157.7;55.8;3.5;0.9;31703.0;5.4;304.3;124.8;1557.6;54.9;0.2;14.0;513.7
2;2019-01-19 20:00:00;279.2;76.2;16.5;1.6;62355.8;11.0;395.8;324.6;1809.9;32.8;11.5;22.0;463.0
2;2019-01-19 21:00:00;244.7;69.3;22.0;1.2;58242.1;10.5;217.8;282.6;1415.6;28.5;2.5;20.1;413.6
2;2019-01-19 22:00:00;259.5;63.0;16.0;1.0;37079.2;10.3;228.7;289.0;1743.0;19.9;0.9;18.9;302.2
2;2019-01-19 23:00:00;217.7;61.6;17.1;1.1;30002.4;8.5;226.1;239.1;797.3;30.4;0.0;19.3;431.6
2;2019-01-20 00:00:00;221.4;51.5;16.7;0.9;30510.9;19.6;241.7;262.6;7509.7;26.0;26.2;15.4;395.6
2;2019-01-20 01:00:00;287.6;88.9;9.4;5.5;54393.3;22.9;302.2;478.5;69358.1;25.4;15.1;17.7;373.0
2;2019-01-20 02:00:00;227.2;71.6;9.2;1.1;31739.3;15.5;265.8;270.0;34865.7;35.5;0.0;18.9;426.8
2;2019-01-20 03:00:00;219.8;56.6;15.8;0.9;30652.6;7.1;256.7;140.9;1123.8;31.8;0.1;15.0;465.1
2;2019-01-20 04:00:00;166.4;53.7;1.7;0.6;63867.2;6.0;232.8;107.2;1506.9;14.8;2.4;10.9;669.0
2;2019-01-20 05:00:00;101.5;37.8;2.0;0.4;65314.7;5.4;263.6;106.2;897.4;11.6;0.0;8.0;495.6
2;2019-01-20 06:00:00;272.4;71.7;4.3;0.9;97499.0;13.0;225.9;303.5;2203.5;14.2;5.0;13.4;658.9
2;2019-01-20 07:00:00;341.8;72.1;4.3;0.6;73989.1;12.1;243.1;291.7;1181.8;23.9;0.0;12.5;524.3
2;2019-01-20 08:00:00;164.0;44.9;5.0;0.5;65783.1;8.4;232.9;197.3;16965.4;22.3;0.0;9.3;463.7
2;2019-01-20 09:00:00;138.0;40.1;4.3;0.5;42873.7;5.7;212.8;134.3;22610.3;18.4;0.0;9.3;419.8
2;2019-01-20 10:00:00;142.4;49.2;8.0;0.6;44373.6;5.8;244.9;154.1;1787.5;12.3;0.0;10.7;397.4
2;2019-01-20 11:00:00;148.0;47.8;7.1;0.5;37189.3;4.5;274.8;104.7;2145.2;13.5;0.0;9.8;415.2
2;2019-01-20 12:00:00;284.1;50.1;2.9;0.5;36569.0;5.2;303.3;130.4;7011.3;18.1;0.0;10.3;466.5
2;2019-01-20 13:00:00;187.0;40.4;2.0;0.5;24548.1;3.3;297.9;59.9;1880.3;10.6;0.0;9.1;385.5
2;2019-01-20 14:00:00;120.0;35.1;2.0;0.4;20493.9;3.0;236.0;42.1;1177.9;10.7;0.0;8.1;380.4
2;2019-01-20 15:00:00;133.1;32.9;1.5;0.4;20844.9;4.0;213.9;45.1;2043.3;9.7;0.0;7.2;470.2
2;2019-01-20 16:00:00;138.5;42.5;1.7;0.5;61481.9;4.9;342.7;83.5;2314.1;9.7;0.0;8.5;494.6
2;2019-01-20 17:00:00;148.3;46.7;2.4;0.5;64282.6;5.6;342.8;107.3;1598.7;10.8;0.9;9.1;442.2
2;2019-01-20 18:00:00;249.3;44.0;3.3;0.5;65045.7;6.6;330.0;132.4;1938.0;11.4;0.8;8.6;557.0
2;2019-01-20 19:00:00;164.8;49.4;2.4;0.5;87190.0;5.0;370.3;119.8;2369.5;20.7;2.8;9.4;680.9
2;2019-01-20 20:00:00;233.0;62.7;17.3;1.0;74045.4;10.9;333.2;290.6;1106.7;20.2;5.9;17.5;391.5
2;2019-01-20 21:00:00;179.6;61.2;23.1;1.1;56441.2;7.7;243.6;215.8;937.6;19.6;0.2;17.1;548.7
2;2019-01-20 22:00:00;267.6;70.9;17.3;1.2;70096.0;11.0;263.6;289.5;2133.7;18.5;17.0;19.8;504.0
2;2019-01-20 23:00:00;305.7;76.2;16.3;1.8;64276.1;9.9;272.5;281.7;1170.3;26.2;6.1;20.8;472.5
2;2019-01-21 00:00:00;387.3;78.0;25.4;5.8;59893.8;20.1;290.1;291.3;13980.2;48.3;30.3;21.3;427.7
2;2019-01-21 01:00:00;485.8;95.8;14.1;27.9;76434.5;21.7;305.8;452.3;51782.3;39.5;16.8;19.8;506.6
2;2019-01-21 02:00:00;399.0;84.5;13.1;4.5;29437.2;15.2;287.8;261.2;50448.4;33.1;9.7;19.2;372.0
2;2019-01-21 03:00:00;272.6;66.0;13.3;1.1;15236.5;5.8;264.3;134.2;1441.4;34.5;2.5;17.4;185.5
2;2019-01-21 04:00:00;284.4;56.4;11.9;0.9;35420.6;7.0;275.7;120.3;2444.9;30.4;1.5;15.2;313.2
2;2019-01-21 05:00:00;193.3;42.1;10.2;0.8;16923.3;4.2;246.3;69.4;1399.3;25.1;0.5;12.6;135.9
2;2019-01-21 06:00:00;409.3;78.4;5.3;1.7;94117.7;11.2;227.5;275.0;2382.6;22.9;5.5;15.9;486.6
2;2019-01-21 07:00:00;447.8;82.1;6.1;3.9;73892.6;12.9;236.9;326.4;1723.6;36.1;2.7;15.6;452.9
2;2019-01-21 08:00:00;381.8;64.5;7.0;1.1;44384.8;12.2;228.4;273.7;17779.1;52.3;0.2;15.3;352.2
2;2019-01-21 09:00:00;346.4;55.8;9.3;0.9;25621.9;6.0;268.1;147.2;22739.6;55.9;0.3;14.6;337.8
2;2019-01-21 10:00:00;380.2;55.3;10.0;1.0;28158.2;5.4;253.0;125.6;1546.1;60.1;0.0;14.7;377.1
2;2019-01-21 11:00:00;343.6;46.5;9.2;0.9;25686.5;6.6;277.5;149.0;16955.0;65.1;0.0;12.5;296.2
2;2019-01-21 12:00:00;393.3;50.1;7.4;1.0;30455.5;6.0;237.4;135.8;6607.4;63.6;0.1;13.7;299.0
2;2019-01-21 13:00:00;315.1;54.3;9.4;1.0;29365.2;6.2;260.5;175.4;1754.0;65.5;0.1;15.3;318.3
2;2019-01-21 14:00:00;354.9;52.2;10.0;1.0;31673.0;5.4;231.1;157.3;909.7;71.6;0.1;14.3;371.9
2;2019-01-21 15:00:00;365.9;50.0;11.6;1.1;23881.5;5.6;279.8;159.1;2034.6;71.3;0.3;14.8;372.7
2;2019-01-21 16:00:00;290.6;57.6;10.0;1.1;75589.9;12.9;255.4;398.4;1703.3;84.0;0.2;15.3;550.1
2;2019-01-21 17:00:00;347.8;47.3;7.5;0.9;70077.4;14.0;263.4;418.9;815.4;99.6;0.1;12.2;553.2
2;2019-01-21 18:00:00;309.7;37.8;7.5;0.8;61370.5;5.6;242.6;171.9;862.7;70.4;0.0;10.3;432.6
2;2019-01-21 19:00:00;270.8;43.1;6.3;0.9;67193.3;7.5;247.2;193.8;531.1;64.8;0.0;12.0;588.5
2;2019-01-21 20:00:00;346.0;53.0;9.6;1.0;71331.0;13.5;329.3;359.8;2008.2;59.9;4.1;15.0;563.7
2;2019-01-21 21:00:00;290.3;49.2;17.0;1.0;68944.2;10.5;296.6;285.7;2189.7;48.0;2.2;15.1;227.1
2;2019-01-21 22:00:00;321.1;50.9;9.8;0.8;32011.2;11.0;291.6;301.6;2577.9;32.8;0.5;13.5;212.3
2;2019-01-21 23:00:00;250.8;49.6;10.1;1.0;29000.6;10.0;230.7;274.9;752.4;33.4;0.0;14.5;167.7
2;2019-01-22 00:00:00;450.1;64.0;18.1;1.4;28056.7;24.0;241.0;358.5;6282.5;45.0;23.8;17.4;198.7
2;2019-01-22 01:00:00;448.2;87.1;14.2;11.3;57659.8;28.6;394.8;551.8;63967.1;30.5;18.1;18.5;208.6
2;2019-01-22 02:00:00;304.9;66.0;8.0;1.1;28211.6;17.9;271.0;324.4;33592.8;35.2;0.7;15.9;183.9
2;2019-01-22 03:00:00;260.8;55.1;23.2;0.9;30842.7;14.6;235.6;313.0;1141.7;29.6;0.0;13.4;178.1
2;2019-01-22 04:00:00;196.4;53.6;10.6;0.8;79697.1;12.0;263.3;248.8;1385.1;23.0;0.0;12.1;572.1
2;2019-01-22 05:00:00;265.2;41.3;13.0;0.9;81175.5;13.0;312.1;290.3;2321.5;31.2;0.4;12.7;576.9
2;2019-01-22 06:00:00;272.7;32.9;12.6;0.8;19490.0;10.9;348.7;213.0;1800.5;33.5;0.2;11.4;198.2
2;2019-01-22 07:00:00;211.1;31.8;7.6;0.7;24233.1;9.1;280.3;179.8;864.8;42.3;0.0;9.9;355.5
2;2019-01-22 08:00:00;513.3;86.3;16.4;26.6;93015.7;25.5;256.9;672.1;58993.8;55.9;51.3;20.0;491.4
2;2019-01-22 09:00:00;587.0;89.7;10.9;25.1;100309.0;20.0;218.8;516.2;25985.8;60.6;29.9;18.8;410.1
2;2019-01-22 10:00:00;552.0;89.0;12.7;8.0;75506.4;14.9;221.1;363.8;724.7;62.0;1.4;19.6;488.6
2;2019-01-22 11:00:00;442.7;63.5;13.0;1.1;63101.4;12.6;245.5;298.6;1630.8;65.1;0.1;15.8;430.5
2;2019-01-22 12:00:00;400.2;62.8;21.7;1.1;62760.8;10.7;243.0;260.8;9045.1;59.5;0.1;15.5;435.4
2;2019-01-22 13:00:00;339.8;54.1;10.6;1.0;60294.3;9.7;240.7;228.7;17746.4;58.7;0.0;13.6;382.1
2;2019-01-22 14:00:00;401.7;53.5;11.7;1.1;36921.6;8.8;258.5;205.3;744.0;56.6;0.0;15.2;281.9
2;2019-01-22 15:00:00;307.9;55.5;12.1;1.1;35220.2;8.7;284.5;193.3;2420.2;58.3;0.2;15.5;302.7
2;2019-01-22 16:00:00;378.6;65.6;12.3;2.0;67441.4;12.0;340.4;281.5;2505.9;61.5;8.8;16.8;386.4
2;2019-01-22 17:00:00;375.5;58.1;13.0;1.0;63764.1;9.1;400.6;197.8;893.8;59.2;0.1;17.3;404.0
2;2019-01-22 18:00:00;317.3;56.3;12.6;1.0;68782.2;9.6;268.7;191.1;2607.3;53.7;1.1;17.1;504.7
2;2019-01-22 19:00:00;268.5;51.2;9.0;0.9;74697.0;8.3;339.2;166.1;1979.1;60.1;3.9;14.9;357.1
2;2019-01-22 20:00:00;326.8;49.7;10.9;1.1;56524.1;15.6;307.5;401.8;6751.5;60.5;0.2;17.2;313.6
2;2019-01-22 21:00:00;272.9;59.5;23.7;1.3;31728.1;12.0;248.5;279.4;2717.8;33.3;3.9;21.2;186.7
2;2019-01-22 22:00:00;260.8;63.0;19.4;1.1;31519.3;10.6;226.6;232.9;2167.7;21.5;0.1;19.0;132.9
2;2019-01-22 23:00:00;336.4;69.7;18.6;1.4;60743.3;12.9;297.0;344.1;2915.8;24.2;10.0;20.1;214.5
2;2019-01-23 00:00:00;444.2;79.1;30.3;12.3;38753.1;27.9;233.5;418.8;9091.9;55.4;37.0;23.1;254.7
2;2019-01-23 01:00:00;501.0;93.3;17.1;20.9;56958.8;26.8;391.8;591.1;54181.8;33.3;22.2;21.1;245.6
2;2019-01-23 02:00:00;366.4;89.6;15.7;5.0;40094.1;16.5;333.8;313.6;42153.4;38.9;0.6;22.3;242.5
2;2019-01-23 03:00:00;407.5;72.3;13.8;1.5;37732.3;12.9;314.8;254.4;3050.7;34.9;8.8;18.4;179.1
2;2019-01-23 04:00:00;228.6;58.7;10.0;0.9;70608.8;6.8;223.5;125.0;1178.7;30.4;1.2;15.0;484.2
2;2019-01-23 05:00:00;254.1;50.6;7.7;0.7;70230.0;7.4;343.1;172.7;1947.0;19.9;0.1;11.9;471.2
2;2019-01-23 06:00:00;214.3;31.7;4.6;0.6;22326.2;5.3;253.7;118.6;666.2;25.4;0.0;7.9;155.5
2;2019-01-23 07:00:00;254.5;24.7;5.0;0.5;19054.1;6.1;241.7;145.1;1077.2;28.3;0.0;7.0;307.6
2;2019-01-23 08:00:00;221.0;28.5;5.5;0.7;24420.7;8.2;243.5;156.6;6308.8;44.9;0.0;8.1;272.4
2;2019-01-23 09:00:00;282.1;33.8;6.4;0.8;21024.4;4.3;249.9;87.4;2081.3;55.7;0.5;10.2;308.6
2;2019-01-23 10:00:00;317.3;61.1;6.6;2.8;46403.1;10.3;350.5;262.7;76966.4;57.5;14.4;13.4;310.2
2;2019-01-23 11:00:00;336.9;68.8;15.9;1.9;29054.4;8.6;327.5;220.3;58920.7;60.0;5.7;14.7;359.3
2;2019-01-23 12:00:00;294.8;33.8;10.6;0.8;18365.0;3.3;333.5;55.4;1854.9;59.5;0.0;10.1;329.4
2;2019-01-23 13:00:00;256.3;30.6;6.3;0.8;14439.9;3.4;220.6;63.4;261.2;59.1;0.0;9.8;309.7
2;2019-01-23 14:00:00;212.1;35.6;7.4;0.8;17223.3;2.8;245.2;59.5;866.2;60.0;0.0;10.6;351.7
2;2019-01-23 15:00:00;247.5;34.2;6.4;0.8;17688.2;5.5;255.1;104.1;1778.4;59.2;0.0;9.9;326.3
2;2019-01-23 16:00:00;411.7;80.8;8.2;12.9;66345.3;10.9;249.2;269.2;9753.6;61.6;5.9;17.3;561.3
2;2019-01-23 17:00:00;317.0;53.8;7.2;1.1;74340.7;10.3;306.7;228.7;2843.3;60.1;11.5;12.6;573.1
2;2019-01-23 18:00:00;398.2;52.6;6.2;0.8;70362.1;10.1;312.4;230.8;2150.2;55.8;13.3;11.4;670.4
2;2019-01-23 19:00:00;266.1;51.3;6.8;0.9;66972.9;7.6;341.5;152.6;2673.9;56.6;4.5;12.4;479.7
2;2019-01-23 20:00:00;318.4;51.0;18.4;1.1;68877.8;13.2;272.3;350.1;2336.8;47.6;7.4;15.9;254.2
2;2019-01-23 21:00:00;191.6;53.2;24.1;1.2;53267.1;10.1;236.5;250.8;1833.7;31.3;0.8;17.8;260.6
2;2019-01-23 22:00:00;237.7;54.8;17.3;1.0;53981.8;9.8;240.9;249.1;3488.4;15.1;2.4;15.6;154.1
2;2019-01-23 23:00:00;281.6;65.6;19.3;1.2;55244.6;10.4;240.2;256.2;1597.1;28.9;3.6;17.9;211.5
2;2019-01-24 00:00:00;368.0;61.9;29.2;1.7;26728.0;22.8;259.3;304.2;7701.8;46.8;21.5;17.5;232.3
2;2019-01-24 01:00:00;423.6;89.6;10.0;15.1;77746.7;25.9;345.5;500.1;51772.9;27.6;18.8;17.1;381.2
2;2019-01-24 02:00:00;347.5;81.8;6.3;4.5;31336.2;18.2;217.0;288.8;45529.8;30.5;11.7;16.0;254.5
2;2019-01-24 03:00:00;263.1;58.4;21.5;0.9;26048.4;11.9;321.5;183.4;1796.1;26.2;5.6;12.2;217.3
2;2019-01-24 04:00:00;230.3;40.3;6.3;0.6;42739.3;8.2;267.5;130.7;1332.7;20.2;0.1;8.8;368.8
2;2019-01-24 05:00:00;247.3;32.9;10.2;0.7;40620.7;6.1;284.6;122.3;3220.4;23.5;2.3;8.5;257.0
2;2019-01-24 06:00:00;216.0;19.5;9.8;0.6;13020.7;5.5;373.0;75.4;2808.3;19.2;0.9;6.8;128.4
2;2019-01-24 07:00:00;205.3;23.1;6.8;0.5;19821.3;4.2;299.3;78.1;1499.4;28.3;1.1;6.1;302.6
2;2019-01-24 08:00:00;261.6;36.5;7.5;0.8;19119.8;6.9;338.8;128.7;28842.6;43.5;0.2;10.2;265.4
2;2019-01-24 09:00:00;251.3;39.6;11.6;0.9;18373.3;7.4;239.3;129.3;11773.0;58.7;0.3;11.6;310.1
2;2019-01-24 10:00:00;298.4;39.7;7.7;0.8;20753.8;5.7;241.1;122.0;1920.8;59.3;0.1;10.5;435.1
2;2019-01-24 11:00:00;305.6;44.8;8.8;0.9;40873.8;4.6;246.7;102.3;1062.3;60.5;0.6;11.4;370.6
2;2019-01-24 12:00:00;311.7;37.3;7.8;0.8;37501.9;6.3;284.5;132.3;1641.9;60.2;0.5;10.2;393.4
2;2019-01-24 13:00:00;265.0;36.5;6.7;0.8;59258.6;5.6;284.3;123.6;1574.2;64.3;0.5;10.2;377.4
2;2019-01-24 14:00:00;309.1;43.4;7.9;0.9;74084.1;6.5;274.8;146.3;1809.1;64.3;1.3;11.4;413.2
2;2019-01-24 15:00:00;148.4;33.8;7.3;0.8;70396.6;4.3;167.6;113.2;519.4;60.8;0.0;10.1;316.7
2;2019-01-24 16:00:00;251.0;40.1;8.4;0.9;78119.2;8.1;226.2;190.7;1374.3;58.6;1.6;11.7;341.0
2;2019-01-24 17:00:00;491.4;35.2;13.6;0.8;74244.5;9.6;298.5;217.3;2006.4;55.6;0.3;9.8;429.0
2;2019-01-24 18:00:00;267.3;48.7;10.1;0.8;73950.4;11.6;559.6;240.1;2865.8;51.0;0.6;11.8;486.5
2;2019-01-24 19:00:00;235.2;43.3;16.2;0.9;68596.4;10.1;396.9;187.7;3151.7;53.3;1.3;11.4;371.4
2;2019-01-24 20:00:00;264.5;45.4;18.4;1.1;43773.1;13.0;461.6;314.3;2386.0;35.5;1.6;15.0;257.5
2;2019-01-24 21:00:00;254.2;38.5;20.4;1.0;39807.1;11.4;537.2;258.5;1527.9;26.1;0.1;13.9;169.0
2;2019-01-24 22:00:00;201.0;49.7;15.9;1.0;39287.7;10.3;266.7;253.9;2844.6;14.2;0.7;13.5;125.8
2;2019-01-24 23:00:00;337.9;54.1;16.8;1.0;72008.9;10.9;261.0;275.7;1149.9;16.6;2.1;14.9;232.8
2;2019-01-25 00:00:00;419.4;68.6;22.7;3.9;73946.5;27.1;311.3;400.1;19732.6;41.0;34.2;14.5;506.5
2;2019-01-25 01:00:00;509.0;94.5;12.7;27.4;73845.3;32.8;355.9;692.5;51636.6;31.8;20.0;17.6;577.8
2;2019-01-25 02:00:00;412.8;90.2;25.6;8.4;63786.7;24.4;255.0;475.4;41639.4;29.6;8.1;17.5;275.8
2;2019-01-25 03:00:00;371.9;74.0;12.7;1.5;55507.4;15.3;267.2;293.5;2812.9;26.2;9.7;15.9;255.3
2;2019-01-25 04:00:00;227.5;48.8;25.6;0.8;62436.2;11.5;248.4;198.8;1807.5;21.1;0.5;11.6;397.7
2;2019-01-25 05:00:00;261.1;47.7;11.9;0.9;58966.7;9.3;273.3;195.7;2957.2;29.3;0.6;12.9;350.2
2;2019-01-25 06:00:00;212.5;21.7;6.9;0.6;57638.4;8.0;242.2;159.0;1454.7;18.4;0.2;7.2;156.1
2;2019-01-25 07:00:00;272.8;27.2;4.5;0.5;57473.0;7.7;268.5;147.3;8709.4;27.1;0.0;6.9;361.4
2;2019-01-25 08:00:00;262.9;29.6;5.8;0.7;59758.9;8.5;264.3;132.8;33727.0;44.8;0.2;9.4;253.6
2;2019-01-25 09:00:00;366.9;43.8;7.1;0.9;64712.7;8.7;316.5;157.3;6142.0;123.2;6.8;13.3;565.2
2;2019-01-25 10:00:00;309.8;40.4;8.4;0.9;64688.1;7.0;344.4;122.0;3218.1;54.6;4.9;12.0;255.8
2;2019-01-25 11:00:00;284.2;48.2;8.1;0.9;62195.2;8.2;322.4;144.6;2045.6;64.1;2.3;12.7;986.6
2;2019-01-25 12:00:00;298.8;53.4;5.7;0.9;73803.0;8.9;307.0;150.7;2132.3;68.3;3.5;13.5;388.0
2;2019-01-25 13:00:00;345.1;49.9;6.1;0.9;73699.3;8.8;339.6;164.9;1886.2;57.9;2.1;13.2;325.1
2;2019-01-25 14:00:00;295.5;48.9;6.4;0.9;80773.8;7.5;254.2;153.2;616.5;60.7;6.4;13.3;337.4
2;2019-01-25 15:00:00;365.8;44.9;21.1;0.9;74479.3;10.0;306.2;155.1;1856.3;57.9;4.7;12.1;370.7
2;2019-01-25 16:00:00;344.3;45.7;11.8;0.9;80372.5;9.4;302.5;165.5;1338.7;59.4;3.6;13.5;361.0
2;2019-01-25 17:00:00;249.2;36.0;8.0;0.8;76135.7;8.6;232.5;129.7;356.4;59.2;0.0;10.9;352.1
2;2019-01-25 18:00:00;204.8;27.8;5.3;0.7;43204.8;5.4;321.0;67.2;1160.1;59.9;0.0;8.9;315.3
2;2019-01-25 19:00:00;194.4;33.3;4.7;0.8;43365.6;6.2;306.2;88.4;1717.6;49.3;0.0;10.0;314.9
2;2019-01-25 20:00:00;233.3;24.8;4.6;0.7;41881.9;5.0;221.7;58.8;2224.4;38.6;0.0;8.0;255.4
2;2019-01-25 21:00:00;125.2;19.0;7.1;0.5;42496.5;4.9;266.0;57.6;1421.7;19.4;0.0;6.8;157.0
2;2019-01-25 22:00:00;81.6;21.1;2.3;0.4;38195.0;3.9;212.4;35.2;312.0;17.9;0.0;6.0;111.1
2;2019-01-25 23:00:00;88.6;23.1;2.4;0.5;38006.7;3.0;220.4;8.0;38.6;18.9;0.0;5.6;94.8
2;2019-01-26 00:00:00;483.4;65.7;12.7;2.9;72053.4;29.7;321.3;422.9;9311.3;34.9;15.5;13.4;342.9
2;2019-01-26 01:00:00;444.0;74.4;17.0;2.1;82696.7;34.4;321.1;475.9;8376.5;50.0;15.4;15.3;358.5
2;2019-01-26 02:00:00;398.1;79.8;15.1;6.1;93065.6;28.5;328.5;503.8;7637.9;50.3;15.5;15.9;464.5
2;2019-01-26 03:00:00;426.1;71.8;34.2;3.8;94957.1;23.9;252.8;502.5;2895.6;29.3;23.4;14.0;341.4
2;2019-01-26 04:00:00;231.2;58.8;8.9;0.7;95742.2;17.8;3543.7;333.6;2069.5;12.9;9.4;10.4;613.6
2;2019-01-26 05:00:00;213.8;56.8;9.6;0.8;90875.0;15.0;7684.9;297.8;2494.9;19.1;9.8;11.5;396.9
2;2019-01-26 06:00:00;1067.2;82.2;8.8;7.4;112187.4;20.8;234.8;502.8;2123.4;11.7;19.6;13.5;410.6
2;2019-01-26 07:00:00;333.1;70.2;5.6;0.6;99735.4;16.8;223.5;401.8;1743.2;14.3;2.6;9.7;462.3
2;2019-01-26 08:00:00;421.5;62.2;6.3;0.6;82723.9;15.4;194.6;382.9;1470.8;18.9;0.1;9.4;375.8
2;2019-01-26 09:00:00;171.0;53.6;8.4;0.6;75313.8;11.2;452.1;291.7;6582.7;26.4;0.1;9.9;378.9
2;2019-01-26 10:00:00;236.9;53.2;7.4;0.7;73874.1;11.2;584.2;292.9;1827.9;30.0;0.0;10.1;276.5
2;2019-01-26 11:00:00;132.9;44.8;7.6;0.7;71028.7;10.3;471.5;276.9;1314.5;29.6;0.0;9.5;992.7
2;2019-01-26 12:00:00;152.5;37.5;4.5;0.6;50004.0;7.1;265.1;145.7;2003.3;27.5;0.0;7.7;768.9
2;2019-01-26 13:00:00;146.1;36.0;3.8;0.6;50059.0;6.3;194.8;114.4;1474.4;34.5;0.0;7.7;217.6
2;2019-01-26 14:00:00;160.9;36.7;3.6;0.7;44857.4;6.0;243.2;109.7;1176.9;50.5;0.0;8.4;290.2
2;2019-01-26 15:00:00;93.7;33.1;3.8;0.6;43142.0;6.5;236.3;122.4;1019.2;45.5;0.0;7.6;243.9
2;2019-01-26 16:00:00;149.3;31.3;2.8;0.5;65702.0;6.0;282.1;116.0;2007.9;32.5;0.0;6.5;276.8
2;2019-01-26 17:00:00;194.0;37.2;2.9;0.5;73757.2;6.4;230.1;131.6;1322.6;17.7;1.5;6.2;372.6
2;2019-01-26 18:00:00;106.1;40.3;3.4;0.5;74750.1;7.6;299.1;157.6;2697.2;11.5;1.6;6.5;344.8
2;2019-01-26 19:00:00;112.0;36.9;2.5;0.4;87929.6;6.1;231.2;125.6;1396.7;13.6;1.7;5.1;250.4
2;2019-01-26 20:00:00;191.2;50.6;15.5;0.9;103979.8;11.3;271.7;302.4;1226.5;19.2;11.3;14.0;328.7
2;2019-01-26 21:00:00;197.4;52.6;21.2;0.9;74438.3;9.7;233.0;222.4;1760.1;19.6;1.7;13.7;130.2
2;2019-01-26 22:00:00;180.7;53.5;16.7;1.0;73929.1;9.7;232.9;214.2;1996.7;18.7;5.1;14.6;332.6
2;2019-01-26 23:00:00;216.5;59.0;17.6;1.1;66505.2;10.1;226.3;232.0;1446.8;27.0;3.2;16.1;318.9
2;2019-01-27 00:00:00;248.7;49.2;17.4;1.0;62777.3;20.9;267.5;281.2;8439.5;27.9;28.2;12.8;141.9
2;2019-01-27 01:00:00;289.4;72.1;14.2;1.8;69505.0;25.2;388.9;463.9;83232.1;14.3;22.2;12.5;129.4
2;2019-01-27 02:00:00;195.4;50.1;8.8;0.6;40696.8;15.3;228.1;240.2;33046.0;4.7;9.6;9.2;61.9
2;2019-01-27 03:00:00;175.7;25.1;13.5;0.4;40685.3;10.0;229.6;168.0;1030.3;8.3;0.0;5.4;96.2
2;2019-01-27 04:00:00;86.7;28.3;1.7;0.4;77747.3;7.0;267.3;102.1;890.4;17.7;0.3;5.4;568.5
2;2019-01-27 05:00:00;70.3;11.7;2.6;0.3;80279.2;6.9;249.1;110.7;1542.5;22.7;0.0;3.3;141.7
2;2019-01-27 06:00:00;317.7;85.3;5.9;3.2;114268.2;11.1;327.0;257.7;2374.8;23.4;10.8;14.7;499.3
2;2019-01-27 07:00:00;548.0;83.7;4.5;1.0;74256.2;10.8;182.5;234.9;2558.9;23.4;0.0;14.0;366.9
2;2019-01-27 08:00:00;198.3;52.6;5.7;0.6;57811.4;9.3;139.1;211.6;6830.9;17.6;0.0;9.5;229.3
2;2019-01-27 09:00:00;141.2;39.0;8.1;0.5;52513.1;7.0;246.8;133.8;24721.4;20.9;0.0;7.0;165.9
2;2019-01-27 10:00:00;138.9;38.2;7.0;0.6;56115.0;6.2;127.0;128.8;2076.5;14.0;0.0;7.7;124.9
2;2019-01-27 11:00:00;118.7;31.7;2.6;0.4;47871.8;5.8;172.4;102.9;1606.2;7.8;0.0;5.0;132.4
2;2019-01-27 12:00:00;88.6;24.7;2.2;0.4;41850.8;4.0;198.3;41.2;1139.9;13.0;0.0;4.3;101.5
2;2019-01-27 13:00:00;93.1;25.7;1.4;0.4;45675.9;3.9;194.9;44.0;1802.7;11.9;0.0;4.6;110.1
2;2019-01-27 14:00:00;84.8;23.7;1.6;0.3;40404.8;3.7;147.7;45.7;1276.9;10.7;0.0;4.0;96.9
2;2019-01-27 15:00:00;94.2;21.1;1.5;0.3;43153.6;3.1;183.7;35.3;1304.0;6.3;0.0;3.5;68.4
2;2019-01-27 16:00:00;164.1;37.8;2.1;0.4;74706.5;6.1;176.3;110.1;2797.6;8.9;0.0;6.0;283.3
2;2019-01-27 17:00:00;235.2;43.1;4.9;0.5;70560.6;7.9;420.8;148.2;2720.9;7.5;2.7;7.1;402.5
2;2019-01-27 18:00:00;177.7;42.2;2.7;0.4;73723.1;6.9;236.1;127.6;2338.9;5.7;0.9;6.4;323.6
2;2019-01-27 19:00:00;143.6;40.1;2.3;0.4;89891.4;7.7;293.0;130.3;2527.1;9.7;2.7;5.8;483.6
2;2019-01-27 20:00:00;220.5;42.1;4.0;0.5;79699.5;10.3;300.2;199.2;1034.7;8.7;6.6;6.8;419.0
2;2019-01-27 21:00:00;200.7;37.9;6.4;0.5;67647.2;7.0;117.9;132.2;1572.1;15.1;4.6;7.3;371.4
2;2019-01-27 22:00:00;227.3;41.6;5.4;0.5;74229.3;7.9;150.6;155.8;3899.3;10.5;6.2;7.2;295.8
2;2019-01-27 23:00:00;188.4;51.3;8.6;0.7;64122.6;8.2;140.8;175.7;2038.1;25.1;3.3;10.6;226.1
2;2019-01-28 00:00:00;540.5;66.3;11.8;11.8;94392.9;31.0;92.9;442.3;10788.4;42.4;54.3;13.5;441.2
2;2019-01-28 01:00:00;458.0;87.8;11.6;17.7;94168.6;24.7;162.1;529.7;62675.0;22.5;38.4;15.6;383.0
2;2019-01-28 02:00:00;369.7;74.9;8.3;4.5;81213.3;15.1;162.0;258.1;40915.0;21.6;15.5;13.5;311.5
2;2019-01-28 03:00:00;307.5;61.7;16.7;0.9;79510.5;9.9;68.2;192.0;1505.9;29.0;11.1;11.8;499.0
2;2019-01-28 04:00:00;637.1;61.3;32.1;1.2;113737.4;13.6;109.0;276.5;3719.7;26.9;8.0;11.5;607.0
2;2019-01-28 05:00:00;283.0;52.6;3.7;0.7;88486.3;7.8;120.9;154.0;2457.4;23.1;6.4;9.4;320.0
2;2019-01-28 06:00:00;417.0;87.2;7.6;6.7;111582.7;13.6;43.1;328.4;2746.0;20.8;14.9;14.4;668.6
2;2019-01-28 07:00:00;860.7;94.9;7.2;13.3;92776.6;17.2;61.0;429.7;7729.9;28.0;8.9;13.8;426.5
2;2019-01-28 08:00:00;406.0;88.5;7.6;5.4;72415.2;16.1;34.0;335.8;7176.8;40.6;1.4;14.5;483.3
2;2019-01-28 09:00:00;358.2;70.3;11.3;1.2;70913.6;11.1;137.0;239.8;6727.5;46.1;1.4;13.7;315.3
2;2019-01-28 10:00:00;359.6;64.3;7.2;1.3;56331.6;9.5;149.9;204.6;1866.4;52.3;2.3;13.9;277.4
2;2019-01-28 11:00:00;443.5;69.8;12.9;3.7;59821.5;15.0;147.1;346.7;94012.7;50.5;5.6;14.8;271.1
2;2019-01-28 12:00:00;407.4;74.9;11.2;5.1;73941.4;13.6;132.1;366.3;82965.2;47.2;7.0;15.0;274.8
2;2019-01-28 13:00:00;314.2;54.2;8.6;0.9;57993.8;7.2;134.0;132.3;1382.8;47.8;2.1;12.6;229.4
2;2019-01-28 14:00:00;335.4;51.1;5.2;0.8;62975.1;6.4;82.0;119.2;4320.0;67.6;3.5;10.6;326.8
2;2019-01-28 15:00:00;1694.2;34.5;3.7;0.6;56030.5;6.6;394.7;93.3;2629.8;31.0;0.5;7.1;200.4
2;2019-01-28 16:00:00;1435.2;60.7;5.3;0.9;81628.6;8.0;506.4;115.7;2174.0;57.7;1.4;12.7;441.1
2;2019-01-28 17:00:00;295.8;48.4;5.2;0.9;78911.2;10.1;206.9;151.0;1021.6;50.6;0.6;11.6;548.3
2;2019-01-28 18:00:00;314.5;50.3;5.8;0.8;73845.5;9.5;301.0;125.6;1352.6;49.4;1.1;11.5;642.1
2;2019-01-28 19:00:00;279.6;51.2;6.1;0.7;77503.5;10.5;477.0;165.6;1693.1;42.6;4.5;10.1;319.5
2;2019-01-28 20:00:00;405.9;61.2;5.1;1.0;70076.4;16.3;404.9;340.0;6015.8;42.8;11.0;13.4;375.0
2;2019-01-28 21:00:00;239.2;55.8;10.5;0.9;73026.3;10.0;442.5;202.6;1951.6;46.0;4.0;11.6;358.8
2;2019-01-28 22:00:00;240.2;56.9;6.8;0.8;80477.2;9.3;384.4;192.9;2477.5;35.5;4.9;11.6;319.0
2;2019-01-28 23:00:00;347.9;49.0;8.1;1.0;71295.2;11.0;332.1;248.3;1562.1;50.2;5.9;13.1;462.5
2;2019-01-29 00:00:00;363.4;59.4;22.9;1.2;67611.7;23.2;363.0;254.4;2180.8;70.4;12.7;14.9;490.1
2;2019-01-29 01:00:00;475.9;71.4;19.8;4.9;98905.5;27.8;351.9;524.3;81609.2;44.9;13.2;16.8;457.5
2;2019-01-29 02:00:00;272.1;62.1;14.0;1.3;65050.2;13.0;357.2;217.8;38471.1;51.9;5.3;15.2;395.7
2;2019-01-29 03:00:00;338.0;47.1;31.0;0.9;50982.0;11.4;232.0;210.6;3075.2;45.7;14.0;11.8;270.5
2;2019-01-29 04:00:00;151.7;32.6;4.6;0.8;62943.6;8.3;319.2;108.1;1720.7;45.2;0.2;9.5;361.6
2;2019-01-29 05:00:00;179.9;37.3;6.4;0.7;59521.0;6.0;258.3;77.9;2103.2;21.3;1.4;8.7;247.7
2;2019-01-29 06:00:00;356.9;75.8;6.8;0.9;119649.0;12.2;255.3;275.4;2242.3;18.3;7.2;12.0;468.9
2;2019-01-29 07:00:00;418.2;81.0;5.7;1.7;75373.9;12.3;288.7;270.8;2594.1;22.4;4.0;12.1;467.7
2;2019-01-29 08:00:00;353.3;62.3;7.7;0.9;69148.4;9.6;306.9;210.2;17952.6;34.3;0.1;12.0;278.9
2;2019-01-29 09:00:00;344.7;57.8;7.7;0.9;64090.0;8.7;281.0;171.2;1351.4;48.4;0.5;12.1;271.4
2;2019-01-29 10:00:00;456.9;63.7;7.9;0.9;56390.4;7.3;251.4;137.4;1092.5;49.2;0.0;13.0;275.6
2;2019-01-29 11:00:00;422.2;52.8;12.5;1.0;60462.5;7.3;299.6;147.5;1157.4;51.8;0.0;13.3;249.1
2;2019-01-29 12:00:00;384.8;48.5;9.7;0.9;61760.2;8.1;299.1;145.3;965.1;49.2;0.0;12.4;220.8
2;2019-01-29 13:00:00;306.2;45.1;7.7;0.8;57369.0;8.5;406.9;166.0;1825.3;45.5;0.2;10.9;229.5
2;2019-01-29 14:00:00;349.6;40.1;6.0;0.7;54056.4;6.6;335.7;110.8;1153.6;45.4;0.2;9.6;213.3
2;2019-01-29 15:00:00;211.1;44.1;7.0;0.6;52521.9;6.9;346.9;129.6;2368.3;35.5;0.3;9.3;289.0
3;2018-11-02 00:00:00;365.0;45.7;6.6;0.7;68108.5;61.0;547.5;524.1;19044.6;1.8;0.2;9.8;114.3
3;2018-11-02 01:00:00;315.3;42.5;7.7;0.6;79235.3;61.9;335.2;611.8;11490.2;0.8;0.1;8.7;116.9
3;2018-11-02 02:00:00;228.5;47.8;10.7;0.8;36700.4;25.7;276.7;476.8;17458.8;4.7;0.0;11.6;252.9
3;2018-11-02 03:00:00;293.8;51.5;39.7;1.1;74862.2;29.1;377.5;598.9;95618.9;19.1;1.0;9.8;459.1
3;2018-11-02 04:00:00;611.1;59.4;7.2;2.4;82823.4;30.0;5730.8;666.0;38553.8;22.7;3.6;9.3;613.8
3;2018-11-02 05:00:00;304.4;64.1;8.1;0.9;125806.3;33.9;7547.3;789.2;23269.2;15.8;0.3;11.9;475.5
3;2018-11-02 06:00:00;162.4;45.3;9.4;0.6;79135.1;23.2;330.3;526.2;18839.5;21.5;0.0;9.1;434.3
3;2018-11-02 07:00:00;191.2;31.9;4.8;0.6;58384.7;19.4;471.8;452.6;25899.8;22.3;0.3;7.1;328.1
3;2018-11-02 08:00:00;334.6;52.9;6.4;0.8;122558.2;33.4;402.5;1073.4;19538.0;45.6;0.9;9.5;647.5
3;2018-11-02 09:00:00;302.2;61.5;10.6;2.5;81747.3;33.2;367.3;940.6;11862.4;15.7;2.7;13.2;503.1
3;2018-11-02 10:00:00;278.0;43.1;4.5;0.9;71829.5;26.2;287.3;962.7;18400.8;18.5;4.3;7.7;426.1
3;2018-11-02 11:00:00;180.4;43.5;6.3;0.6;71530.9;25.3;386.8;611.7;25861.6;16.5;0.0;8.1;330.4
3;2018-11-02 12:00:00;213.6;55.2;7.7;0.6;84303.8;26.1;341.0;576.1;27886.7;4.7;0.4;9.3;231.1
3;2018-11-02 13:00:00;154.5;42.8;3.7;0.5;37009.0;20.0;429.9;431.0;14216.0;2.8;0.1;6.8;238.9
3;2018-11-02 14:00:00;163.2;42.1;6.8;0.5;44817.5;27.2;555.8;450.2;22099.2;2.2;0.1;7.4;265.1
3;2018-11-02 15:00:00;152.8;36.8;15.1;0.6;81264.2;28.5;482.6;459.2;22574.7;2.6;0.0;7.6;213.6
3;2018-11-02 16:00:00;208.8;37.8;13.5;0.6;50587.6;26.8;507.0;465.5;39179.7;1.3;0.3;8.1;204.9
3;2018-11-02 17:00:00;282.6;67.2;14.6;1.0;70762.2;29.3;363.9;627.4;22333.2;2.2;1.0;10.5;433.6
3;2018-11-02 18:00:00;241.5;53.0;13.9;0.6;60783.2;28.2;369.3;707.4;19970.4;3.6;0.2;8.9;444.6
3;2018-11-02 19:00:00;144.8;37.9;12.8;0.4;53638.9;16.6;237.2;446.3;23075.2;4.6;0.0;5.3;189.4
3;2018-11-02 20:00:00;153.2;37.1;10.4;0.5;44122.2;18.0;235.9;418.3;34972.5;10.6;0.0;6.0;185.7
3;2018-11-02 21:00:00;199.9;34.5;13.4;0.5;44230.5;17.5;282.8;421.5;33859.9;12.6;0.1;6.9;144.8
3;2018-11-02 22:00:00;155.0;23.3;11.7;0.4;27739.1;14.0;305.1;288.4;22978.1;7.6;0.0;5.2;131.7
3;2018-11-02 23:00:00;98.8;22.6;2.8;0.3;38127.7;11.8;275.4;386.3;19153.2;5.2;0.0;3.1;57.3
3;2018-11-03 00:00:00;186.3;30.5;4.0;0.4;22888.0;41.7;696.5;375.3;21283.4;2.9;0.1;5.6;272.7
3;2018-11-03 01:00:00;195.5;33.5;4.6;0.5;46340.9;25.0;234.9;283.8;20846.9;0.5;0.0;6.0;367.2
3;2018-11-03 02:00:00;135.7;30.9;4.7;0.4;54722.5;15.2;288.0;307.2;19534.0;5.8;0.0;5.7;263.2
3;2018-11-03 03:00:00;217.0;36.9;30.0;0.6;49575.3;16.3;289.6;455.6;99303.0;22.6;1.0;5.8;166.9
3;2018-11-03 04:00:00;318.9;63.4;7.4;3.3;96196.3;21.5;5420.9;630.4;22393.7;14.7;5.5;10.9;635.5
3;2018-11-03 05:00:00;190.8;54.1;4.9;0.6;94095.0;21.3;3789.5;509.2;23082.2;8.4;0.1;8.8;616.2
3;2018-11-03 06:00:00;181.2;37.3;15.8;0.5;65747.2;25.3;1913.6;419.9;40003.1;23.2;0.5;7.0;521.4
3;2018-11-03 07:00:00;195.9;30.4;6.1;0.5;81381.4;14.3;325.3;537.4;24988.4;19.5;0.2;6.5;318.1
3;2018-11-03 08:00:00;242.0;60.1;6.8;1.1;67333.4;25.2;277.1;1006.7;54801.0;27.6;1.0;11.6;603.2
3;2018-11-03 09:00:00;155.0;28.3;3.6;0.5;55730.8;16.3;1658.0;582.1;5494.8;15.3;0.0;6.2;364.8
3;2018-11-03 10:00:00;151.3;32.0;4.6;0.4;54756.2;12.7;1363.7;396.7;20404.1;8.3;0.0;6.0;343.5
3;2018-11-03 11:00:00;194.1;39.5;5.1;0.6;55421.7;14.2;1624.1;512.0;37871.5;12.1;1.2;7.1;342.1
3;2018-11-03 12:00:00;119.2;27.7;3.1;0.3;63912.1;11.0;1156.2;357.2;17758.9;9.0;0.1;4.2;250.1
3;2018-11-03 13:00:00;94.9;35.0;2.7;0.4;75778.3;8.9;207.2;272.8;15119.9;5.1;0.0;5.7;695.7
3;2018-11-03 14:00:00;133.6;25.7;2.8;0.4;64086.8;9.1;249.6;213.1;17317.6;6.5;0.0;4.8;615.5
3;2018-11-03 15:00:00;242.5;34.5;6.6;0.5;65819.5;11.1;257.0;287.1;20121.8;12.1;0.1;5.9;530.0
3;2018-11-03 16:00:00;95.8;35.2;3.4;0.3;69828.7;11.6;209.6;387.6;23017.8;11.1;0.0;3.9;496.3
3;2018-11-03 17:00:00;95.5;29.4;3.0;0.3;64235.3;9.8;253.8;300.7;20040.7;12.5;0.0;4.7;538.2
3;2018-11-03 18:00:00;86.0;19.6;1.7;0.3;51317.1;7.7;255.3;213.8;17426.1;14.7;0.0;3.6;697.2
3;2018-11-03 19:00:00;152.3;36.4;2.4;0.4;55666.1;10.4;291.3;291.1;18422.4;12.6;0.1;5.3;641.8
3;2018-11-03 20:00:00;154.3;31.2;1.5;0.4;42514.4;7.3;251.6;240.1;19840.4;8.4;0.3;4.7;642.2
3;2018-11-03 21:00:00;119.9;26.8;2.3;0.4;51078.8;7.4;345.3;238.5;23041.0;7.2;0.0;5.2;665.8
3;2018-11-03 22:00:00;125.6;25.1;0.8;0.3;53124.1;7.1;185.9;163.5;12591.8;7.8;0.1;4.0;631.2
3;2018-11-03 23:00:00;70.5;20.5;0.8;0.3;37682.5;6.6;259.9;140.3;15136.9;6.8;0.0;3.2;520.3
3;2018-11-04 00:00:00;415.1;70.8;7.1;1.4;74251.3;59.0;731.0;757.5;16821.1;4.4;8.9;11.4;622.7
3;2018-11-04 01:00:00;389.1;67.8;14.7;2.0;75279.1;52.2;783.6;698.9;20205.8;6.0;0.4;11.7;1002.8
3;2018-11-04 02:00:00;271.8;62.6;14.4;1.1;66445.8;33.1;382.3;554.9;19533.4;5.3;0.3;11.1;786.7
3;2018-11-04 03:00:00;379.5;55.6;45.3;0.8;72608.8;25.0;457.5;721.3;145947.9;21.3;0.0;8.6;654.7
3;2018-11-04 04:00:00;286.2;62.0;14.3;1.0;90311.4;25.6;5105.2;626.2;19451.7;8.9;0.6;10.2;815.8
3;2018-11-04 05:00:00;241.4;70.7;9.1;1.3;111729.0;29.8;6676.9;787.8;22143.0;16.0;0.2;11.9;727.5
3;2018-11-04 06:00:00;319.1;67.1;14.0;2.1;75063.7;27.9;547.5;854.4;15665.9;34.1;0.2;12.1;773.2
3;2018-11-04 07:00:00;173.8;50.6;9.5;0.7;87586.8;20.6;269.6;864.5;27793.8;18.3;0.0;9.4;905.4
3;2018-11-04 08:00:00;324.6;70.9;11.6;1.8;77178.1;26.1;383.2;1137.0;21361.1;14.8;0.0;13.7;1024.2
3;2018-11-04 09:00:00;257.7;58.9;5.2;1.3;72939.7;24.8;325.0;1038.2;17759.6;15.8;0.1;8.4;630.0
3;2018-11-04 10:00:00;211.4;53.5;4.7;1.2;93065.4;23.0;301.5;945.2;19715.3;30.4;0.1;8.6;677.8
3;2018-11-04 11:00:00;226.2;50.7;6.8;0.8;79631.9;19.6;329.9;616.5;30961.5;27.5;0.0;10.8;842.2
3;2018-11-04 12:00:00;320.3;65.4;6.6;6.1;103269.1;18.3;327.2;733.3;20590.4;26.1;0.9;11.5;623.0
3;2018-11-04 13:00:00;213.5;51.7;4.1;1.1;90846.9;19.3;324.6;612.9;18365.8;26.8;0.0;8.1;685.8
3;2018-11-04 14:00:00;263.5;59.7;5.3;3.0;75269.5;12.0;288.1;471.0;22623.9;21.1;0.5;8.4;714.6
3;2018-11-04 15:00:00;209.9;48.0;5.7;0.6;75279.2;15.3;320.9;477.3;24631.0;27.5;0.0;7.8;709.6
3;2018-11-04 16:00:00;212.5;50.9;5.6;0.6;58164.0;12.7;275.0;353.3;18713.0;29.4;0.0;8.0;684.5
3;2018-11-04 17:00:00;252.4;50.9;6.0;0.7;57346.8;13.7;309.8;337.1;14822.3;8.5;0.0;9.5;561.6
3;2018-11-04 18:00:00;209.4;38.4;8.6;0.6;52304.5;17.3;333.3;388.5;21739.0;11.1;0.8;8.2;596.8
3;2018-11-04 19:00:00;142.0;28.1;5.2;0.5;40959.9;12.9;338.0;302.9;15477.8;19.8;0.0;6.3;749.9
3;2018-11-04 20:00:00;104.4;24.9;4.6;0.4;55953.0;8.8;343.6;175.3;17745.9;19.5;0.0;4.8;347.0
3;2018-11-04 21:00:00;160.5;23.8;4.5;0.4;61958.3;9.7;326.4;227.4;15177.5;14.5;0.0;5.3;247.2
3;2018-11-04 22:00:00;179.6;27.9;3.2;0.4;43380.7;10.5;272.3;222.2;15319.8;17.9;0.2;5.1;258.5
3;2018-11-04 23:00:00;151.1;25.3;5.3;0.5;44298.5;8.8;299.7;236.7;17984.5;14.1;0.3;5.9;245.2
3;2018-11-05 00:00:00;268.7;43.1;4.5;0.6;88885.1;47.0;335.0;464.7;15778.3;17.9;0.0;7.7;156.8
3;2018-11-05 01:00:00;238.1;46.3;6.0;0.6;70453.8;45.3;339.6;538.7;15250.2;8.8;0.0;8.8;300.3
3;2018-11-05 02:00:00;151.7;36.9;5.2;0.5;66121.4;20.8;294.1;432.9;14934.9;17.5;0.0;7.4;373.6
3;2018-11-05 03:00:00;322.7;36.9;50.3;0.4;58639.5;20.4;295.8;505.8;93722.5;18.8;0.2;6.3;160.9
3;2018-11-05 04:00:00;287.2;69.2;6.5;1.7;83472.5;31.1;7846.4;635.9;33114.9;13.2;1.5;10.7;639.1
3;2018-11-05 05:00:00;198.2;49.6;4.6;0.6;63668.8;28.9;765.2;603.3;18287.5;20.0;0.2;8.3;258.1
3;2018-11-05 06:00:00;406.7;40.3;7.0;0.6;77112.6;26.7;458.6;772.1;15267.3;18.7;3.6;9.2;615.7
3;2018-11-05 07:00:00;293.3;42.2;6.8;0.7;71391.7;30.7;450.0;1123.2;12299.1;23.1;0.7;8.7;228.9
3;2018-11-05 08:00:00;220.8;36.7;3.0;0.5;70309.6;17.1;293.8;639.0;17558.1;10.6;0.9;6.6;584.5
3;2018-11-05 09:00:00;210.9;36.2;5.4;0.5;91686.9;16.5;347.5;499.1;14606.9;13.1;0.4;6.4;411.7
3;2018-11-05 10:00:00;142.3;26.3;2.4;0.4;48829.7;13.8;256.4;377.1;15817.3;11.8;0.2;5.3;274.3
3;2018-11-05 11:00:00;206.1;31.8;2.2;0.4;51778.0;12.5;293.0;377.1;29135.5;15.5;0.9;5.7;338.8
3;2018-11-05 12:00:00;156.0;39.6;2.5;0.4;81315.6;11.5;255.2;282.5;18035.7;9.1;0.1;5.9;275.2
3;2018-11-05 13:00:00;128.8;29.5;3.9;0.4;73905.9;12.0;292.7;384.3;12745.4;5.9;0.0;6.0;323.1
3;2018-11-05 14:00:00;102.5;22.7;3.0;0.4;57384.2;12.2;257.8;310.8;16921.1;11.5;0.0;4.3;155.8
3;2018-11-05 15:00:00;156.4;36.3;2.2;0.4;40292.1;10.9;257.4;278.3;21790.2;12.0;0.1;5.5;317.7
3;2018-11-05 16:00:00;86.0;17.8;1.5;0.3;45167.9;8.0;245.6;134.0;16048.7;9.8;0.0;3.8;151.6
3;2018-11-05 17:00:00;82.4;16.8;2.8;0.4;61157.7;11.3;260.3;283.2;14619.2;12.8;0.0;4.7;81.9
3;2018-11-05 18:00:00;61.8;12.4;1.6;0.2;29038.9;8.2;275.1;180.0;13594.0;12.6;0.0;2.7;116.5
3;2018-11-05 19:00:00;148.3;25.7;3.4;0.4;51826.1;11.4;260.6;267.5;20601.4;9.1;0.2;5.6;281.1
3;2018-11-05 20:00:00;86.0;12.0;2.9;0.2;38712.3;8.1;261.8;264.1;32044.4;11.2;0.0;2.7;108.8
3;2018-11-05 21:00:00;98.4;24.6;4.0;0.3;65094.7;11.0;242.6;269.6;23216.9;9.0;0.0;4.4;108.7
3;2018-11-05 22:00:00;109.6;20.8;2.4;0.3;34138.9;11.1;234.4;216.7;13564.5;8.8;0.0;4.2;128.5
3;2018-11-05 23:00:00;98.8;17.6;2.9;0.3;37592.2;8.0;216.4;155.1;18739.2;9.5;0.0;4.3;238.2
3;2018-11-06 00:00:00;334.2;41.5;5.5;0.5;66438.8;58.2;388.1;585.8;23201.3;3.3;0.7;7.3;187.2
3;2018-11-06 01:00:00;347.5;46.8;11.0;0.7;73790.7;61.8;286.5;653.2;19658.6;5.9;0.2;10.0;366.0
3;2018-11-06 02:00:00;364.4;59.9;11.5;0.8;76152.9;34.5;398.0;596.8;29166.5;9.4;0.3;11.1;483.5
3;2018-11-06 03:00:00;346.1;63.3;59.2;1.5;71042.8;26.2;270.2;735.4;102471.1;13.7;0.3;10.7;536.3
3;2018-11-06 04:00:00;443.9;53.1;27.0;0.7;84209.4;27.8;896.4;631.8;43012.6;15.2;0.1;9.2;691.8
3;2018-11-06 05:00:00;290.5;69.6;12.0;3.3;77294.9;23.4;916.9;775.2;17462.5;24.3;11.5;11.5;756.5
3;2018-11-06 06:00:00;370.1;57.3;12.1;2.5;83239.1;24.7;393.1;684.9;17654.2;19.7;3.1;10.7;493.3
3;2018-11-06 07:00:00;431.8;63.6;16.5;2.6;69334.5;35.4;329.0;1101.8;30277.7;19.9;6.9;13.5;376.9
3;2018-11-06 08:00:00;258.4;38.2;10.2;0.7;61045.4;22.9;806.7;772.8;19828.4;23.2;0.6;8.2;444.0
3;2018-11-06 09:00:00;332.7;55.1;9.6;0.8;55139.8;30.2;990.2;929.0;18391.2;35.1;0.2;11.8;550.1
3;2018-11-06 10:00:00;303.3;51.4;6.2;0.6;82012.4;18.9;1145.3;530.8;12314.8;26.4;0.4;8.4;526.9
3;2018-11-06 11:00:00;316.5;73.4;7.7;1.8;87323.3;27.6;813.9;794.8;45948.2;22.5;7.3;10.2;411.4
3;2018-11-06 12:00:00;349.9;71.4;4.4;1.0;92405.6;24.1;803.8;765.4;27864.2;28.7;0.7;11.1;371.8
3;2018-11-06 13:00:00;372.7;74.6;7.7;3.0;81573.5;24.9;1303.0;649.8;18400.0;14.4;4.2;10.5;499.4
3;2018-11-06 14:00:00;400.7;58.5;7.0;1.4;53387.9;25.5;1109.8;631.5;23388.5;19.6;4.4;9.6;251.5
3;2018-11-06 15:00:00;363.4;80.9;5.1;6.9;67102.1;24.7;603.9;624.5;44540.9;14.2;4.4;12.3;282.1
3;2018-11-06 16:00:00;311.6;65.7;8.3;2.5;42383.2;23.0;540.9;544.7;19554.4;18.0;4.2;11.4;335.1
3;2018-11-06 17:00:00;294.1;57.7;7.5;2.1;61612.7;20.5;342.5;410.7;26416.7;15.5;7.6;15.1;326.6
3;2018-11-06 18:00:00;376.6;71.2;6.5;4.2;59096.2;23.9;356.6;569.6;18089.8;11.2;28.9;13.0;650.7
3;2018-11-06 19:00:00;73.0;23.3;2.4;0.4;66125.3;17.6;293.0;319.1;3166.3;1.1;0.0;4.2;142.3
3;2018-11-06 20:00:00;199.6;25.8;5.5;0.5;81207.3;18.5;397.0;435.9;43148.4;7.5;0.2;6.2;124.8
3;2018-11-06 21:00:00;182.2;26.8;4.2;0.4;34431.2;15.3;375.4;412.9;14824.8;3.4;0.1;5.5;199.0
3;2018-11-06 22:00:00;179.2;37.8;4.8;0.5;62543.9;16.5;347.6;387.8;17238.2;3.4;0.1;7.5;218.9
3;2018-11-06 23:00:00;210.2;32.2;4.6;0.4;23867.9;12.1;332.6;328.7;13216.7;4.2;0.2;5.4;273.9
3;2018-11-07 00:00:00;337.2;53.6;7.9;0.7;72408.4;62.9;893.9;671.7;18136.6;5.6;0.0;9.8;232.6
3;2018-11-07 01:00:00;402.4;64.2;7.6;0.9;74122.5;63.4;342.9;745.0;13748.2;0.9;0.1;10.9;319.2
3;2018-11-07 02:00:00;228.7;53.1;14.2;0.6;42737.1;27.9;275.0;474.1;33010.9;4.1;0.4;9.6;411.0
3;2018-11-07 03:00:00;423.5;49.1;27.6;0.6;51972.1;24.2;349.1;604.4;77332.3;11.3;0.7;8.4;345.0
3;2018-11-07 04:00:00;416.2;54.0;29.5;0.7;80048.0;34.1;5979.9;782.6;89425.2;11.1;3.4;10.4;477.4
3;2018-11-07 05:00:00;247.3;39.8;9.7;0.5;74844.3;29.9;8588.4;590.5;39398.1;8.7;0.5;6.9;381.1
3;2018-11-07 06:00:00;365.8;51.3;7.4;1.6;73877.4;41.0;1324.6;939.2;21961.1;13.9;4.9;9.5;438.3
3;2018-11-07 07:00:00;273.0;36.8;7.6;0.6;54460.4;20.9;710.6;569.0;17957.2;19.1;0.0;8.2;407.1
3;2018-11-07 08:00:00;148.8;29.9;6.2;0.5;72119.9;20.6;519.7;581.1;23442.2;22.5;0.0;6.6;382.2
3;2018-11-07 09:00:00;294.5;69.7;7.7;1.2;74481.7;23.6;978.7;707.0;20016.5;8.5;1.2;11.0;431.2
3;2018-11-07 10:00:00;376.3;53.4;7.9;1.3;56870.2;33.1;1174.9;930.7;32272.2;14.2;1.5;9.9;500.8
3;2018-11-07 11:00:00;350.3;58.4;11.8;1.8;66052.3;35.8;885.8;1034.3;46304.8;9.6;3.6;10.9;487.7
3;2018-11-07 12:00:00;338.0;59.3;6.3;1.4;73882.8;32.6;795.2;1089.7;21645.0;15.3;1.3;9.1;307.5
3;2018-11-07 13:00:00;396.6;70.8;9.6;2.2;69101.5;38.2;620.2;959.5;25841.1;5.3;2.5;12.0;457.8
3;2018-11-07 14:00:00;230.6;61.3;7.7;0.7;80345.1;29.6;652.9;860.9;18586.9;8.0;1.1;10.3;327.7
3;2018-11-07 15:00:00;174.0;38.6;5.7;0.5;87009.3;22.0;688.0;604.8;17254.7;5.9;0.1;7.2;270.1
3;2018-11-07 16:00:00;287.2;32.6;4.1;0.4;69737.9;19.5;734.2;453.9;28222.1;5.7;0.1;5.6;205.4
3;2018-11-07 17:00:00;270.7;43.5;10.1;0.6;58566.8;25.1;581.3;652.9;17022.0;6.1;0.1;7.2;306.5
3;2018-11-07 18:00:00;183.9;44.1;8.3;0.5;46746.8;19.9;739.2;456.8;19044.2;3.0;0.0;7.1;214.7
3;2018-11-07 19:00:00;261.7;34.8;11.5;0.6;48589.9;21.9;735.7;468.6;38740.8;3.4;0.0;8.5;89.9
3;2018-11-07 20:00:00;234.5;36.0;14.8;0.6;76987.5;17.2;587.4;444.3;17381.5;2.7;0.1;9.1;287.7
3;2018-11-07 21:00:00;285.4;55.5;8.5;0.9;59294.7;19.8;603.5;465.4;20345.9;2.5;1.1;10.3;85.0
3;2018-11-07 22:00:00;175.2;41.1;6.8;0.5;36935.9;18.3;720.8;499.3;20857.0;12.5;0.3;7.4;223.7
3;2018-11-07 23:00:00;169.6;23.9;6.0;0.4;31712.4;15.5;673.8;361.5;18862.4;9.7;0.0;5.9;155.4
3;2018-11-08 00:00:00;461.5;46.1;8.0;0.7;74236.7;73.8;1037.8;758.0;21046.7;5.2;0.2;9.9;260.0
3;2018-11-08 01:00:00;431.0;47.1;13.9;0.7;77876.0;79.0;727.8;849.7;12096.6;1.0;0.4;8.8;379.7
3;2018-11-08 02:00:00;441.6;40.4;7.5;0.6;92362.2;64.3;882.9;810.2;15908.4;3.3;0.0;8.1;351.8
3;2018-11-08 03:00:00;386.1;44.7;28.6;0.7;74025.9;46.8;1032.9;719.6;54844.3;8.9;0.0;9.6;224.2
3;2018-11-08 04:00:00;499.0;75.1;54.2;1.4;86859.3;52.1;1066.3;960.0;85257.2;12.9;0.6;15.4;526.5
3;2018-11-08 05:00:00;392.0;61.7;19.9;1.2;76945.8;37.1;815.7;741.1;17070.9;6.3;0.4;13.1;473.5
3;2018-11-08 06:00:00;286.9;49.9;15.3;1.0;78431.8;35.7;677.2;767.2;19479.7;5.8;0.2;13.2;398.0
3;2018-11-08 07:00:00;323.8;57.7;12.3;1.7;63793.0;26.7;736.2;745.1;20716.9;15.8;0.0;12.5;439.4
3;2018-11-08 08:00:00;234.5;50.9;11.6;0.7;68647.9;25.3;515.1;713.7;14277.1;13.3;0.0;10.8;439.3
3;2018-11-08 09:00:00;268.2;43.3;6.9;0.7;65464.6;26.0;402.0;742.4;25002.2;12.0;0.1;8.9;315.9
3;2018-11-08 10:00:00;444.7;71.8;14.4;2.2;72825.3;43.1;344.6;1220.5;16641.8;31.1;1.7;13.2;463.0
3;2018-11-08 11:00:00;309.9;70.1;8.3;1.0;73676.8;35.7;291.5;1043.4;49920.7;122.9;1.2;12.3;717.7
3;2018-11-08 12:00:00;312.6;78.5;6.2;1.6;70825.9;33.3;361.2;1108.4;34602.0;19.6;0.3;12.1;446.3
3;2018-11-08 13:00:00;436.3;64.9;9.4;2.0;60105.4;33.8;417.0;1002.8;19670.3;35.5;1.1;14.9;349.2
3;2018-11-08 14:00:00;421.9;83.4;11.0;6.6;94598.1;24.4;415.8;834.0;13939.8;33.1;7.2;17.2;380.6
3;2018-11-08 15:00:00;257.2;71.7;8.2;1.2;52088.2;22.3;584.0;763.0;14680.2;28.2;1.5;12.8;381.8
3;2018-11-08 16:00:00;313.0;68.0;7.1;1.8;55753.7;26.2;563.8;757.3;18831.3;29.3;2.4;11.4;396.9
3;2018-11-08 17:00:00;306.1;56.2;7.1;1.6;129325.3;23.8;375.1;638.2;20481.8;19.2;5.3;10.0;343.7
3;2018-11-08 18:00:00;313.3;34.4;6.0;0.5;66858.8;17.0;251.9;546.7;19971.0;19.9;1.2;6.4;396.2
3;2018-11-08 19:00:00;263.9;38.4;7.8;0.5;65176.5;21.8;520.6;508.0;19931.8;17.4;0.1;7.7;183.4
3;2018-11-08 20:00:00;340.9;40.9;7.1;0.5;72583.4;22.9;439.6;589.4;26490.2;6.3;0.0;8.0;198.8
3;2018-11-08 21:00:00;171.7;43.3;8.8;0.6;50341.9;18.2;405.5;545.8;21409.7;6.3;0.3;7.4;145.0
3;2018-11-08 22:00:00;199.6;44.7;4.3;0.5;71125.9;17.4;370.6;512.0;25193.8;19.0;0.1;7.7;190.8
3;2018-11-08 23:00:00;265.9;37.7;6.2;0.5;88760.8;20.6;279.8;567.8;18423.3;30.5;1.5;7.9;281.1
3;2018-11-09 00:00:00;401.5;75.6;8.9;0.9;75214.1;64.6;842.5;673.8;17491.5;11.1;0.5;14.1;141.2
3;2018-11-09 01:00:00;388.4;57.0;7.7;0.8;88108.0;54.0;357.0;684.9;16028.7;1.9;0.4;11.5;136.4
3;2018-11-09 02:00:00;302.7;50.0;10.7;0.8;48202.2;24.4;350.2;510.8;25347.0;4.8;0.0;12.0;153.9
3;2018-11-09 03:00:00;331.7;48.2;40.5;0.7;59776.2;22.9;342.3;570.4;89477.7;12.8;0.3;9.4;408.2
3;2018-11-09 04:00:00;427.5;61.0;17.7;1.4;84102.3;32.6;6101.7;848.1;50421.1;16.2;0.1;12.1;300.4
3;2018-11-09 05:00:00;245.7;50.4;6.4;0.9;78531.6;24.1;8277.9;635.8;20849.0;14.8;0.2;10.0;382.5
3;2018-11-09 06:00:00;291.8;74.3;9.4;2.2;64175.0;28.6;283.8;836.1;7383.9;26.3;2.0;13.4;513.7
3;2018-11-09 07:00:00;343.5;47.5;9.0;2.1;56102.1;23.7;427.6;631.4;21216.1;28.3;2.2;10.1;333.0
3;2018-11-09 08:00:00;372.2;45.4;15.8;2.9;89508.8;21.9;456.5;809.2;31220.3;23.9;5.0;10.1;400.4
3;2018-11-09 09:00:00;417.7;77.3;13.0;6.8;86968.9;29.8;731.3;755.7;21607.9;20.8;3.8;15.0;290.3
3;2018-11-09 10:00:00;319.6;55.6;8.1;0.7;47117.2;20.2;1034.1;519.0;14846.5;21.4;0.1;10.1;302.9
3;2018-11-09 11:00:00;293.2;66.8;8.9;1.5;78031.1;21.8;1016.9;720.1;45335.7;16.5;1.7;10.8;393.9
3;2018-11-09 12:00:00;359.9;80.6;8.8;2.3;74487.1;26.6;866.0;696.5;24138.6;12.1;3.7;12.1;318.0
3;2018-11-09 13:00:00;305.5;68.8;7.6;1.9;84940.0;22.4;1298.5;671.7;21801.6;19.9;2.8;11.9;286.4
3;2018-11-09 14:00:00;363.9;64.7;8.5;1.5;50503.8;20.9;1177.9;458.8;22956.3;17.5;1.2;13.0;215.4
3;2018-11-09 15:00:00;307.4;59.7;7.7;1.9;45053.8;24.3;920.8;513.6;19580.5;17.3;0.9;12.3;288.5
3;2018-11-09 16:00:00;409.2;68.1;10.5;6.2;86219.1;25.3;871.6;554.4;24345.6;25.2;4.1;13.0;247.5
3;2018-11-09 17:00:00;352.0;56.8;9.7;0.9;66480.3;18.5;274.8;477.8;21671.8;17.6;4.9;10.4;220.5
3;2018-11-09 18:00:00;199.6;44.0;12.8;0.5;52227.2;16.5;311.8;477.5;26658.4;54.2;0.1;8.4;257.0
3;2018-11-09 19:00:00;203.6;45.3;5.7;0.7;27995.8;14.8;252.7;420.2;22529.1;86.0;0.5;10.8;350.4
3;2018-11-09 20:00:00;227.0;44.9;9.7;0.7;21160.3;12.7;288.1;405.0;43384.5;8.4;0.2;10.9;105.3
3;2018-11-09 21:00:00;178.2;31.9;4.0;0.5;13017.7;7.5;334.3;235.4;21923.1;4.9;0.1;8.2;118.4
3;2018-11-09 22:00:00;156.2;34.3;4.6;0.5;17065.0;11.1;293.5;261.6;19843.6;9.0;0.1;7.8;146.6
3;2018-11-09 23:00:00;192.0;30.8;3.4;0.5;44355.1;7.8;280.4;224.4;17316.9;7.4;0.2;7.1;278.1
3;2018-11-10 00:00:00;202.4;39.2;2.9;0.5;41046.5;37.8;770.6;391.5;22307.9;9.0;0.1;7.0;203.4
3;2018-11-10 01:00:00;175.7;35.9;3.2;0.5;70544.2;22.5;356.7;354.9;24086.5;8.9;0.1;6.5;247.7
3;2018-11-10 02:00:00;168.9;26.5;5.2;0.4;23944.3;8.3;357.8;294.0;17264.8;11.5;0.2;5.3;343.1
3;2018-11-10 03:00:00;327.3;40.1;42.1;1.0;56475.3;10.4;379.0;476.2;127696.5;14.0;2.4;7.4;99.6
3;2018-11-10 04:00:00;180.2;49.5;5.4;0.7;85643.5;16.7;754.8;503.9;34942.8;15.0;0.1;9.9;382.4
3;2018-11-10 05:00:00;321.2;51.8;3.8;0.7;86206.7;18.8;855.9;611.3;35351.9;13.6;0.6;10.0;467.9
3;2018-11-10 06:00:00;270.2;46.0;6.2;0.6;73956.4;15.3;413.8;494.3;20056.0;12.7;0.8;8.0;378.0
3;2018-11-10 07:00:00;260.9;59.5;7.8;0.9;69253.6;15.0;432.9;455.2;17371.5;30.0;1.5;10.0;288.1
3;2018-11-10 08:00:00;451.1;47.2;10.7;2.3;66834.8;24.4;393.6;938.0;34769.7;36.0;4.7;11.2;383.2
3;2018-11-10 09:00:00;232.1;44.8;5.0;0.6;36488.5;15.4;1014.7;757.0;17354.1;24.2;1.5;7.9;266.6
3;2018-11-10 10:00:00;106.6;28.2;5.2;0.4;41035.2;7.3;1528.4;311.5;15200.9;9.1;0.0;6.0;181.0
3;2018-11-10 11:00:00;254.0;54.7;5.8;0.7;48278.6;13.3;1299.9;619.7;45380.0;20.4;3.0;8.8;329.6
3;2018-11-10 12:00:00;173.7;44.2;5.5;0.5;73909.3;8.5;1259.8;347.9;8064.3;4.7;0.1;6.9;201.4
3;2018-11-10 13:00:00;131.3;29.7;3.9;0.6;31106.6;7.5;1202.9;295.4;20190.8;2.2;0.0;6.4;363.9
3;2018-11-10 14:00:00;143.3;35.2;2.3;0.5;32279.2;5.1;376.3;228.6;16747.2;2.3;0.7;8.4;437.3
3;2018-11-10 15:00:00;121.4;29.9;1.7;0.4;30194.5;10.4;388.6;277.7;12372.7;2.5;0.1;7.0;388.6
3;2018-11-10 16:00:00;90.9;31.8;1.4;0.4;30951.7;6.8;286.5;280.2;14633.3;2.3;0.1;7.4;368.4
3;2018-11-10 17:00:00;172.8;30.7;5.8;0.5;24676.0;5.0;308.3;198.9;12865.3;4.3;0.1;8.0;377.2
3;2018-11-10 18:00:00;119.4;30.6;6.4;0.4;25039.6;3.9;279.0;137.0;12855.8;1.0;0.1;7.2;359.1
3;2018-11-10 19:00:00;118.9;31.9;8.5;0.5;22333.7;3.7;218.3;135.5;16161.2;0.3;0.2;7.9;396.1
3;2018-11-10 20:00:00;144.2;32.5;7.2;0.4;25580.7;4.0;293.7;157.1;31429.3;3.0;0.0;7.5;372.9
3;2018-11-10 21:00:00;149.2;34.6;9.6;0.4;35383.9;4.8;284.1;157.0;25041.6;2.2;0.2;6.5;455.1
3;2018-11-10 22:00:00;182.5;35.5;8.8;0.4;18978.1;5.0;287.8;146.4;14569.6;2.0;0.1;6.3;488.1
3;2018-11-10 23:00:00;137.8;25.9;7.9;0.4;25833.7;5.0;313.0;211.5;12280.9;103.8;0.0;5.5;813.5
3;2018-11-11 00:00:00;428.8;62.3;7.6;0.8;78424.7;62.3;471.6;791.4;15550.9;192.4;1.7;12.0;1137.0
3;2018-11-11 01:00:00;422.7;49.1;10.6;0.7;64673.3;56.0;414.6;716.6;8797.9;2.8;0.2;10.4;813.2
3;2018-11-11 02:00:00;361.8;59.3;17.0;0.8;72257.4;43.4;426.5;638.7;22792.9;3.0;0.1;11.6;579.9
3;2018-11-11 03:00:00;311.8;69.7;33.1;3.2;75595.8;21.2;356.3;527.1;77989.5;19.3;0.4;14.0;582.0
3;2018-11-11 04:00:00;309.3;78.6;19.5;1.5;74110.6;19.7;673.3;703.9;44712.9;13.8;0.2;12.4;780.5
3;2018-11-11 05:00:00;176.3;56.2;5.3;0.6;90930.7;19.7;901.3;563.6;37026.3;16.0;0.2;9.4;662.2
3;2018-11-11 06:00:00;421.7;66.1;10.5;1.8;100271.2;23.1;401.5;830.1;17736.5;4.7;0.4;13.2;566.3
3;2018-11-11 07:00:00;146.0;42.1;8.5;0.6;68041.5;14.9;297.9;456.1;20583.3;8.6;0.0;9.2;553.8
3;2018-11-11 08:00:00;207.9;54.6;6.0;0.7;58651.9;11.6;188.7;563.1;14866.3;4.4;0.0;7.6;708.9
3;2018-11-11 09:00:00;258.2;68.4;4.6;2.0;98304.3;18.6;292.7;730.7;51617.8;22.2;0.1;12.9;644.0
3;2018-11-11 10:00:00;378.0;78.4;4.8;6.9;68371.4;27.9;277.9;1008.4;28164.1;21.5;2.9;14.5;635.3
3;2018-11-11 11:00:00;268.0;56.6;7.2;1.7;72113.1;14.3;1346.7;550.1;47201.9;14.4;0.0;11.0;516.6
3;2018-11-11 12:00:00;459.0;80.7;7.9;5.7;91203.0;20.5;1125.7;729.5;26365.5;23.6;2.3;12.6;448.1
3;2018-11-11 13:00:00;260.0;59.5;2.8;2.0;33280.0;12.9;1448.6;487.6;22142.8;19.3;0.1;8.7;451.4
3;2018-11-11 14:00:00;239.7;56.5;3.8;1.0;36773.7;11.9;1204.6;363.7;21286.7;18.4;0.0;9.1;415.6
3;2018-11-11 15:00:00;308.2;55.6;5.1;0.7;34555.5;12.2;1111.8;399.4;22877.4;21.3;0.0;10.3;506.4
3;2018-11-11 16:00:00;266.8;55.4;6.8;0.7;34783.1;11.8;385.7;387.2;22839.2;20.3;0.0;11.1;417.3
3;2018-11-11 17:00:00;148.5;35.7;5.2;0.5;38053.5;13.1;311.1;313.7;25577.4;16.7;0.0;7.8;544.2
3;2018-11-11 18:00:00;233.6;41.8;4.1;0.5;45976.8;17.7;303.4;510.6;44679.6;3.4;7.7;8.0;383.4
3;2018-11-11 19:00:00;106.2;29.1;2.2;0.4;36176.9;12.0;351.1;232.1;24400.2;3.8;0.0;6.1;450.7
3;2018-11-11 20:00:00;110.3;27.5;3.0;0.4;33697.7;7.9;384.5;161.9;23358.1;3.6;0.0;5.7;453.6
3;2018-11-11 21:00:00;164.1;44.6;5.0;0.8;39938.3;9.8;373.9;288.6;28118.5;1.1;0.2;9.2;390.6
3;2018-11-11 22:00:00;112.2;31.1;4.0;0.4;50268.6;9.7;339.4;243.3;23648.4;2.8;0.0;5.9;427.3
3;2018-11-11 23:00:00;187.1;38.6;4.9;0.5;24269.8;11.7;345.4;335.7;25714.0;3.5;0.1;8.1;398.1
3;2018-11-12 00:00:00;421.4;51.4;6.1;0.7;60061.9;76.6;657.8;572.0;27975.7;3.1;0.1;10.9;377.2
3;2018-11-12 01:00:00;415.7;47.7;9.0;0.7;63951.3;76.9;402.7;640.3;21468.2;4.8;0.1;10.4;348.8
3;2018-11-12 02:00:00;350.7;45.5;8.9;0.7;47617.0;52.0;413.2;518.5;21952.8;2.7;0.4;10.8;114.1
3;2018-11-12 03:00:00;331.2;64.0;45.6;0.9;53919.4;38.0;376.3;574.0;98722.2;3.0;0.2;14.3;133.5
3;2018-11-12 04:00:00;343.8;68.3;23.5;2.8;65684.2;26.5;6898.4;512.7;53462.2;7.9;0.7;10.9;229.5
3;2018-11-12 05:00:00;611.8;73.4;5.8;40.7;75601.7;34.9;8844.6;1343.7;23785.1;5.1;74.8;16.5;89.1
3;2018-11-12 06:00:00;494.1;62.3;9.4;1.3;74669.5;29.5;572.9;862.2;38994.0;28.5;1.3;12.2;630.6
3;2018-11-12 07:00:00;547.8;65.4;9.5;13.1;111404.5;37.8;374.5;973.6;13563.0;27.4;45.3;12.3;333.8
3;2018-11-12 08:00:00;311.5;54.1;19.7;1.1;60814.9;15.3;351.2;536.1;39023.0;14.2;1.6;13.6;285.8
3;2018-11-12 09:00:00;667.0;53.2;9.6;5.5;69229.4;40.2;575.3;1005.4;22857.9;40.0;11.7;13.4;337.5
3;2018-11-12 10:00:00;1362.8;70.4;9.5;4.6;115643.5;45.6;525.2;1319.3;3084.0;45.1;14.4;12.3;350.8
3;2018-11-12 11:00:00;1177.8;64.4;9.2;5.5;74017.1;48.8;480.7;1219.5;26425.0;36.3;13.7;10.8;269.2
3;2018-11-12 12:00:00;918.8;73.4;14.1;2.4;75789.1;58.5;376.1;1276.9;14455.9;11.0;1.0;14.6;352.7
3;2018-11-12 13:00:00;596.5;72.9;13.2;5.3;102907.4;41.6;291.9;1465.2;19262.5;15.4;9.5;12.9;425.8
3;2018-11-12 14:00:00;382.9;74.8;11.8;4.6;109993.8;37.0;307.0;1248.4;15879.9;16.7;6.0;13.3;471.0
3;2018-11-12 15:00:00;407.0;72.8;9.5;5.6;135383.5;36.2;397.2;1168.3;15557.5;16.9;16.4;13.1;357.0
3;2018-11-12 16:00:00;407.8;78.7;10.1;2.4;113992.8;40.2;248.2;1252.6;23727.7;30.6;1.5;14.3;431.6
3;2018-11-12 17:00:00;476.1;90.0;10.5;11.8;100594.1;35.1;192.0;1171.2;25201.2;19.9;6.7;16.6;320.9
3;2018-11-12 18:00:00;392.3;78.5;6.3;3.7;100854.5;35.5;287.7;1125.9;19998.3;20.9;4.7;12.3;372.0
3;2018-11-12 19:00:00;600.5;74.2;9.5;2.6;78526.0;31.4;291.2;1054.2;22685.9;21.0;2.3;14.2;484.9
3;2018-11-12 20:00:00;540.0;66.6;7.4;3.1;57776.3;30.7;283.0;937.4;29233.6;16.0;2.4;12.6;343.9
3;2018-11-12 21:00:00;470.3;65.6;8.5;6.9;64229.3;28.0;360.0;1015.3;25755.9;22.3;7.8;12.3;387.8
3;2018-11-12 22:00:00;907.7;57.3;4.2;1.3;75302.9;27.2;318.0;1156.4;22303.3;25.2;1.9;10.0;445.9
3;2018-11-12 23:00:00;318.5;54.3;5.4;2.6;53480.2;21.3;299.8;682.3;24835.1;23.4;3.0;9.4;318.0
3;2018-11-13 00:00:00;460.7;81.8;7.7;3.0;108892.1;76.6;333.8;1108.6;18207.7;17.4;5.8;14.5;321.5
3;2018-11-13 01:00:00;497.5;76.9;7.0;1.5;117700.9;73.1;462.2;1105.2;22862.7;14.1;1.4;14.2;598.0
3;2018-11-13 02:00:00;461.5;88.2;10.8;5.9;132802.1;59.1;270.0;1069.8;14253.2;5.3;0.4;16.8;487.3
3;2018-11-13 03:00:00;412.1;73.0;35.7;2.0;123954.2;32.9;405.9;978.4;98122.5;8.3;1.9;12.2;354.9
3;2018-11-13 04:00:00;361.4;93.3;12.0;10.3;93567.4;39.0;778.7;1102.1;43581.6;14.1;0.7;14.4;483.4
3;2018-11-13 05:00:00;522.2;75.9;14.7;2.1;90077.6;33.6;1175.7;965.9;21371.8;7.3;0.3;13.2;386.9
3;2018-11-13 06:00:00;401.1;65.0;9.6;3.9;135953.7;35.6;866.2;1019.5;16228.4;10.0;2.1;12.8;349.4
3;2018-11-13 07:00:00;339.8;74.1;21.4;3.9;135926.7;27.6;283.2;996.2;20390.5;22.1;2.6;15.8;495.9
3;2018-11-13 08:00:00;286.8;46.8;7.2;1.0;89998.4;23.3;384.8;767.4;18669.6;15.8;0.2;8.4;284.0
3;2018-11-13 09:00:00;321.2;57.1;12.2;1.9;119541.1;29.3;322.6;820.2;28540.9;19.7;1.9;11.4;343.3
3;2018-11-13 10:00:00;304.7;49.1;8.2;1.3;82270.0;31.4;386.6;793.8;36452.7;21.3;3.9;11.6;332.3
3;2018-11-13 11:00:00;273.2;46.3;11.1;0.7;95617.2;30.1;261.1;769.2;21875.1;49.0;4.8;10.1;297.1
3;2018-11-13 12:00:00;336.8;77.4;10.9;3.6;173832.5;28.2;222.7;923.6;22783.8;12.3;4.5;16.3;447.4
3;2018-11-13 13:00:00;537.4;65.7;10.3;1.6;142883.1;25.9;198.9;821.3;18767.1;17.5;1.9;13.0;360.6
3;2018-11-13 14:00:00;328.8;52.1;9.0;1.5;144460.2;26.8;272.2;819.6;18685.9;18.5;1.5;10.3;420.6
3;2018-11-13 15:00:00;372.2;59.2;7.5;3.1;105119.4;24.0;231.7;750.1;23728.0;20.0;2.9;10.0;340.9
3;2018-11-13 16:00:00;1080.7;74.3;9.5;4.8;114121.2;23.5;220.0;719.0;15356.1;12.5;7.1;15.6;333.3
3;2018-11-13 17:00:00;269.6;56.0;7.9;1.2;127585.9;20.2;230.6;627.3;16227.4;11.4;5.5;12.9;225.6
3;2018-11-13 18:00:00;295.5;47.4;7.7;0.6;105388.6;23.2;238.0;611.1;14800.3;15.8;6.7;9.9;127.5
3;2018-11-13 19:00:00;214.0;55.3;7.5;0.6;86984.8;23.8;321.1;632.6;15588.9;17.9;0.6;10.0;308.4
3;2018-11-13 20:00:00;403.4;53.6;6.9;1.1;89606.3;26.5;238.9;1019.6;19946.9;11.6;0.6;11.5;367.7
3;2018-11-13 21:00:00;357.1;65.7;12.7;2.0;85880.2;30.9;357.3;1079.7;23472.9;9.4;5.2;12.6;372.1
3;2018-11-13 22:00:00;223.1;47.8;7.7;0.7;83027.8;23.5;1089.5;932.3;17917.6;17.1;0.2;9.6;196.0
3;2018-11-13 23:00:00;286.5;44.1;10.2;0.5;71183.4;20.4;1092.3;800.8;17643.1;10.7;0.7;8.3;94.5
3;2018-11-14 00:00:00;621.0;67.6;15.8;1.5;131382.2;99.7;1046.9;1132.1;20078.3;4.0;13.9;14.3;201.0
3;2018-11-14 01:00:00;624.6;71.8;12.3;1.1;137040.6;92.1;1100.5;1171.1;8100.5;2.0;19.3;15.3;346.7
3;2018-11-14 02:00:00;566.5;78.3;15.9;2.0;110112.9;68.4;823.6;1086.3;9069.9;2.6;11.6;18.9;473.8
3;2018-11-14 03:00:00;384.8;62.4;19.7;0.8;70184.7;41.4;1163.8;801.0;33374.3;4.8;1.1;14.0;311.3
3;2018-11-14 04:00:00;526.4;77.6;39.5;2.0;86251.2;33.3;1271.3;997.5;64026.9;8.2;4.6;14.7;594.7
3;2018-11-14 05:00:00;383.0;49.8;20.1;0.8;100377.5;29.1;771.6;891.2;6586.1;8.1;0.2;10.6;431.0
3;2018-11-14 06:00:00;263.3;56.5;11.5;0.7;92227.2;28.9;652.2;840.7;8417.3;6.2;2.8;10.5;555.3
3;2018-11-14 07:00:00;506.0;80.5;13.5;3.4;93566.1;32.6;405.2;956.2;20424.7;15.8;3.0;16.2;668.8
3;2018-11-14 08:00:00;294.8;65.7;19.7;1.2;65769.2;28.3;461.6;734.9;20409.0;22.8;1.8;16.0;380.1
3;2018-11-14 09:00:00;505.1;64.6;16.2;4.6;74983.7;39.4;358.6;903.3;36399.0;25.3;16.8;13.4;393.3
3;2018-11-14 10:00:00;291.5;54.3;14.0;2.1;83965.1;28.5;508.0;701.2;15649.4;26.2;1.5;13.0;414.8
3;2018-11-14 11:00:00;385.2;71.8;8.6;3.4;75318.1;34.1;280.1;879.7;15368.1;29.5;11.9;14.4;511.1
3;2018-11-14 12:00:00;476.1;84.7;8.4;9.5;180039.2;32.9;162.2;1008.0;16833.5;27.7;19.8;15.8;536.2
3;2018-11-14 13:00:00;370.5;94.1;11.1;10.1;134506.7;34.2;178.4;984.3;34476.1;16.0;8.9;16.7;382.9
3;2018-11-14 14:00:00;422.1;81.2;5.8;5.8;118257.7;25.4;264.3;764.4;13620.7;19.5;13.8;12.4;278.7
3;2018-11-14 15:00:00;344.0;76.3;6.5;3.7;90133.3;23.8;338.6;673.0;17306.0;20.5;14.2;12.4;321.2
3;2018-11-14 16:00:00;326.6;64.4;6.9;2.3;83467.0;27.8;326.0;592.4;15594.7;19.2;13.6;10.5;224.3
3;2018-11-14 17:00:00;377.4;70.1;10.9;4.3;132500.4;32.9;527.3;967.3;14382.0;19.1;6.9;13.2;568.2
3;2018-11-14 18:00:00;412.1;71.8;6.8;3.9;78943.3;26.9;352.4;835.4;19451.9;22.4;4.7;12.8;423.2
3;2018-11-14 19:00:00;293.0;54.7;7.1;1.3;73911.4;29.9;792.1;776.5;17218.6;25.5;0.5;11.4;392.1
3;2018-11-14 20:00:00;214.1;46.9;5.7;0.6;60479.2;26.5;1299.7;661.3;31593.7;13.3;0.2;9.8;441.3
3;2018-11-14 21:00:00;258.3;41.0;7.3;0.5;46916.6;25.4;1146.7;578.2;36633.3;2.5;0.1;7.9;190.9
3;2018-11-14 22:00:00;280.8;63.5;15.3;1.7;30250.5;27.8;1395.3;559.9;75430.6;2.8;1.1;13.6;242.7
3;2018-11-14 23:00:00;204.8;38.7;16.1;0.7;36328.0;21.9;1179.8;482.3;76031.4;3.6;0.5;10.3;114.6
3;2018-11-16 00:00:00;221.5;44.3;30.9;0.7;89788.7;32.9;930.8;639.8;132797.6;2.9;0.2;12.3;217.7
3;2018-11-16 01:00:00;286.5;53.3;32.1;0.9;107226.5;29.5;483.0;715.8;113557.9;3.1;1.0;13.5;220.5
3;2018-11-16 02:00:00;263.0;37.9;32.5;0.7;94190.1;27.4;472.8;674.5;140965.9;1.9;0.1;11.4;137.7
3;2018-11-16 03:00:00;433.0;47.8;33.2;0.7;105882.2;26.2;784.1;682.6;140102.1;6.3;2.8;11.4;274.8
3;2018-11-16 04:00:00;355.5;57.3;22.7;1.9;128154.9;32.0;5161.8;844.3;143463.4;9.2;1.6;13.7;642.3
3;2018-11-16 05:00:00;365.9;45.1;66.5;0.7;114567.0;31.4;6690.4;940.8;167542.0;16.4;0.3;11.6;630.3
3;2018-11-16 06:00:00;386.6;51.1;27.1;0.8;99048.9;26.4;611.5;824.7;131479.3;18.2;1.3;13.3;445.4
3;2018-11-16 07:00:00;260.5;51.8;31.3;0.8;87939.3;23.9;435.4;666.4;121083.9;7.9;2.2;14.8;455.3
3;2018-11-16 08:00:00;362.6;68.8;38.1;2.5;97217.2;30.9;428.8;869.1;103612.2;18.9;2.9;18.0;603.7
3;2018-11-16 09:00:00;281.0;53.1;24.8;0.9;62273.2;28.6;528.4;768.3;116162.7;18.6;0.5;13.8;349.2
3;2018-11-16 10:00:00;468.8;63.8;23.2;3.9;96246.0;40.6;511.6;1237.4;127651.2;34.2;26.7;15.3;473.8
3;2018-11-16 11:00:00;335.4;73.4;23.9;2.0;89823.4;34.2;511.7;1118.8;136472.1;17.4;3.4;16.5;470.6
3;2018-11-16 12:00:00;342.2;62.3;21.5;1.7;79266.6;35.3;450.4;1016.0;89046.9;21.8;12.9;13.5;393.2
3;2018-11-16 13:00:00;295.0;55.8;21.3;0.9;55328.1;29.3;1180.4;854.0;105892.2;15.1;6.0;12.6;312.5
3;2018-11-16 14:00:00;316.8;73.8;24.3;2.3;77066.2;28.9;1055.5;764.2;117467.5;16.3;5.3;16.0;156.0
3;2018-11-16 15:00:00;363.0;69.2;21.1;2.3;103879.9;34.9;993.5;867.6;83943.3;5.4;39.2;15.8;174.3
3;2018-11-16 16:00:00;348.3;67.9;22.0;2.4;81587.1;31.4;1047.6;758.1;145257.8;3.0;28.5;14.6;267.5
3;2018-11-16 17:00:00;584.8;53.7;19.1;0.6;69790.5;22.0;1153.8;558.5;121713.7;3.4;1.4;10.9;305.7
3;2018-11-16 18:00:00;252.9;49.7;12.6;0.7;59926.9;16.7;1178.4;481.7;54997.0;3.3;1.2;10.2;300.6
3;2018-11-16 19:00:00;216.4;38.1;10.3;0.5;21955.7;16.4;289.5;455.4;58667.7;5.4;0.1;7.5;63.8
3;2018-11-16 20:00:00;259.3;54.4;13.8;0.9;75737.4;16.6;292.0;530.1;61363.1;4.5;1.4;9.9;344.8
3;2018-11-16 21:00:00;173.8;45.6;7.7;0.5;50878.8;18.6;281.1;643.8;64492.1;6.0;0.3;7.6;123.4
3;2018-11-16 22:00:00;167.7;48.8;8.6;0.6;42280.2;16.4;271.5;511.1;61262.9;5.4;0.1;8.7;110.7
3;2018-11-16 23:00:00;143.6;37.9;4.2;0.5;32422.0;14.9;243.7;374.0;15597.3;9.4;0.1;7.2;121.5
3;2018-11-17 00:00:00;256.4;50.1;12.9;0.5;37260.1;35.1;392.6;396.9;23883.7;7.0;5.4;9.1;188.1
3;2018-11-17 01:00:00;190.6;50.0;4.5;0.6;23300.7;20.3;238.1;401.8;23881.3;10.4;4.5;8.2;334.0
3;2018-11-17 02:00:00;316.4;47.9;7.3;2.1;51993.9;17.5;287.5;433.9;30549.8;5.4;16.7;8.8;283.3
3;2018-11-17 03:00:00;237.8;47.1;8.6;0.6;41335.3;16.6;352.9;435.4;61013.2;10.4;10.3;9.0;159.8
3;2018-11-17 04:00:00;206.5;59.5;10.2;0.9;75278.9;18.7;6317.7;587.2;66602.1;19.3;0.6;10.6;483.7
3;2018-11-17 05:00:00;337.8;52.5;73.2;0.6;99470.4;23.1;6667.8;743.7;112127.9;13.7;0.6;9.8;430.1
3;2018-11-17 06:00:00;223.4;43.9;12.2;0.6;87717.4;18.9;326.1;564.8;62834.6;10.7;12.8;8.9;311.9
3;2018-11-17 07:00:00;200.9;51.7;17.7;0.7;74513.2;17.0;313.4;489.7;66820.1;3.4;6.8;10.0;258.5
3;2018-11-17 08:00:00;367.4;47.8;14.0;3.1;68939.7;20.2;281.6;760.6;77432.6;11.0;3.5;9.7;376.8
3;2018-11-17 09:00:00;416.6;59.2;11.1;3.0;90814.8;29.9;304.5;1092.4;44658.0;26.2;10.0;11.7;364.9
3;2018-11-17 10:00:00;471.7;68.3;11.8;3.5;53200.4;24.5;9469.2;1065.9;48607.9;22.9;9.8;10.6;458.6
3;2018-11-17 11:00:00;280.8;54.2;10.6;0.8;55539.0;20.2;243.1;807.2;86259.2;21.6;0.9;8.6;476.2
3;2018-11-17 12:00:00;241.9;40.2;10.3;0.5;61912.7;15.2;282.8;605.8;62410.9;18.8;0.5;7.2;333.5
3;2018-11-17 13:00:00;242.6;51.2;7.4;1.7;51861.7;12.3;10004.5;449.1;72693.4;17.1;1.4;7.4;620.1
3;2018-11-17 14:00:00;353.6;51.2;9.2;1.3;51469.1;11.1;11965.8;409.2;81231.7;17.0;1.2;8.3;717.5
3;2018-11-17 15:00:00;301.4;59.4;8.2;1.4;27131.8;13.4;10791.0;553.4;71637.1;16.1;1.5;10.2;836.4
3;2018-11-17 16:00:00;196.0;49.6;13.8;0.6;24188.2;10.2;11201.5;303.2;73211.5;1.2;1.1;10.5;637.2
3;2018-11-17 17:00:00;211.3;56.8;13.5;0.7;25356.8;9.2;11649.5;303.3;63243.5;2.7;5.4;11.4;518.9
3;2018-11-17 18:00:00;196.9;50.7;14.0;0.8;40126.7;10.2;15984.5;306.4;67652.5;0.9;11.8;10.7;425.2
3;2018-11-17 19:00:00;169.6;46.2;14.3;0.6;41928.6;9.0;13024.9;257.8;61211.6;3.6;1.5;10.1;532.3
3;2018-11-17 20:00:00;162.5;42.3;9.9;0.5;24830.6;10.4;18564.4;330.4;80118.6;1.5;0.4;7.7;482.0
3;2018-11-17 21:00:00;162.1;36.5;8.5;0.4;35292.0;9.0;15443.6;237.8;77204.0;0.8;0.8;6.0;566.7
3;2018-11-17 22:00:00;104.6;32.7;6.5;0.3;25658.9;10.5;16594.0;307.6;77101.4;0.9;0.2;5.2;538.0
3;2018-11-17 23:00:00;107.5;29.6;7.7;0.3;25686.3;9.5;20015.9;267.9;87257.0;4.4;0.2;4.6;668.0
3;2018-11-18 00:00:00;318.2;65.1;22.4;2.9;92807.6;35.3;14096.8;720.4;81899.8;5.9;40.0;10.9;499.8
3;2018-11-18 01:00:00;308.0;57.5;9.7;1.8;75483.8;27.9;15387.9;593.5;71650.4;1.4;30.3;9.6;915.0
3;2018-11-18 02:00:00;252.9;60.3;18.2;1.4;74330.5;22.8;14159.8;590.5;71793.3;1.3;21.0;9.0;866.0
3;2018-11-18 03:00:00;228.0;65.7;15.3;0.8;74895.3;28.4;15618.1;551.1;112604.8;4.6;1.6;11.8;695.2
3;2018-11-18 04:00:00;231.4;70.4;15.2;2.3;117254.8;31.6;13811.7;655.6;85036.4;7.6;1.7;12.9;726.9
3;2018-11-18 05:00:00;415.2;61.8;70.4;1.3;91123.3;36.7;18662.2;979.3;112243.2;10.9;0.9;12.3;617.9
3;2018-11-18 06:00:00;291.8;73.6;14.3;1.9;76757.4;25.7;17329.7;766.2;62614.7;14.5;0.5;16.9;745.1
3;2018-11-18 07:00:00;241.3;65.3;16.0;1.7;79742.2;20.9;14914.7;538.0;67177.9;12.1;0.0;13.4;774.8
3;2018-11-18 08:00:00;260.1;78.7;10.4;1.5;120127.9;21.7;15220.4;836.3;67467.6;13.2;0.1;12.2;855.0
3;2018-11-18 09:00:00;307.4;68.4;6.0;1.9;77008.1;18.8;14373.7;690.3;61505.7;20.2;0.7;9.4;742.8
3;2018-11-18 10:00:00;302.0;61.5;6.7;2.0;74875.6;16.1;17491.8;623.8;69607.2;18.9;0.1;10.5;687.7
3;2018-11-18 11:00:00;336.8;66.4;9.0;2.5;76187.4;31.1;13048.7;1308.1;77795.5;33.2;0.3;11.0;687.6
3;2018-11-18 12:00:00;429.3;83.8;9.3;7.0;68507.7;37.5;13449.1;1268.1;68632.3;148.3;0.5;13.6;1072.9
3;2018-11-18 13:00:00;361.8;68.3;10.5;5.1;55606.4;29.4;14827.2;1300.3;50502.8;34.9;0.5;13.0;732.2
3;2018-11-18 14:00:00;382.9;73.5;11.4;6.9;89067.4;23.8;16007.2;866.0;69172.6;28.3;0.4;13.4;739.5
3;2018-11-18 15:00:00;293.7;62.1;9.8;4.5;58818.7;19.1;19774.5;666.7;76075.6;33.5;0.5;10.5;763.5
3;2018-11-18 16:00:00;221.0;51.9;7.3;0.7;55692.0;14.7;15009.7;482.7;76725.6;21.8;0.0;8.2;783.9
3;2018-11-18 17:00:00;273.2;55.9;8.0;1.8;72991.2;15.0;15624.5;456.1;56219.4;17.9;0.5;8.8;697.7
3;2018-11-18 18:00:00;250.4;56.6;8.6;1.1;75920.6;27.1;17975.3;629.3;60099.4;10.6;7.3;10.3;662.2
3;2018-11-18 19:00:00;154.3;29.6;5.8;0.5;43534.2;14.1;16847.1;370.9;40434.7;1.7;0.1;6.2;704.9
3;2018-11-18 20:00:00;207.1;33.5;8.4;0.4;38520.5;16.2;16823.2;435.5;55746.7;6.7;0.0;7.0;697.4
3;2018-11-18 21:00:00;203.7;64.6;8.7;1.0;69726.3;17.0;15471.8;584.4;49873.4;3.9;0.4;9.2;526.1
3;2018-11-18 22:00:00;90.3;30.8;3.7;0.3;34470.1;14.4;18622.1;427.0;38073.6;5.5;0.0;4.4;632.2
3;2018-11-18 23:00:00;94.0;20.9;3.4;0.3;36667.5;11.1;17616.6;258.7;39370.5;18.4;0.0;4.2;216.2
3;2018-11-19 00:00:00;212.4;51.6;17.2;0.7;55299.4;30.6;865.8;534.1;25294.8;10.9;10.5;9.2;400.8
3;2018-11-19 01:00:00;248.4;53.0;10.0;0.7;45373.0;32.8;230.5;639.8;22223.4;3.0;11.9;11.2;680.0
3;2018-11-19 02:00:00;195.2;42.3;12.1;0.6;44951.2;21.4;371.0;524.5;60812.9;1.6;1.1;9.5;461.4
3;2018-11-19 03:00:00;540.6;47.8;13.6;1.0;88514.3;20.0;307.7;579.3;30150.5;6.0;5.4;9.6;328.7
3;2018-11-19 04:00:00;241.0;62.3;10.8;1.1;94939.6;25.6;1018.3;675.2;27113.2;8.3;0.3;13.5;532.2
3;2018-11-19 05:00:00;442.5;67.5;39.6;2.4;76224.1;33.3;762.5;800.4;104961.4;7.3;1.5;10.9;362.4
3;2018-11-19 06:00:00;234.6;49.5;5.7;0.6;74518.9;27.1;310.8;685.9;21152.5;18.5;7.9;8.8;359.6
3;2018-11-19 07:00:00;384.4;76.9;8.2;4.3;115048.1;32.9;318.6;930.4;18692.2;22.1;9.4;13.3;592.9
3;2018-11-19 08:00:00;398.9;70.4;10.0;1.9;123345.7;47.2;309.4;1351.5;15944.9;21.2;1.2;12.9;350.9
3;2018-11-19 09:00:00;406.9;73.3;10.1;3.0;96961.1;42.9;377.0;1231.2;15061.8;9.9;2.6;12.6;405.9
3;2018-11-19 10:00:00;304.7;64.0;6.8;1.3;93907.2;34.6;164.8;1055.4;29845.9;15.0;0.9;11.4;395.2
3;2018-11-19 11:00:00;337.0;53.9;7.6;1.6;59764.2;33.3;282.2;1221.2;34736.8;28.6;1.0;9.2;179.0
3;2018-11-19 12:00:00;301.3;58.4;5.0;0.6;51179.1;38.5;287.4;1456.5;57093.1;8.5;0.1;8.4;115.4
3;2018-11-19 13:00:00;549.4;55.9;12.3;0.7;64713.6;34.3;350.3;1060.5;97627.3;21.0;0.1;10.7;294.5
3;2018-11-19 14:00:00;233.4;45.4;11.0;0.6;74909.2;28.2;403.5;706.9;75845.8;20.3;4.1;9.7;307.1
3;2018-11-19 15:00:00;379.2;57.0;11.5;1.3;63753.9;36.3;303.2;679.7;48094.4;11.2;10.9;10.5;401.7
3;2018-11-19 16:00:00;464.2;43.6;13.5;0.7;66034.6;41.0;299.7;775.1;31358.9;13.2;11.4;10.0;371.4
3;2018-11-19 17:00:00;397.8;50.8;11.5;0.7;87489.4;42.9;235.3;773.2;24350.0;8.5;1.6;12.1;246.8
3;2018-11-19 18:00:00;184.5;36.7;10.6;0.6;43535.9;30.6;269.4;419.4;43160.9;3.4;0.6;9.3;166.4
3;2018-11-19 19:00:00;159.7;36.3;10.9;0.6;41292.9;29.7;258.9;398.2;28790.3;7.0;0.0;8.5;253.8
3;2018-11-19 20:00:00;102.9;17.1;4.5;0.3;40361.6;26.7;198.1;355.0;42891.8;6.7;0.0;4.1;246.0
3;2018-11-19 21:00:00;134.7;24.1;6.2;0.4;72401.5;25.5;262.0;401.9;37450.1;4.2;0.0;5.6;219.1
3;2018-11-19 22:00:00;132.6;28.5;6.4;0.4;30640.2;24.7;265.4;390.9;57328.8;8.4;0.1;5.8;234.8
3;2018-11-19 23:00:00;130.2;25.4;5.5;0.4;14121.2;22.4;226.6;321.9;25701.3;9.7;0.0;5.7;223.8
3;2018-11-20 00:00:00;331.1;57.1;20.1;2.4;89714.5;50.6;918.2;692.7;74642.0;4.4;42.8;11.8;230.4
3;2018-11-20 01:00:00;342.7;64.9;14.1;2.0;94308.2;47.1;549.3;687.6;62590.9;3.5;26.4;12.4;762.7
3;2018-11-20 02:00:00;301.0;63.0;22.7;1.5;109201.9;36.2;339.0;630.7;97860.9;5.1;18.9;13.8;615.6
3;2018-11-20 03:00:00;396.1;65.9;25.4;1.0;65866.0;34.8;392.4;632.8;93410.9;6.9;11.2;13.6;439.8
3;2018-11-20 04:00:00;336.1;70.7;32.9;2.6;100375.5;32.9;1270.6;705.5;80373.3;6.1;3.2;16.5;563.2
3;2018-11-20 05:00:00;464.5;71.9;94.6;1.8;152439.3;38.3;955.9;929.9;123703.6;11.8;1.0;17.6;498.5
3;2018-11-20 06:00:00;289.1;60.3;23.8;0.9;104380.8;40.3;606.2;754.7;67692.5;3.4;11.4;14.8;414.4
3;2018-11-20 07:00:00;271.6;57.7;26.3;0.9;71505.5;30.7;310.3;615.0;66402.1;6.9;2.4;14.8;475.3
3;2018-11-20 08:00:00;316.2;58.1;24.2;1.2;84539.0;35.2;443.9;619.5;60869.1;24.1;0.5;15.1;593.4
3;2018-11-20 09:00:00;341.3;66.3;22.9;1.4;88732.2;42.3;374.4;920.9;47667.8;14.3;2.5;15.4;377.0
3;2018-11-20 10:00:00;281.6;53.8;16.4;1.7;83291.4;44.6;411.6;784.6;71665.8;23.9;4.4;12.0;395.9
3;2018-11-20 11:00:00;518.0;55.8;18.0;2.7;96092.8;43.0;336.6;961.9;81121.0;9.3;5.3;10.5;334.8
3;2018-11-20 12:00:00;1909.2;84.6;16.0;7.0;118445.0;51.2;335.8;1164.3;66327.7;16.6;5.7;14.7;516.2
3;2018-11-20 13:00:00;402.0;65.9;6.2;2.6;109231.2;50.7;193.2;1243.9;20727.5;16.8;29.3;9.9;311.9
3;2018-11-20 14:00:00;414.7;55.2;6.7;1.1;87719.2;45.6;245.3;1123.1;27755.0;8.4;23.1;8.8;380.7
3;2018-11-20 15:00:00;390.1;64.9;6.7;2.9;105592.6;38.8;336.8;942.6;27267.2;12.2;24.7;10.0;370.2
3;2018-11-20 16:00:00;305.6;63.9;11.2;1.6;117958.0;37.1;321.5;914.8;39474.7;35.1;1.4;11.8;581.7
3;2018-11-20 17:00:00;262.3;48.7;16.3;0.7;82548.7;34.8;265.7;972.6;49276.2;8.2;2.0;10.6;446.9
3;2018-11-20 18:00:00;454.8;47.7;10.4;0.7;87247.8;33.2;236.4;582.4;23054.3;4.2;2.8;8.6;339.7
3;2018-11-20 19:00:00;287.4;40.2;3.9;0.5;62178.0;28.6;244.1;474.5;26615.8;3.0;0.5;7.0;385.5
3;2018-11-20 20:00:00;258.0;26.1;3.7;0.4;54699.2;28.2;317.2;398.3;29564.8;2.7;0.4;5.4;242.5
3;2018-11-20 21:00:00;139.5;29.7;6.2;0.5;72357.7;25.1;262.5;401.5;36554.4;0.8;0.0;6.7;103.0
3;2018-11-20 22:00:00;116.2;19.0;5.1;0.4;41257.2;28.7;120.1;287.6;40442.9;1.1;0.0;4.8;10.8
3;2018-11-20 23:00:00;139.6;20.9;4.7;0.4;36123.5;20.8;135.1;247.9;37028.2;0.4;0.0;5.2;192.1
3;2018-11-21 00:00:00;191.8;41.6;12.4;0.5;82146.4;46.4;493.3;412.3;31324.0;0.7;0.0;7.8;201.6
3;2018-11-21 01:00:00;165.7;45.9;6.0;0.6;75481.0;41.8;99.0;488.1;27586.9;0.8;0.1;9.1;234.7
3;2018-11-21 02:00:00;135.9;27.4;5.8;0.5;58112.5;30.5;117.2;416.2;15277.6;3.1;0.0;6.3;248.3
3;2018-11-21 03:00:00;165.1;40.6;8.1;0.6;85864.7;31.9;166.9;517.4;55771.2;10.4;0.1;8.3;290.3
3;2018-11-21 04:00:00;313.5;53.5;13.0;3.5;92628.3;40.5;598.5;680.9;40357.5;5.6;0.3;9.7;557.9
3;2018-11-21 05:00:00;372.0;54.9;31.1;0.9;83422.4;45.1;614.6;936.7;90755.0;32.6;0.1;10.5;294.7
3;2018-11-21 06:00:00;311.0;48.5;9.1;2.5;86086.8;33.8;368.3;770.9;26943.6;12.4;3.8;9.8;657.8
3;2018-11-21 07:00:00;186.9;42.6;10.6;0.7;101975.4;31.9;180.7;637.9;22002.7;27.0;0.2;10.1;481.5
3;2018-11-21 08:00:00;148.3;35.7;6.1;0.5;73823.0;28.2;89.5;532.7;33558.8;26.1;0.0;6.6;556.3
3;2018-11-21 09:00:00;189.9;42.6;6.3;0.5;82863.8;31.5;142.8;519.3;54116.7;29.2;2.5;6.9;468.6
3;2018-11-21 10:00:00;349.0;53.7;7.7;2.2;83568.8;43.1;108.3;1130.8;26579.9;14.2;3.3;10.0;417.4
3;2018-11-21 11:00:00;335.0;61.7;7.2;3.4;88875.1;44.5;178.8;1034.7;46692.1;16.6;2.9;10.4;329.2
3;2018-11-21 12:00:00;325.0;66.4;7.7;1.5;79197.9;46.4;115.0;1073.8;30297.3;25.8;0.7;10.9;377.9
3;2018-11-21 13:00:00;204.3;57.6;6.7;0.5;76296.1;39.2;110.1;755.7;30851.7;8.4;0.8;7.7;448.8
3;2018-11-21 14:00:00;233.1;55.3;9.6;0.6;64852.7;34.2;197.4;559.2;40706.1;6.6;1.7;8.3;242.9
3;2018-11-21 15:00:00;329.7;54.0;5.4;1.0;63231.2;36.6;145.1;575.2;30943.7;6.6;6.1;9.0;193.7
3;2018-11-21 16:00:00;196.2;48.7;4.9;0.5;54869.4;37.7;149.7;515.9;27990.8;5.3;13.9;7.3;187.2
3;2018-11-21 17:00:00;281.1;58.2;7.9;0.6;60369.7;36.6;92.0;512.3;33059.4;7.2;9.8;8.9;261.8
3;2018-11-21 18:00:00;252.4;59.9;6.7;0.8;72020.3;37.8;103.1;611.7;27349.8;6.7;19.9;9.6;297.3
3;2018-11-21 19:00:00;260.7;47.8;11.8;0.5;75754.9;35.6;118.1;547.8;36560.3;9.0;0.0;8.6;283.2
3;2018-11-21 20:00:00;190.6;28.0;10.9;0.5;58590.2;29.6;185.1;437.3;15475.0;4.1;0.0;6.5;395.7
3;2018-11-21 21:00:00;225.0;42.1;14.1;0.6;78351.0;33.2;119.8;612.5;21153.3;8.2;0.1;8.7;91.8
3;2018-11-21 22:00:00;145.8;35.3;8.8;0.4;61705.6;29.8;99.9;554.1;27377.9;9.6;0.0;6.0;105.7
3;2018-11-21 23:00:00;102.2;26.0;4.9;0.4;53339.0;28.9;183.2;534.5;35812.5;13.7;0.0;4.7;102.4
3;2018-11-22 00:00:00;317.4;63.4;11.3;0.8;96443.9;50.2;706.4;754.2;18830.6;6.7;10.4;13.3;304.2
3;2018-11-22 01:00:00;288.3;56.2;12.7;0.8;80362.0;46.2;411.5;712.6;30279.6;5.0;8.2;12.1;457.5
3;2018-11-22 02:00:00;276.8;60.2;14.8;0.9;74784.4;45.8;137.7;700.9;25521.1;2.4;0.0;13.3;219.4
3;2018-11-22 03:00:00;295.9;44.3;9.7;0.7;86375.3;38.9;266.2;572.4;40656.8;6.1;0.1;8.8;199.2
3;2018-11-22 04:00:00;224.0;61.0;15.8;0.7;101535.9;39.8;631.6;770.3;58457.4;9.1;0.0;11.3;434.9
3;2018-11-22 05:00:00;414.4;57.0;52.5;0.8;87274.7;48.2;563.0;966.8;114752.7;12.5;0.1;11.3;323.1
3;2018-11-22 06:00:00;240.8;57.8;11.0;0.8;78685.6;38.3;609.8;715.4;18285.9;12.4;0.7;11.5;490.0
3;2018-11-22 07:00:00;335.8;76.3;12.4;2.0;101383.0;38.1;240.4;887.6;21477.2;9.5;0.4;15.2;572.4
3;2018-11-22 08:00:00;271.0;54.9;10.8;0.9;90462.0;42.9;301.3;669.4;30220.4;39.3;0.1;11.9;465.8
3;2018-11-22 09:00:00;269.0;53.6;9.3;1.0;111620.6;36.9;218.9;675.0;32131.1;24.4;0.6;9.7;446.6
3;2018-11-22 10:00:00;370.5;65.8;8.4;2.9;115907.1;39.2;138.0;881.5;21270.1;21.9;2.1;11.7;436.3
3;2018-11-22 11:00:00;311.0;59.8;12.5;2.4;78631.3;35.0;217.8;918.8;57363.4;30.7;0.6;11.3;414.0
3;2018-11-22 12:00:00;277.1;67.6;7.9;1.4;69336.3;29.2;268.4;765.1;68183.4;22.8;0.8;9.8;274.1
3;2018-11-22 13:00:00;278.7;73.8;9.4;3.9;87493.3;23.3;766.7;730.7;58272.5;27.6;1.7;10.2;456.0
3;2018-11-22 14:00:00;310.6;75.7;11.7;4.5;76429.7;26.0;761.7;877.3;49664.3;19.4;3.8;11.6;358.3
3;2018-11-22 15:00:00;286.5;67.3;17.7;2.6;106055.6;26.8;719.2;597.1;54278.5;9.4;8.0;13.8;286.1
3;2018-11-22 16:00:00;247.6;56.6;12.9;0.7;73902.3;25.9;975.8;626.8;58959.6;5.0;2.2;11.1;182.4
3;2018-11-22 17:00:00;229.9;57.9;9.7;0.6;85949.3;26.9;1048.5;615.1;27975.9;11.1;1.1;9.4;305.4
3;2018-11-22 18:00:00;207.2;43.6;10.0;0.5;57363.1;23.8;723.6;521.8;36031.8;7.2;1.7;7.8;164.3
3;2018-11-22 19:00:00;203.5;38.0;9.8;0.5;38565.9;28.7;965.5;612.1;41710.3;7.7;0.0;7.4;163.2
3;2018-11-22 20:00:00;157.8;34.1;13.9;0.5;29073.4;19.0;104.1;458.4;67974.4;8.2;0.0;7.5;218.1
3;2018-11-22 21:00:00;278.6;58.6;9.4;0.8;49863.5;23.4;130.1;593.5;64078.2;8.1;0.3;9.4;57.6
3;2018-11-22 22:00:00;219.2;57.0;10.9;0.8;32319.0;23.0;138.1;610.8;56605.6;8.0;0.2;10.7;184.5
3;2018-11-22 23:00:00;166.4;32.3;9.4;0.5;51954.9;18.1;66.1;415.3;32984.0;10.4;0.0;7.9;182.8
3;2018-11-23 00:00:00;288.2;58.4;22.1;0.8;77319.2;42.0;546.6;760.9;44872.1;7.8;7.5;11.8;218.3
3;2018-11-23 01:00:00;300.2;70.4;11.5;1.0;74756.7;37.8;250.2;780.8;29794.2;5.8;13.8;14.1;528.0
3;2018-11-23 02:00:00;266.0;64.2;16.7;0.9;61238.8;33.9;202.8;827.2;32248.7;4.9;4.5;13.3;317.8
3;2018-11-23 03:00:00;436.7;48.0;14.8;0.9;75027.6;27.8;251.2;670.9;47827.4;7.5;4.2;10.7;301.8
3;2018-11-23 04:00:00;397.9;72.9;15.4;2.3;108040.6;33.0;714.4;792.4;49331.8;7.8;3.7;12.0;686.6
3;2018-11-23 05:00:00;379.2;48.3;47.7;0.8;106758.5;35.0;689.8;954.8;92558.4;28.9;0.3;9.6;593.6
3;2018-11-23 06:00:00;333.2;61.3;11.1;1.4;92388.8;30.4;479.6;825.0;29775.9;17.9;2.5;12.9;658.4
3;2018-11-23 07:00:00;390.4;60.7;12.0;1.0;68373.0;28.8;217.7;757.5;25198.9;21.8;1.6;12.6;505.8
3;2018-11-23 08:00:00;281.4;50.6;11.4;1.2;63819.0;24.4;275.0;611.9;36617.0;34.1;0.4;9.4;489.1
3;2018-11-23 09:00:00;321.4;75.1;14.4;2.3;73932.1;24.9;109.6;680.6;39300.5;17.5;0.8;11.8;523.4
3;2018-11-23 10:00:00;286.5;44.8;12.8;1.0;64130.2;24.1;217.4;580.9;45184.1;17.6;0.4;8.4;267.8
3;2018-11-23 11:00:00;288.7;75.9;13.2;2.4;76648.6;28.5;301.4;724.0;41890.4;20.1;0.8;12.3;394.5
3;2018-11-23 12:00:00;1067.8;63.4;10.3;1.6;91153.6;29.9;234.6;901.5;39308.4;26.9;0.9;11.6;527.5
3;2018-11-23 13:00:00;2088.2;66.9;8.4;1.4;79766.6;33.9;177.7;1201.8;35339.5;21.8;2.9;13.0;530.0
3;2018-11-23 14:00:00;386.1;65.8;7.7;4.4;88735.0;32.2;234.6;929.3;20905.5;30.4;6.6;12.1;448.9
3;2018-11-23 15:00:00;340.0;56.7;5.3;0.7;75847.7;28.0;1042.4;944.0;15494.2;24.1;0.7;9.8;429.6
3;2018-11-23 16:00:00;277.2;42.0;6.1;0.8;46613.3;23.2;1246.6;535.1;24690.8;25.7;1.0;8.4;232.4
3;2018-11-23 17:00:00;200.1;35.9;7.3;0.5;70015.7;22.0;1570.2;530.7;36676.9;28.1;0.1;7.4;304.9
3;2018-11-23 18:00:00;211.0;41.9;5.8;0.5;39568.0;23.1;1656.0;537.4;18059.8;10.4;0.1;7.5;224.5
3;2018-11-23 19:00:00;173.8;33.8;5.1;0.4;34530.5;20.3;685.1;431.1;18973.3;1.7;0.0;6.4;286.7
3;2018-11-23 20:00:00;249.9;40.7;12.0;0.6;38480.8;21.1;230.9;498.5;28123.6;6.3;0.2;9.2;351.1
3;2018-11-23 21:00:00;224.0;42.4;10.7;0.6;47974.5;17.6;159.1;451.7;29912.9;7.3;0.1;8.0;70.3
3;2018-11-23 22:00:00;174.7;45.4;4.4;0.5;31865.1;15.7;94.0;470.8;17873.7;7.5;0.3;6.8;57.7
3;2018-11-23 23:00:00;148.9;25.6;5.4;0.5;30306.1;13.8;119.0;403.8;21268.7;9.3;0.0;5.3;108.1
3;2018-11-24 00:00:00;186.5;33.0;8.1;0.5;43939.3;30.3;829.3;300.6;19376.8;5.4;0.0;6.1;214.4
3;2018-11-24 01:00:00;174.8;30.7;3.1;0.4;33032.7;15.6;106.8;270.6;12232.0;4.7;0.0;5.2;314.7
3;2018-11-24 02:00:00;118.8;31.2;5.1;0.4;42588.7;15.8;147.5;338.8;18372.0;6.7;0.0;5.5;289.1
3;2018-11-24 03:00:00;202.0;46.6;5.6;0.5;43350.6;14.2;200.7;346.6;39663.3;9.6;1.6;6.5;201.3
3;2018-11-24 04:00:00;245.2;55.9;5.7;1.1;89155.0;21.2;1068.4;568.6;15988.5;20.1;1.7;9.6;783.2
3;2018-11-24 05:00:00;318.4;42.8;50.9;0.4;77081.5;21.1;1200.8;592.7;135317.7;16.4;0.2;7.0;356.1
3;2018-11-24 06:00:00;156.6;35.9;5.9;0.4;74587.7;16.2;330.8;432.8;16967.9;7.4;1.4;6.3;576.4
3;2018-11-24 07:00:00;154.6;39.8;4.7;0.5;62942.8;16.0;179.2;442.6;22732.8;9.1;0.1;6.6;208.4
3;2018-11-24 08:00:00;362.2;39.1;5.3;0.7;79583.7;18.9;220.6;703.5;21717.6;23.3;8.1;7.5;344.4
3;2018-11-24 09:00:00;355.3;58.7;6.3;1.5;57901.8;23.0;1120.6;726.3;18599.1;25.1;4.5;9.4;346.6
3;2018-11-24 10:00:00;433.5;64.9;4.5;4.1;32021.0;21.7;1331.0;778.1;14308.2;19.1;12.6;10.0;279.5
3;2018-11-24 11:00:00;250.2;55.3;4.8;1.1;47322.0;18.6;819.5;585.1;44431.5;14.3;4.0;7.7;371.0
3;2018-11-24 12:00:00;357.7;42.9;2.5;2.3;78595.4;16.9;1605.6;560.9;14474.2;20.3;5.2;5.8;317.2
3;2018-11-24 13:00:00;247.5;43.5;2.2;1.1;71195.1;12.3;1227.7;427.1;14656.2;17.5;2.8;6.3;355.3
3;2018-11-24 14:00:00;80.0;17.7;2.3;0.3;29132.6;7.2;114.9;187.7;30026.1;3.9;0.0;3.4;278.5
3;2018-11-24 15:00:00;226.8;18.4;0.8;0.3;26111.0;6.4;81.0;149.5;11943.9;6.5;0.0;3.2;340.6
3;2018-11-24 16:00:00;50.5;13.6;1.1;0.2;34849.0;6.9;65.9;146.4;11450.5;5.4;0.0;2.3;209.8
3;2018-11-24 17:00:00;44.5;8.2;0.5;0.2;32888.7;6.1;52.7;119.5;12669.8;6.0;0.0;1.8;193.5
3;2018-11-24 18:00:00;129.4;22.4;7.8;0.4;27992.2;9.2;167.1;244.8;11594.3;7.1;0.1;4.7;359.4
3;2018-11-24 19:00:00;77.3;23.7;5.3;0.2;53999.0;8.0;107.3;248.0;23323.7;7.8;0.0;2.5;259.7
3;2018-11-24 20:00:00;106.0;29.9;2.8;0.3;34239.5;9.9;117.0;355.2;33275.4;6.4;0.0;4.2;429.2
3;2018-11-24 21:00:00;130.0;30.2;2.0;0.4;51776.0;8.5;159.8;273.7;15672.8;8.3;0.0;5.1;440.3
3;2018-11-24 22:00:00;51.0;16.1;0.7;0.2;29737.3;7.1;165.0;188.3;13848.2;1.4;0.0;2.4;357.7
3;2018-11-24 23:00:00;52.4;18.2;0.5;0.2;53937.5;8.8;177.2;251.7;15049.3;1.8;0.0;2.7;192.1
3;2018-11-25 00:00:00;262.3;54.1;19.6;0.6;78533.0;35.0;775.3;612.6;18589.3;6.0;15.6;10.0;350.6
3;2018-11-25 01:00:00;253.6;56.0;9.0;0.7;93809.0;34.2;255.1;590.5;18985.6;2.9;3.2;11.0;693.7
3;2018-11-25 02:00:00;179.4;50.5;13.0;0.6;54094.6;22.2;229.3;426.7;16803.7;2.6;0.5;9.3;614.9
3;2018-11-25 03:00:00;246.9;37.8;15.1;0.6;48863.6;21.4;257.1;567.3;36667.5;5.7;0.1;6.7;369.1
3;2018-11-25 04:00:00;272.9;81.2;6.4;2.0;91546.9;37.8;649.5;664.3;31669.5;3.8;2.8;12.8;533.1
3;2018-11-25 05:00:00;350.5;72.2;34.8;4.3;75212.9;34.7;269.2;809.3;104540.0;11.1;1.7;11.7;661.9
3;2018-11-25 06:00:00;213.3;56.5;7.1;0.7;73810.1;26.7;248.3;510.2;21435.0;19.6;0.1;10.6;618.6
3;2018-11-25 07:00:00;224.4;43.8;7.2;0.6;94455.3;24.9;271.7;653.1;18906.9;11.5;0.0;8.5;276.7
3;2018-11-25 08:00:00;282.6;56.5;8.0;2.4;83480.4;22.6;201.6;789.3;18436.8;18.0;0.9;8.7;817.4
3;2018-11-25 09:00:00;372.0;66.7;3.4;3.2;62154.9;24.1;241.0;823.1;4884.1;28.2;0.6;9.5;569.0
3;2018-11-25 10:00:00;340.3;68.7;5.7;2.1;68250.9;22.8;585.3;783.3;13181.0;27.2;0.1;10.0;509.2
3;2018-11-25 11:00:00;264.9;79.5;4.8;4.9;89716.2;23.7;971.6;764.8;42588.0;31.8;0.3;11.4;573.4
3;2018-11-25 12:00:00;368.6;46.4;5.0;1.6;66816.3;20.0;982.2;518.8;24299.0;20.3;0.1;7.9;471.9
3;2018-11-25 13:00:00;229.1;38.7;2.3;0.8;77860.2;14.9;1184.1;434.1;17697.8;21.0;0.0;4.9;442.7
3;2018-11-25 14:00:00;242.3;38.6;3.9;0.8;35900.6;14.5;1118.3;342.1;17619.6;18.2;0.0;6.4;427.9
3;2018-11-25 15:00:00;178.2;41.5;4.8;0.5;38954.9;11.5;1539.4;325.6;13013.3;18.2;0.0;6.7;606.3
3;2018-11-25 16:00:00;160.0;33.0;10.9;0.5;57513.8;12.4;303.9;366.4;73960.9;6.8;0.0;6.8;324.7
3;2018-11-25 17:00:00;116.8;33.1;5.7;0.4;33915.5;12.1;97.1;235.4;24624.1;6.1;0.0;5.4;220.1
3;2018-11-25 18:00:00;173.7;40.2;7.0;0.5;33225.7;15.8;137.9;400.9;28980.8;8.0;0.1;7.8;366.3
3;2018-11-25 19:00:00;156.9;31.5;5.1;0.5;47127.6;13.1;81.9;282.4;19216.9;7.9;0.1;6.9;509.9
3;2018-11-25 20:00:00;134.7;18.4;3.1;0.4;68461.8;10.2;123.2;288.1;18188.9;1.1;0.0;4.1;321.2
3;2018-11-25 21:00:00;114.3;25.5;5.1;0.4;55175.1;10.4;77.1;261.1;24215.6;0.6;0.0;4.9;330.7
3;2018-11-25 22:00:00;187.3;30.1;3.7;0.5;34058.5;12.8;69.5;310.7;17879.0;18.9;0.2;6.1;360.2
3;2018-11-25 23:00:00;168.0;29.8;3.7;0.4;32542.2;11.7;118.1;281.2;21402.4;11.9;0.1;5.1;459.6
3;2018-11-26 00:00:00;256.0;51.6;7.4;0.6;92820.0;32.1;781.0;512.2;18900.0;4.8;15.0;10.3;427.2
3;2018-11-26 01:00:00;257.5;58.7;6.2;0.7;133751.2;37.6;354.8;584.3;24569.3;0.6;10.6;11.3;647.6
3;2018-11-26 02:00:00;266.7;58.5;15.1;0.7;74474.6;31.2;113.8;565.7;21474.5;0.8;2.4;11.8;471.4
3;2018-11-26 03:00:00;258.3;49.7;16.3;0.7;62937.0;26.7;189.4;465.2;33413.3;5.7;0.6;9.4;440.2
3;2018-11-26 04:00:00;246.8;54.3;18.9;0.8;93749.8;31.4;540.5;685.1;19991.5;4.2;0.4;11.2;629.4
3;2018-11-26 05:00:00;393.4;46.4;93.2;0.7;112746.6;32.7;89.0;842.7;116464.2;10.2;0.3;8.4;509.7
3;2018-11-26 06:00:00;223.0;50.1;12.0;0.7;96173.4;20.1;260.6;634.2;12695.7;18.6;0.1;10.7;782.7
3;2018-11-26 07:00:00;340.8;57.2;10.4;1.0;73373.6;32.8;198.7;1136.6;38829.5;27.0;0.6;11.8;555.7
3;2018-11-26 08:00:00;349.5;52.9;14.7;1.2;71443.3;30.2;269.8;917.4;26763.3;24.0;0.8;10.3;416.8
3;2018-11-26 09:00:00;403.0;83.1;11.5;8.6;91392.6;37.8;477.4;1133.8;69640.1;13.8;7.4;12.6;441.0
3;2018-11-26 10:00:00;324.6;60.0;7.4;1.6;121525.5;39.6;796.5;862.4;75751.1;15.2;1.0;10.6;394.5
3;2018-11-26 11:00:00;323.8;61.3;10.9;0.8;126301.8;33.0;740.2;683.4;80160.2;3.7;3.0;10.2;489.2
3;2018-11-26 12:00:00;330.0;84.1;9.9;4.5;131694.1;37.5;746.3;947.5;50419.6;16.1;8.2;14.4;559.3
3;2018-11-26 13:00:00;249.1;55.2;6.1;0.6;106489.2;30.6;1407.7;721.5;41877.1;4.0;0.2;8.5;374.5
3;2018-11-26 14:00:00;314.5;55.7;9.4;0.6;43212.4;27.4;1288.0;523.0;40814.8;6.3;2.5;8.5;235.9
3;2018-11-26 15:00:00;254.1;53.8;8.1;0.7;98770.9;30.0;896.0;514.6;15856.7;3.4;5.9;9.1;215.2
3;2018-11-26 16:00:00;318.6;54.3;8.9;0.6;72523.9;33.0;1167.8;529.7;18171.0;4.5;10.7;9.7;91.0
3;2018-11-26 17:00:00;233.0;54.3;7.8;0.6;81249.0;30.3;347.8;503.8;25149.6;10.3;7.3;9.3;302.3
3;2018-11-26 18:00:00;199.8;55.0;14.7;0.7;60166.2;35.4;280.0;584.1;29952.3;15.2;1.2;10.3;129.2
3;2018-11-26 19:00:00;169.8;41.5;6.9;0.5;26332.7;27.7;107.6;455.3;17484.2;14.8;0.0;6.4;116.1
3;2018-11-26 20:00:00;207.7;51.3;6.5;0.5;40868.1;22.0;153.0;390.6;62521.8;13.0;0.1;6.6;176.8
3;2018-11-26 21:00:00;155.9;38.6;7.0;0.4;53260.0;24.0;145.7;493.0;38277.2;7.4;0.0;6.3;128.2
3;2018-11-26 22:00:00;161.0;26.1;5.7;0.4;53907.4;19.3;120.1;362.0;17852.4;12.1;0.0;5.2;132.1
3;2018-11-26 23:00:00;205.1;38.6;4.7;0.5;33887.7;15.9;119.1;336.0;15967.0;3.4;0.3;6.6;249.3
3;2018-11-27 00:00:00;271.7;73.3;13.8;1.7;80713.9;54.9;657.7;532.9;25118.6;4.0;18.1;12.6;227.8
3;2018-11-27 01:00:00;306.6;68.2;8.2;2.2;97668.1;34.9;301.5;566.5;16310.7;3.4;18.0;11.2;464.8
3;2018-11-27 02:00:00;294.5;72.6;12.7;1.7;71479.5;29.1;145.8;590.2;16334.8;4.3;1.3;13.1;322.4
3;2018-11-27 03:00:00;380.1;59.1;16.5;1.8;82959.4;30.9;226.1;647.5;45820.1;6.2;10.4;10.7;194.8
3;2018-11-27 04:00:00;267.0;74.3;11.9;1.0;101241.8;29.1;5673.8;738.1;36972.8;8.6;0.3;12.1;314.3
3;2018-11-27 05:00:00;351.9;72.2;34.6;1.1;104386.7;36.0;3225.8;797.7;86648.7;15.3;0.0;11.4;425.4
3;2018-11-27 06:00:00;363.7;71.3;13.4;2.0;75801.4;26.5;7468.4;847.3;19288.2;10.5;0.5;14.0;499.1
3;2018-11-27 07:00:00;221.8;47.0;13.1;0.7;69002.8;20.0;201.6;558.8;23929.8;10.6;0.7;10.2;276.1
3;2018-11-27 08:00:00;311.1;73.2;8.5;3.5;91041.9;23.3;80.0;652.8;15141.3;13.8;4.7;11.6;575.3
3;2018-11-27 09:00:00;327.9;85.4;15.4;7.2;66274.5;24.7;294.2;729.7;20540.9;11.3;5.5;14.5;580.0
3;2018-11-27 10:00:00;1249.4;70.8;10.5;0.8;64068.4;27.2;213.1;638.8;21800.9;9.8;3.5;13.0;314.3
3;2018-11-27 11:00:00;1285.6;58.4;8.7;3.2;90343.0;29.3;220.2;734.7;36572.7;9.3;2.4;9.4;304.2
3;2018-11-27 12:00:00;477.3;74.6;8.8;2.0;95841.2;45.7;4520.6;1275.1;26316.6;30.0;9.4;13.0;444.5
3;2018-11-27 13:00:00;334.4;73.8;7.0;2.4;55410.3;33.4;7289.0;1029.0;5313.7;27.1;1.0;12.4;336.7
3;2018-11-27 14:00:00;346.5;84.4;7.2;5.9;75726.9;32.3;9071.4;1100.9;30242.4;15.3;3.0;11.6;345.5
3;2018-11-27 15:00:00;353.2;76.9;7.2;8.3;86435.9;37.5;683.9;995.0;16786.1;18.0;1.5;12.3;340.3
3;2018-11-27 16:00:00;250.0;56.4;17.8;0.6;43337.1;24.1;879.6;670.7;17815.8;23.1;6.5;8.6;211.1
3;2018-11-27 17:00:00;356.7;69.8;13.1;4.3;64299.4;33.4;1001.2;688.7;17157.9;21.5;3.9;12.0;277.7
3;2018-11-27 18:00:00;390.7;72.4;8.0;5.4;81115.2;28.5;2063.6;668.4;22507.7;19.8;5.3;10.7;322.8
3;2018-11-27 19:00:00;353.4;66.7;10.7;3.1;68663.7;35.9;2422.5;772.1;27254.1;21.0;1.4;11.8;503.5
3;2018-11-27 20:00:00;569.1;48.7;10.4;0.8;59650.4;32.4;1624.0;517.2;26568.4;20.0;0.1;9.7;354.3
3;2018-11-27 21:00:00;273.5;54.3;8.5;0.8;94863.1;31.3;2254.5;548.7;35239.8;5.7;0.1;10.5;164.4
3;2018-11-27 22:00:00;180.8;39.3;9.8;0.7;48267.3;22.4;2578.9;349.6;52674.5;6.0;0.0;7.8;203.3
3;2018-11-27 23:00:00;219.6;34.5;9.8;0.5;34192.1;29.1;3442.6;501.4;76758.9;8.5;0.0;7.9;95.3
3;2018-11-28 00:00:00;505.7;79.1;10.4;2.5;87588.7;75.8;2632.9;780.0;58333.9;5.5;10.4;10.4;244.4
3;2018-11-28 01:00:00;438.6;68.7;5.2;1.8;99974.2;60.0;605.6;813.4;30673.2;3.9;21.6;10.2;669.3
3;2018-11-28 02:00:00;323.7;71.7;9.5;1.8;106821.5;35.2;434.4;732.3;11580.6;5.8;19.2;11.2;415.1
3;2018-11-28 03:00:00;282.6;70.9;15.8;0.9;67987.1;28.5;489.7;689.0;40307.9;7.4;4.3;11.9;285.1
3;2018-11-28 04:00:00;249.3;69.6;13.0;1.3;125766.3;27.2;6020.4;585.3;15075.5;9.1;0.2;14.4;382.5
3;2018-11-28 05:00:00;349.4;58.3;53.1;0.7;97032.5;31.0;8148.9;709.9;117635.6;14.6;0.0;10.3;449.6
3;2018-11-28 06:00:00;334.1;67.3;8.7;4.0;161870.9;28.5;489.5;743.8;9937.5;9.9;1.2;12.4;445.5
3;2018-11-28 07:00:00;2525.4;59.0;12.3;0.8;78517.6;27.5;1652.5;577.8;39679.8;10.7;3.0;10.4;417.2
3;2018-11-28 08:00:00;2630.6;69.3;10.5;1.1;56673.9;32.1;1794.4;647.1;29811.2;19.4;0.8;13.0;472.6
3;2018-11-28 09:00:00;309.6;79.9;9.4;1.6;129190.1;35.9;1586.6;695.8;24160.1;17.2;6.5;12.8;371.0
3;2018-11-28 10:00:00;591.7;69.6;13.5;3.2;179288.3;36.1;1510.1;793.8;26056.6;20.8;3.9;12.4;515.4
3;2018-11-28 11:00:00;555.7;83.3;11.6;6.5;117808.7;42.5;618.9;1186.8;44489.4;23.7;5.5;15.6;765.4
3;2018-11-28 12:00:00;401.7;68.7;7.2;4.3;129425.2;41.2;788.4;1072.4;27474.8;26.0;4.2;12.0;388.0
3;2018-11-28 13:00:00;331.1;73.3;7.1;1.9;97504.5;29.4;513.3;931.8;22316.4;19.6;0.7;11.4;442.7
3;2018-11-28 14:00:00;317.2;81.0;6.8;6.2;93304.6;27.7;1114.9;787.3;22830.2;18.9;4.7;11.1;322.3
3;2018-11-28 15:00:00;523.1;84.1;5.4;10.2;83971.0;35.6;1061.4;1069.1;21123.4;24.5;11.9;11.8;387.7
3;2018-11-28 16:00:00;226.7;54.8;4.9;0.5;65273.6;27.9;1021.6;787.9;15471.3;28.8;0.2;8.0;258.9
3;2018-11-28 17:00:00;263.5;43.5;5.3;0.5;53527.2;25.4;1193.9;580.0;17037.5;22.0;0.8;7.8;259.0
3;2018-11-28 18:00:00;249.1;36.6;5.0;0.4;47795.7;23.0;1416.0;579.8;15550.7;25.7;0.0;5.5;275.0
3;2018-11-28 19:00:00;211.3;34.2;5.4;0.4;46581.4;18.7;2016.6;475.1;17819.7;18.7;0.0;5.1;140.9
3;2018-11-28 20:00:00;285.2;33.5;5.7;0.4;60686.4;14.1;430.1;345.2;18769.4;3.4;0.2;5.6;417.3
3;2018-11-28 21:00:00;213.5;48.3;6.7;0.7;49278.9;15.9;406.3;380.5;26203.7;0.8;0.1;8.9;159.3
3;2018-11-28 22:00:00;163.0;36.2;2.5;0.4;43867.0;9.8;398.1;298.4;15709.3;2.7;0.0;5.6;199.4
3;2018-11-28 23:00:00;218.1;41.6;4.5;0.5;47887.3;14.4;412.5;320.4;19052.8;0.7;0.1;6.9;239.6
3;2018-11-29 00:00:00;340.9;76.5;11.1;1.5;70697.1;51.1;856.8;661.1;26210.6;2.9;12.4;12.9;210.7
3;2018-11-29 01:00:00;334.6;67.2;8.2;1.4;74356.8;39.0;736.6;642.2;18889.6;0.9;24.1;11.1;552.8
3;2018-11-29 02:00:00;320.9;81.7;16.5;2.4;70316.5;35.2;472.9;599.4;19858.9;1.8;9.9;17.5;445.7
3;2018-11-29 03:00:00;387.3;70.8;59.7;3.1;104538.7;35.3;465.0;660.1;113391.0;8.2;15.3;13.6;467.3
3;2018-11-29 04:00:00;3770.2;56.8;14.0;0.8;70456.0;31.8;403.6;617.8;9619.7;11.1;0.3;11.4;336.3
3;2018-11-29 05:00:00;315.4;58.2;10.7;1.5;73939.1;33.2;492.3;592.4;21892.7;8.4;2.7;10.8;193.1
3;2018-11-29 06:00:00;226.3;54.8;7.6;0.6;72138.0;27.3;450.9;633.0;16620.7;4.9;1.4;9.2;409.7
3;2018-11-29 07:00:00;222.5;49.5;14.1;0.6;82162.4;22.4;426.2;457.9;11624.1;12.8;2.1;9.2;251.1
3;2018-11-29 08:00:00;307.6;51.7;9.8;0.8;71438.1;29.3;837.2;893.4;18945.2;14.3;0.6;10.6;286.6
3;2018-11-29 09:00:00;373.9;67.5;11.9;4.1;73841.0;42.7;1524.5;933.9;35269.8;15.2;2.8;13.3;210.2
3;2018-11-29 10:00:00;439.5;60.7;9.6;0.8;108953.0;39.0;500.3;888.6;17311.4;18.9;6.4;11.5;463.0
3;2018-11-29 11:00:00;408.8;53.4;12.1;1.3;64526.4;38.6;618.7;839.5;38789.1;28.3;1.1;10.7;582.4
3;2018-11-29 12:00:00;411.3;73.3;16.6;5.9;108072.6;32.6;421.7;927.9;19103.8;20.7;8.0;11.2;369.1
3;2018-11-29 13:00:00;414.5;67.0;26.5;6.2;93438.7;29.7;410.6;755.6;27856.9;18.7;6.9;12.8;362.9
3;2018-11-29 14:00:00;369.1;57.7;16.3;1.1;71251.2;31.8;467.8;796.9;20706.1;21.3;0.9;10.7;539.8
3;2018-11-29 15:00:00;277.0;57.3;10.7;1.3;111344.4;26.5;493.3;581.7;24155.1;16.7;4.8;12.8;460.4
3;2018-11-29 16:00:00;325.6;55.3;9.6;1.2;60291.6;27.6;394.5;577.1;25991.1;14.6;15.0;11.3;218.4
3;2018-11-29 17:00:00;379.6;63.1;13.8;2.5;51090.0;37.9;433.5;849.7;38083.0;20.7;10.9;10.9;267.6
3;2018-11-29 18:00:00;271.0;60.3;19.1;0.8;77164.3;31.2;416.4;778.2;61977.0;12.9;0.1;12.7;254.0
3;2018-11-29 19:00:00;253.8;44.9;18.9;0.6;63778.1;27.8;339.4;678.5;48896.0;12.1;0.2;10.4;255.5
3;2018-11-29 20:00:00;181.3;39.6;10.8;0.5;56872.3;25.6;346.1;561.5;45346.9;15.9;0.0;8.0;275.3
3;2018-11-29 21:00:00;210.4;38.0;12.2;0.5;52709.2;23.7;385.7;623.1;59023.9;9.2;0.0;6.8;235.6
3;2018-11-29 22:00:00;156.7;32.7;7.0;0.4;24336.8;20.2;377.2;387.8;46535.9;10.6;0.0;5.5;89.5
3;2018-11-29 23:00:00;182.8;26.2;4.2;0.4;25208.3;17.5;405.6;379.8;18965.1;10.2;0.0;5.0;140.0
3;2018-11-30 00:00:00;447.0;72.4;9.6;1.7;76664.6;52.4;871.3;756.5;29075.0;3.7;23.6;12.6;366.8
3;2018-11-30 01:00:00;389.2;76.3;11.3;1.5;116453.0;45.6;579.0;798.5;35618.0;0.9;13.0;14.9;580.3
3;2018-11-30 02:00:00;327.0;76.8;12.2;4.0;109311.0;36.7;413.8;700.5;21263.6;3.1;16.7;15.6;523.7
3;2018-11-30 03:00:00;369.4;65.8;57.2;0.8;53029.0;32.6;444.5;685.1;108876.3;5.8;2.0;13.5;424.1
3;2018-11-30 04:00:00;258.5;78.1;18.6;2.1;95330.6;30.8;504.5;752.1;45137.1;8.7;0.1;13.8;513.3
3;2018-11-30 05:00:00;222.1;58.1;7.6;0.6;92514.6;26.0;440.4;600.9;23777.0;9.4;0.0;10.0;439.3
3;2018-11-30 06:00:00;245.3;59.0;8.3;0.7;69429.9;24.5;402.3;659.1;24415.7;5.8;1.7;10.3;434.7
3;2018-11-30 07:00:00;223.6;38.7;10.3;0.6;40701.2;19.7;489.6;487.2;23518.1;17.7;0.1;9.3;399.9
3;2018-11-30 08:00:00;385.3;60.6;11.6;1.5;68230.0;32.0;1882.8;909.7;49373.7;14.3;0.2;12.1;323.7
3;2018-11-30 09:00:00;300.7;52.2;7.7;2.0;86044.6;35.3;1368.0;906.6;54655.8;11.3;2.0;10.7;316.9
3;2018-11-30 10:00:00;331.5;65.6;8.2;2.8;70444.8;34.3;1623.0;869.2;44596.2;21.0;1.1;11.6;382.5
3;2018-11-30 11:00:00;416.8;83.0;10.7;9.2;74448.7;36.3;1862.7;1010.0;48672.8;18.7;12.5;12.5;334.6
3;2018-11-30 12:00:00;427.7;86.0;9.2;6.4;71946.1;39.7;2058.7;1244.8;29731.6;20.8;23.5;11.7;440.1
3;2018-11-30 13:00:00;314.5;71.1;5.8;3.8;77171.9;23.7;1306.0;848.1;30296.3;14.2;7.1;9.5;309.0
3;2018-11-30 14:00:00;246.5;65.4;9.0;0.7;62243.4;26.4;1150.1;766.7;25416.7;15.9;1.0;10.5;238.7
3;2018-11-30 15:00:00;361.3;70.1;7.1;1.7;56048.0;23.2;1134.2;621.4;33010.9;18.3;2.0;10.1;352.8
3;2018-11-30 16:00:00;385.6;54.2;7.1;5.7;77792.8;24.4;1009.9;585.8;39100.2;20.8;5.6;9.8;278.0
3;2018-11-30 17:00:00;296.8;50.0;7.1;1.6;64238.7;18.2;1243.6;476.1;36045.2;22.8;1.0;9.0;322.0
3;2018-11-30 18:00:00;334.6;41.6;5.1;0.5;51356.9;16.4;389.8;357.2;41658.9;17.0;0.1;6.9;213.1
3;2018-11-30 19:00:00;188.2;33.5;3.6;0.4;56119.5;15.6;376.5;346.1;37823.8;2.9;0.1;5.6;191.2
3;2018-11-30 20:00:00;170.1;30.7;2.1;0.3;17111.4;11.5;451.5;284.4;14627.9;3.7;0.0;4.6;228.2
3;2018-11-30 21:00:00;153.3;34.1;5.8;0.4;18913.2;10.7;371.0;273.8;21629.3;6.7;0.1;5.5;226.1
3;2018-11-30 22:00:00;141.5;25.8;1.8;0.3;25579.7;10.0;416.5;222.6;15945.7;4.0;0.0;3.7;202.7
3;2018-11-30 23:00:00;123.2;33.2;2.6;0.4;36133.8;11.3;368.7;265.1;14594.7;4.2;0.0;5.6;245.7
3;2018-12-01 00:00:00;236.8;45.8;7.8;0.5;22342.9;39.6;883.6;355.6;20785.8;3.1;0.0;6.9;174.9
3;2018-12-01 01:00:00;248.9;39.9;4.2;0.4;52899.5;17.9;377.6;333.1;19171.5;4.5;0.0;6.5;363.3
3;2018-12-01 02:00:00;150.7;37.3;4.2;0.4;30705.3;15.4;390.2;349.5;24673.0;4.9;0.0;6.2;243.4
3;2018-12-01 03:00:00;372.5;53.3;25.5;1.2;50109.2;18.3;414.4;589.3;74800.8;8.3;2.3;7.8;257.4
3;2018-12-01 04:00:00;230.0;60.9;4.3;0.8;61569.7;19.9;5673.9;499.8;31691.6;12.4;0.4;9.0;443.3
3;2018-12-01 05:00:00;265.9;67.9;6.2;1.5;82798.6;20.6;7119.3;681.8;26498.7;18.7;0.8;10.9;736.2
3;2018-12-01 06:00:00;185.9;55.8;8.2;0.7;74125.7;14.4;491.0;417.8;14264.9;17.7;1.1;10.8;440.7
3;2018-12-01 07:00:00;202.6;57.7;10.1;0.7;66142.1;13.7;435.9;481.3;19072.8;8.9;0.2;11.1;265.0
3;2018-12-01 08:00:00;189.0;50.2;8.9;0.6;68186.6;20.2;403.9;899.5;12041.5;24.6;0.1;9.0;311.2
3;2018-12-01 09:00:00;189.4;41.7;3.3;0.5;60484.8;16.5;1108.9;667.0;17700.0;17.8;0.1;6.6;324.3
3;2018-12-01 10:00:00;130.7;40.4;3.7;0.4;36947.0;13.3;1553.6;488.8;15678.7;15.7;0.0;6.0;294.7
3;2018-12-01 11:00:00;277.1;82.4;5.6;3.2;84578.2;18.3;1093.3;688.2;36319.5;21.2;2.9;11.0;362.8
3;2018-12-01 12:00:00;241.1;65.7;6.0;1.2;48954.9;14.5;1229.5;510.3;29237.3;5.2;0.4;10.4;222.6
3;2018-12-01 13:00:00;176.0;41.7;2.3;0.4;29915.1;8.3;1313.7;310.4;21058.0;7.0;0.0;4.8;218.9
3;2018-12-01 14:00:00;85.5;25.4;2.7;0.3;15422.8;12.2;1839.3;294.9;20532.7;3.1;0.0;4.5;46.9
3;2018-12-01 15:00:00;67.9;22.1;1.1;0.2;50989.4;11.7;375.6;245.2;21768.6;1.9;0.0;2.9;70.8
3;2018-12-01 16:00:00;86.8;17.9;1.6;0.2;18962.2;7.3;360.4;204.8;15976.1;5.4;0.0;2.6;59.0
3;2018-12-01 17:00:00;169.2;34.6;15.2;0.5;31428.5;9.9;479.9;333.2;16617.7;10.8;0.0;7.5;133.8
3;2018-12-01 18:00:00;117.4;28.1;9.6;0.4;29186.2;9.0;371.4;292.5;21282.5;10.5;0.0;5.0;89.9
3;2018-12-01 19:00:00;95.8;29.9;1.7;0.3;18022.0;8.3;342.8;265.4;13033.0;7.1;0.0;3.2;60.0
3;2018-12-01 20:00:00;88.6;19.6;4.2;0.3;20822.6;8.2;373.4;248.1;36460.1;8.8;0.0;3.4;113.4
3;2018-12-01 21:00:00;170.2;30.8;3.5;0.3;26775.5;9.4;401.7;264.5;27117.9;10.2;0.1;4.4;209.9
3;2018-12-01 22:00:00;92.7;18.9;1.1;0.2;19646.9;6.3;312.6;159.1;15744.1;5.7;0.0;2.8;187.1
3;2018-12-01 23:00:00;57.1;12.0;1.1;0.2;17776.6;5.2;339.3;123.6;17213.4;5.6;0.0;1.9;63.5
3;2018-12-02 00:00:00;422.6;63.6;5.7;1.0;72821.6;47.9;934.8;672.3;22446.6;4.1;26.2;11.2;356.1
3;2018-12-02 01:00:00;388.9;67.0;6.4;1.6;78927.3;39.7;671.0;700.3;23305.4;3.3;17.8;11.5;719.7
3;2018-12-02 02:00:00;258.0;58.6;9.5;0.6;70739.8;26.8;499.7;496.3;6720.5;4.9;16.8;9.8;500.5
3;2018-12-02 03:00:00;335.1;54.9;61.1;0.9;77653.7;22.8;526.8;523.6;81564.6;4.6;1.0;8.4;338.9
3;2018-12-02 04:00:00;261.3;52.1;7.7;0.6;107530.6;22.6;424.3;557.6;31125.8;12.6;0.1;8.3;526.1
3;2018-12-02 05:00:00;214.9;43.4;5.9;0.6;76099.8;21.7;413.4;593.3;29125.8;17.2;0.2;8.9;533.6
3;2018-12-02 06:00:00;236.3;57.4;7.5;0.9;71450.3;22.6;550.1;647.3;17330.9;13.0;0.1;11.0;519.1
3;2018-12-02 07:00:00;263.3;46.8;7.9;1.3;71479.9;24.9;435.8;644.3;16303.8;24.0;0.0;8.5;461.7
3;2018-12-02 08:00:00;355.7;67.0;6.6;2.0;81125.0;31.5;566.5;1009.9;33011.8;22.5;0.1;12.0;435.6
3;2018-12-02 09:00:00;256.7;69.3;7.2;1.4;83525.8;28.7;456.2;868.5;21192.4;31.8;0.0;13.4;553.0
3;2018-12-02 10:00:00;244.7;63.6;3.7;1.9;76859.9;22.8;371.4;761.5;17464.7;22.4;0.0;10.2;520.7
3;2018-12-02 11:00:00;179.7;50.5;3.7;0.5;75697.1;16.2;316.2;611.0;17708.4;40.9;0.0;7.0;361.3
3;2018-12-02 12:00:00;155.2;47.4;5.1;0.6;96581.4;16.0;350.8;488.4;16193.3;14.4;0.0;9.3;310.7
3;2018-12-02 13:00:00;249.9;35.1;4.2;0.4;28030.2;10.7;387.9;294.1;15111.6;10.0;0.0;6.3;351.3
3;2018-12-02 14:00:00;141.0;26.9;3.8;0.3;19432.8;10.9;372.0;275.5;17085.3;2.6;0.0;5.0;265.2
3;2018-12-02 15:00:00;181.4;38.0;14.4;0.6;43147.4;15.0;329.7;463.5;17888.7;1.2;0.0;8.2;292.9
3;2018-12-02 16:00:00;206.3;33.4;19.2;0.6;37572.3;12.5;341.6;330.2;20122.3;9.3;0.0;8.0;208.3
3;2018-12-02 17:00:00;212.6;40.5;14.4;0.7;28639.6;15.7;457.5;462.2;18047.8;6.8;0.2;9.1;264.3
3;2018-12-02 18:00:00;169.2;33.6;12.5;0.5;37285.4;17.7;339.9;462.2;27516.3;6.9;0.8;7.8;88.1
3;2018-12-02 19:00:00;159.0;35.2;4.9;0.4;29003.5;12.8;348.2;382.0;14803.2;6.1;0.0;6.2;227.4
3;2018-12-02 20:00:00;94.9;18.1;4.1;0.3;18157.1;10.5;363.8;256.0;34331.9;9.1;0.0;3.9;73.7
3;2018-12-02 21:00:00;127.3;24.0;3.7;0.3;36653.4;10.3;374.2;191.4;25995.0;6.7;0.0;4.0;56.3
3;2018-12-02 22:00:00;136.2;25.4;3.1;0.5;33273.8;8.7;342.9;199.2;15561.0;5.8;0.1;5.5;190.5
3;2018-12-02 23:00:00;91.8;17.5;2.8;0.3;22291.8;7.5;407.7;171.0;33646.6;0.9;0.0;3.6;47.1
3;2018-12-03 00:00:00;296.7;61.3;6.3;0.7;76865.7;52.1;768.2;569.8;26243.3;3.1;6.8;10.6;189.6
3;2018-12-03 01:00:00;368.8;63.9;3.6;1.3;121463.9;49.5;510.4;663.4;21145.9;3.0;17.5;9.9;602.2
3;2018-12-03 02:00:00;343.2;64.1;10.8;1.5;84902.8;29.9;424.0;601.3;6445.9;2.4;8.3;12.1;585.3
3;2018-12-03 03:00:00;401.8;61.5;83.1;0.8;56734.3;27.4;491.6;661.1;154915.9;8.3;4.6;10.4;486.6
3;2018-12-03 04:00:00;342.2;64.3;14.2;1.2;97300.2;24.1;481.9;633.0;22771.7;10.7;0.4;11.0;557.0
3;2018-12-03 05:00:00;292.7;57.0;15.6;0.9;94097.8;23.9;438.3;661.5;35161.3;8.7;0.5;10.5;538.4
3;2018-12-03 06:00:00;574.7;73.4;13.3;10.5;134511.5;39.8;495.1;1242.0;24519.5;13.9;44.2;12.7;567.8
3;2018-12-03 07:00:00;417.3;73.3;18.9;3.7;163327.8;39.2;429.2;1241.4;20550.0;13.5;25.0;12.7;356.1
3;2018-12-03 08:00:00;386.5;85.1;27.6;3.8;98370.8;39.2;362.8;1163.1;20518.5;17.2;2.4;17.9;516.5
3;2018-12-03 09:00:00;333.7;73.1;14.9;2.5;106269.9;31.1;423.3;947.5;36592.1;21.4;1.2;14.5;473.2
3;2018-12-03 10:00:00;390.2;69.7;15.5;0.9;105409.6;35.4;862.5;951.4;27313.2;11.8;0.1;12.7;465.4
3;2018-12-03 11:00:00;326.3;73.5;8.0;3.2;151644.6;28.0;901.1;827.1;40756.9;6.3;1.0;11.9;270.1
3;2018-12-03 12:00:00;318.6;79.6;6.9;2.2;105953.7;33.4;832.1;920.4;22918.0;17.1;1.7;12.3;358.2
3;2018-12-03 13:00:00;317.4;74.1;8.3;2.5;121826.9;31.0;1038.2;880.4;25395.9;6.2;1.7;12.9;508.8
3;2018-12-03 14:00:00;238.8;64.4;8.4;0.6;121913.8;26.2;1453.8;710.2;21140.9;7.4;5.8;9.8;392.2
3;2018-12-03 15:00:00;400.5;73.3;7.9;2.3;130388.3;28.8;921.4;815.8;23085.1;1.5;15.7;11.6;455.7
3;2018-12-03 16:00:00;450.1;67.0;7.9;0.8;117641.1;31.4;1112.1;783.3;25336.8;4.4;15.3;10.1;378.8
3;2018-12-03 17:00:00;240.6;45.0;6.4;0.5;137545.3;33.7;1312.7;602.3;20427.8;0.7;39.2;7.5;187.1
3;2018-12-03 18:00:00;260.5;48.4;13.4;0.7;100523.0;31.4;356.3;524.3;39394.4;1.3;12.4;10.2;167.1
3;2018-12-03 19:00:00;180.3;42.1;10.2;0.6;72138.8;29.8;380.0;483.0;20596.0;0.9;0.0;8.5;257.1
3;2018-12-03 20:00:00;182.2;35.8;9.2;0.5;80431.8;30.1;404.2;485.8;29457.9;1.4;0.1;7.2;394.7
3;2018-12-03 21:00:00;268.4;48.4;13.9;0.7;86555.5;31.0;371.0;627.3;28332.8;2.7;0.1;9.3;152.2
3;2018-12-03 22:00:00;183.4;40.5;7.5;0.5;69609.5;26.5;349.4;463.3;21714.3;3.0;0.1;7.5;267.5
3;2018-12-03 23:00:00;191.6;31.4;8.6;0.5;74320.8;24.8;422.9;388.0;24464.9;2.2;0.1;6.6;144.0
3;2018-12-04 00:00:00;363.7;84.5;15.2;2.8;109970.1;64.6;821.5;814.7;24578.8;2.3;9.6;13.6;265.5
3;2018-12-04 01:00:00;332.5;68.5;8.1;0.9;152739.7;51.9;761.1;786.6;22522.9;0.6;17.8;11.8;597.4
3;2018-12-04 02:00:00;317.8;72.6;14.3;1.0;119519.4;48.3;416.0;796.4;8171.6;2.4;13.7;13.9;498.0
3;2018-12-04 03:00:00;444.2;69.5;38.7;3.6;123877.0;45.9;502.3;886.7;66912.4;10.1;16.6;12.3;347.8
3;2018-12-04 04:00:00;327.7;81.7;12.6;4.1;147321.2;47.6;5302.5;1011.9;21398.2;14.4;1.7;16.0;566.1
3;2018-12-04 05:00:00;246.3;63.0;11.9;1.0;116374.0;41.1;2308.3;881.9;23478.4;9.7;0.0;11.5;709.9
3;2018-12-04 06:00:00;164.0;42.8;12.1;0.5;99803.8;33.7;7254.5;809.0;12863.8;14.0;0.3;7.7;494.2
3;2018-12-04 07:00:00;324.3;75.0;10.5;1.8;121550.2;38.1;418.3;838.6;18480.4;7.6;2.0;13.8;539.8
3;2018-12-04 08:00:00;279.6;60.3;9.6;1.4;91535.0;39.8;478.6;789.1;21039.6;24.5;0.3;11.0;427.7
3;2018-12-04 09:00:00;280.7;57.6;6.8;2.2;94656.8;38.4;475.1;841.7;20235.7;21.9;0.6;9.5;528.1
3;2018-12-04 10:00:00;335.5;66.7;7.5;2.1;91887.0;38.5;3235.4;742.5;26501.1;13.2;17.9;10.6;572.2
3;2018-12-04 11:00:00;440.1;85.3;7.2;15.1;97166.6;50.2;304.5;1140.8;7577.5;18.0;12.6;13.9;436.0
3;2018-12-04 12:00:00;339.2;77.7;10.0;6.3;98910.1;48.5;358.1;1014.8;16432.1;17.6;21.7;12.3;366.6
3;2018-12-04 13:00:00;538.5;75.4;8.2;6.6;111886.5;60.6;544.2;913.9;6577.6;21.1;39.8;11.9;411.6
3;2018-12-04 14:00:00;560.8;81.5;10.6;5.9;79706.7;60.1;459.5;1248.1;17880.4;21.1;27.6;12.7;433.7
3;2018-12-04 15:00:00;470.4;77.8;9.5;13.6;87454.8;63.6;454.3;1325.2;23181.4;14.2;42.2;13.6;355.4
3;2018-12-04 16:00:00;630.7;79.5;11.8;9.0;92298.4;58.8;464.6;1297.5;13978.5;17.2;41.2;13.1;411.4
3;2018-12-04 17:00:00;505.4;80.2;12.0;8.4;125928.3;56.0;766.6;1073.1;28044.8;17.4;17.8;14.1;356.5
3;2018-12-04 18:00:00;336.1;76.1;9.2;2.5;108178.2;47.5;1085.7;992.2;14155.6;19.2;27.5;12.8;236.5
3;2018-12-04 19:00:00;324.0;78.6;11.1;4.3;104150.8;45.2;804.5;945.4;19900.5;8.2;4.4;13.3;218.5
3;2018-12-04 20:00:00;570.1;54.9;8.2;0.6;100780.3;36.4;707.2;692.7;24208.3;13.3;5.9;9.3;277.3
3;2018-12-04 21:00:00;640.2;59.6;14.5;4.6;115802.1;46.8;634.3;1307.3;17150.1;65.5;15.2;9.3;380.5
3;2018-12-04 22:00:00;363.2;48.7;6.0;0.5;77377.9;38.8;826.7;1138.5;12241.1;9.3;0.0;7.6;195.7
3;2018-12-04 23:00:00;400.5;60.5;7.5;0.6;64826.6;31.9;840.4;608.4;21554.5;7.6;0.5;11.5;144.4
3;2018-12-05 00:00:00;282.5;73.5;24.7;1.7;92450.2;53.4;1766.0;852.2;22353.0;8.8;16.3;11.3;291.9
3;2018-12-05 01:00:00;527.7;81.6;12.0;2.3;93575.6;51.4;248.8;850.5;24804.6;3.4;15.5;14.1;674.8
3;2018-12-05 02:00:00;446.0;80.0;12.6;9.8;91513.2;58.4;154.0;897.4;25587.1;2.2;24.5;14.5;528.9
3;2018-12-05 03:00:00;511.2;83.6;50.9;11.6;102494.0;50.3;150.0;987.2;109763.5;10.9;25.1;13.5;469.5
3;2018-12-05 04:00:00;385.4;87.4;31.1;7.9;112296.7;49.5;5405.0;899.1;11283.9;5.9;6.6;14.7;573.1
3;2018-12-05 05:00:00;379.4;81.0;16.1;5.4;105767.3;49.3;2618.5;768.1;42432.5;4.9;8.1;14.1;457.1
3;2018-12-05 06:00:00;461.2;78.0;14.2;3.9;119762.1;48.0;6069.7;1001.0;20900.1;7.4;14.2;15.1;501.9
3;2018-12-05 07:00:00;383.9;85.2;18.3;10.6;99119.8;44.5;155.5;993.5;20900.7;6.6;14.8;16.0;550.1
3;2018-12-05 08:00:00;326.9;60.9;22.0;1.1;83560.3;34.0;277.0;845.1;28492.6;13.4;2.0;14.8;210.2
3;2018-12-05 09:00:00;533.6;74.3;19.2;10.2;102230.6;44.9;245.8;1077.9;25423.3;19.6;10.3;15.3;445.2
3;2018-12-05 10:00:00;514.7;80.2;20.4;5.3;110479.9;46.4;228.2;975.2;21472.6;23.6;20.1;18.1;517.3
3;2018-12-05 11:00:00;392.1;58.1;20.8;0.9;103387.4;36.4;469.4;856.5;14479.1;10.9;1.5;14.0;180.7
3;2018-12-05 12:00:00;358.5;66.3;19.3;1.2;91717.4;36.0;179.1;881.5;29459.1;9.4;20.8;15.8;237.8
3;2018-12-05 13:00:00;527.0;85.6;12.3;9.4;111863.2;45.5;141.3;1290.9;19546.4;19.6;22.1;14.6;301.4
3;2018-12-05 14:00:00;1114.9;83.7;14.7;10.9;127961.9;48.1;243.7;1210.9;23072.7;14.2;4.5;16.7;331.2
3;2018-12-05 15:00:00;502.4;79.1;15.3;2.8;118131.5;47.9;284.7;1359.1;8868.3;26.0;2.6;17.1;264.4
3;2018-12-05 16:00:00;377.1;54.6;12.1;0.9;87511.7;46.6;196.9;1270.1;17097.4;7.6;0.7;12.7;194.9
3;2018-12-05 17:00:00;326.0;64.1;11.0;1.0;107859.8;40.1;162.8;1129.7;24941.9;8.6;0.4;12.0;235.1
3;2018-12-05 18:00:00;270.2;56.9;18.8;0.7;99071.1;39.9;201.6;1055.9;23065.5;17.2;0.3;11.8;235.5
3;2018-12-05 19:00:00;267.1;49.9;11.7;0.7;67221.9;29.6;177.0;763.9;33253.2;7.3;0.0;9.5;118.4
3;2018-12-05 20:00:00;330.2;35.8;9.6;0.5;74948.3;27.6;169.8;610.1;41027.9;8.7;0.0;7.8;411.8
3;2018-12-05 21:00:00;415.7;40.4;9.8;0.9;52389.0;29.7;196.2;707.8;20242.3;1.1;0.2;9.9;191.8
3;2018-12-05 22:00:00;357.2;42.1;13.0;0.7;66391.4;22.9;126.4;481.2;22334.4;2.0;0.1;11.4;231.8
3;2018-12-05 23:00:00;325.1;36.6;11.1;0.5;40352.3;22.8;254.5;469.5;17667.1;3.5;0.1;8.2;214.9
3;2018-12-06 00:00:00;325.9;58.5;27.8;1.2;61274.0;44.2;589.4;652.1;26127.6;2.8;12.9;11.7;228.3
3;2018-12-06 01:00:00;414.4;68.2;15.8;1.2;73809.9;45.0;390.6;728.8;19627.6;2.3;11.0;13.8;422.8
3;2018-12-06 02:00:00;391.2;76.9;22.2;4.9;64647.9;40.5;184.2;759.8;25042.3;1.3;12.0;15.5;385.4
3;2018-12-06 03:00:00;509.2;66.4;61.8;1.9;82937.0;41.9;205.8;869.7;106943.6;7.6;6.8;15.3;379.5
3;2018-12-06 04:00:00;492.3;85.6;22.6;5.4;124597.4;40.8;248.8;852.6;31443.2;5.2;2.8;17.4;382.3
3;2018-12-06 05:00:00;409.6;65.1;15.2;1.5;71616.6;38.8;230.1;817.2;22309.6;17.1;3.1;13.2;704.3
3;2018-12-06 06:00:00;453.1;51.0;15.8;1.2;75909.9;33.9;268.9;1044.1;20690.1;13.5;6.0;11.1;279.1
3;2018-12-06 07:00:00;381.6;76.3;16.5;4.4;110685.7;38.2;240.2;758.6;25256.0;3.2;30.2;14.3;392.4
3;2018-12-06 08:00:00;380.3;84.4;14.4;8.6;79833.3;36.5;101.9;834.9;30687.4;4.3;34.0;14.6;347.6
3;2018-12-06 09:00:00;492.4;92.7;14.2;24.0;204346.9;47.3;147.3;1184.9;21642.8;9.1;37.6;15.3;614.3
3;2018-12-06 10:00:00;572.1;80.1;16.8;5.2;113582.3;50.3;347.5;1283.4;27959.4;14.8;15.1;13.9;465.6
3;2018-12-06 11:00:00;405.2;70.1;13.9;4.5;103616.9;56.9;440.3;1329.0;24020.1;12.0;37.1;13.8;431.2
3;2018-12-06 12:00:00;641.7;73.5;13.4;8.3;109916.4;53.4;205.5;1332.6;26535.3;8.3;47.5;13.2;401.7
3;2018-12-06 13:00:00;484.4;72.9;12.9;5.3;99712.1;47.2;180.8;1161.9;20418.8;7.3;22.3;13.9;272.1
3;2018-12-06 14:00:00;393.4;76.1;13.8;8.2;141770.1;43.5;212.3;1084.7;44281.4;11.9;38.0;13.9;396.1
3;2018-12-06 15:00:00;383.6;76.1;15.3;4.8;107205.6;38.8;233.0;953.7;44909.4;20.2;17.1;13.2;303.1
3;2018-12-06 16:00:00;314.4;65.2;12.4;1.0;102631.0;38.7;210.0;1009.2;31321.9;10.8;1.0;12.0;357.0
3;2018-12-06 17:00:00;625.6;58.8;11.6;1.5;57395.8;30.4;181.3;750.0;17992.4;5.7;4.3;12.3;353.3
3;2018-12-06 18:00:00;614.1;59.6;12.6;0.9;105149.5;29.9;205.4;796.3;32347.2;6.1;14.3;12.5;282.6
3;2018-12-06 19:00:00;234.7;47.5;12.1;0.7;65263.2;29.1;147.3;464.0;21326.6;10.2;0.1;10.7;216.0
3;2018-12-06 20:00:00;390.1;53.3;13.6;0.8;52217.7;25.8;167.2;460.3;37509.2;16.2;5.2;10.3;304.9
3;2018-12-06 21:00:00;458.4;56.1;15.4;0.8;43007.7;25.2;163.7;542.7;24928.1;9.6;3.5;11.8;196.0
3;2018-12-06 22:00:00;410.2;51.4;10.5;0.7;52291.5;25.1;169.2;476.4;17651.0;7.0;0.3;10.9;187.5
3;2018-12-06 23:00:00;366.4;44.9;9.3;0.6;26555.3;19.8;154.5;347.5;15350.2;3.3;4.3;9.3;129.5
3;2018-12-10 00:00:00;284.4;73.8;14.8;1.0;63719.4;42.1;17586.2;541.4;23827.2;1.5;8.3;12.4;603.4
3;2018-12-10 01:00:00;341.1;80.5;10.7;4.1;102071.0;40.8;13553.2;705.8;21078.3;3.9;20.9;13.5;525.5
3;2018-12-10 02:00:00;279.7;59.3;14.3;1.1;63026.3;32.7;160.2;601.8;20490.2;1.0;11.2;10.1;362.9
3;2018-12-10 03:00:00;371.7;64.6;33.1;1.1;105167.9;26.6;153.8;599.7;88364.6;8.1;2.4;12.4;235.4
3;2018-12-10 04:00:00;405.8;71.8;8.1;1.8;76832.0;31.7;5914.3;606.5;27426.3;2.3;1.6;12.8;369.5
3;2018-12-10 05:00:00;349.3;70.4;8.1;3.1;81247.8;32.7;7337.1;720.4;33288.2;12.1;1.8;14.0;419.8
3;2018-12-10 06:00:00;369.2;73.9;16.6;2.9;103882.5;32.5;128.0;1050.9;22104.4;9.0;6.2;14.9;626.0
3;2018-12-10 07:00:00;423.4;66.8;16.7;1.7;95710.0;35.2;188.7;1057.0;21256.4;23.8;4.3;13.1;647.3
3;2018-12-10 08:00:00;397.0;88.5;13.2;4.8;109251.6;40.2;226.1;1053.4;23363.2;20.5;8.0;14.3;613.0
3;2018-12-10 09:00:00;435.8;74.8;14.4;3.8;73048.3;40.5;337.9;1123.9;32646.2;14.8;36.3;14.5;434.2
3;2018-12-10 10:00:00;548.4;78.4;19.9;21.1;111051.9;57.8;562.1;1252.0;33722.0;6.1;69.3;15.3;384.9
3;2018-12-10 11:00:00;637.2;68.7;16.3;6.7;86827.7;50.7;701.2;1091.7;38843.1;22.1;42.0;11.5;316.2
3;2018-12-10 12:00:00;410.1;81.7;20.2;4.6;135144.6;43.4;819.2;1201.8;26758.5;19.4;25.2;15.2;296.7
3;2018-12-10 13:00:00;388.8;87.6;20.2;6.3;109628.8;42.2;793.6;1172.7;27655.2;20.8;14.6;14.1;407.1
3;2018-12-10 14:00:00;347.0;75.1;22.8;2.5;112994.4;37.4;746.2;965.4;37015.8;12.1;2.9;15.5;314.4
3;2018-12-10 15:00:00;426.6;87.8;23.4;8.4;90676.0;47.5;1078.5;1129.7;33145.8;15.1;7.4;17.2;431.4
3;2018-12-10 16:00:00;313.9;84.5;20.7;3.6;101686.3;31.0;1158.6;857.9;47694.8;16.9;8.3;13.7;398.1
3;2018-12-10 17:00:00;513.2;78.4;14.8;6.4;88564.0;32.4;764.9;874.2;13628.7;17.4;7.8;16.6;516.4
3;2018-12-10 18:00:00;392.1;62.5;14.2;1.5;84222.4;32.9;842.4;793.0;24593.3;19.9;2.4;12.9;434.6
3;2018-12-10 19:00:00;373.8;58.9;10.3;0.8;93806.7;32.0;981.8;812.9;20879.1;25.1;0.4;12.2;363.2
3;2018-12-10 20:00:00;337.7;62.3;10.8;1.1;67888.3;34.3;771.7;733.8;40656.0;27.3;1.1;12.8;292.4
3;2018-12-10 21:00:00;356.2;57.3;14.9;1.2;77041.1;29.6;263.0;708.3;32328.8;26.1;1.9;12.9;266.2
3;2018-12-10 22:00:00;548.9;53.0;12.5;4.4;38514.0;30.4;170.1;884.4;18955.9;81.3;21.3;11.1;448.7
3;2018-12-10 23:00:00;426.6;52.8;12.2;0.8;38218.4;24.3;380.8;558.5;48999.0;21.2;2.6;11.1;358.4
3;2018-12-11 00:00:00;473.3;91.3;14.3;7.1;97171.3;67.6;634.1;861.3;28140.4;4.2;16.5;14.8;228.5
3;2018-12-11 01:00:00;399.1;74.0;8.5;3.9;87668.5;53.3;409.1;867.4;19733.9;4.6;33.4;13.9;603.8
3;2018-12-11 02:00:00;397.8;65.0;13.7;6.6;91918.6;40.1;172.8;717.7;18087.4;5.0;43.3;14.1;539.9
3;2018-12-11 03:00:00;530.7;72.7;31.9;8.8;76312.0;38.8;244.4;878.5;72084.6;12.6;20.9;16.4;505.7
3;2018-12-11 04:00:00;456.6;68.2;27.6;2.1;88223.0;45.3;4615.5;1026.0;14689.9;9.1;12.3;15.7;500.0
3;2018-12-11 05:00:00;268.4;61.0;19.4;0.9;96400.7;30.8;3657.2;712.1;29109.1;10.4;1.8;12.6;567.9
3;2018-12-11 06:00:00;395.0;54.8;12.8;0.8;78136.1;35.0;6770.4;934.5;23392.7;12.8;1.8;13.2;384.3
3;2018-12-11 07:00:00;363.7;66.1;12.2;1.1;81268.6;31.4;314.5;791.1;19940.9;8.3;6.1;14.2;492.2
3;2018-12-11 08:00:00;401.1;70.6;11.7;2.7;83881.7;36.5;220.2;774.8;35793.5;13.1;35.9;13.6;433.8
3;2018-12-11 09:00:00;595.3;69.4;10.1;6.6;97822.5;36.8;150.0;1089.4;20487.4;12.7;49.5;13.0;357.9
3;2018-12-11 10:00:00;621.8;71.2;10.9;7.5;86136.2;38.9;196.1;1106.6;14477.4;30.9;53.9;13.9;558.3
3;2018-12-11 11:00:00;713.0;64.3;10.8;6.3;79477.2;44.3;117.6;1179.9;39369.6;21.3;54.1;12.3;425.2
3;2018-12-11 12:00:00;493.3;74.2;9.1;12.6;84324.2;35.4;88.0;965.3;32316.3;19.4;51.5;12.7;410.8
3;2018-12-11 13:00:00;465.7;78.5;9.4;10.6;101567.9;35.0;87.0;990.7;19117.5;14.5;55.0;13.0;470.3
3;2018-12-11 14:00:00;587.1;77.7;14.7;15.2;111434.3;39.8;83.9;1032.2;32800.5;22.8;49.7;14.8;437.4
3;2018-12-11 15:00:00;475.6;76.3;11.3;10.7;139815.9;37.3;98.5;1091.0;20751.7;22.5;57.1;14.7;418.3
3;2018-12-11 16:00:00;664.1;84.0;13.0;16.9;119769.4;45.7;441.6;1207.2;25294.6;24.7;59.1;16.4;459.1
3;2018-12-11 17:00:00;684.9;73.8;12.1;6.2;120572.1;46.4;218.1;1161.9;15812.4;46.1;61.2;14.2;451.5
3;2018-12-11 18:00:00;512.3;71.7;11.0;11.0;109156.4;50.0;127.0;1191.0;13030.1;28.3;59.2;15.8;435.0
3;2018-12-11 19:00:00;517.3;64.2;9.4;5.2;123576.8;36.1;93.0;1008.0;18220.5;36.8;39.7;13.0;369.7
3;2018-12-11 20:00:00;325.0;59.6;10.7;1.4;96205.9;28.1;135.1;699.3;34591.4;19.8;33.0;13.2;386.6
3;2018-12-11 21:00:00;342.8;65.8;16.3;3.2;93858.0;34.1;186.2;747.6;27365.5;7.1;23.5;16.8;107.5
3;2018-12-11 22:00:00;246.0;54.5;15.1;0.9;67664.6;22.5;119.2;486.0;17863.4;4.5;0.7;13.8;223.4
3;2018-12-11 23:00:00;211.7;48.6;16.8;0.7;76003.5;22.0;129.1;527.6;14718.5;5.1;0.7;11.8;250.0
3;2018-12-12 00:00:00;454.0;62.4;15.0;0.9;91509.4;63.7;635.1;897.9;16411.2;6.3;12.0;12.6;263.1
3;2018-12-12 01:00:00;412.9;70.2;17.1;2.2;122378.9;46.5;515.8;850.3;20173.9;4.2;24.2;14.8;665.0
3;2018-12-12 02:00:00;366.6;74.0;13.2;10.0;99590.1;48.1;120.0;876.6;23669.2;2.4;42.0;16.1;546.5
3;2018-12-12 03:00:00;495.5;65.5;69.3;2.0;73867.2;45.3;231.7;874.2;105765.3;9.9;19.0;13.8;507.9
3;2018-12-12 04:00:00;493.5;88.8;31.8;11.2;121248.1;39.4;209.6;933.5;38726.5;5.3;17.0;18.8;684.5
3;2018-12-12 05:00:00;382.8;57.2;26.4;2.4;113839.5;40.9;306.5;851.9;35051.1;9.0;4.7;15.6;355.4
3;2018-12-12 06:00:00;357.9;56.5;15.1;1.2;83906.2;36.5;202.9;859.2;34570.7;16.8;10.5;13.4;383.2
3;2018-12-12 07:00:00;373.7;75.8;13.0;4.3;105283.5;37.8;239.5;1100.7;22928.1;11.3;9.5;16.4;731.6
3;2018-12-12 08:00:00;242.2;56.7;13.5;0.8;91458.6;31.1;179.7;750.3;32748.1;13.7;2.3;12.2;411.5
3;2018-12-12 09:00:00;490.9;66.8;9.3;2.3;104030.2;41.9;155.8;926.3;33429.7;6.8;27.3;11.6;426.7
3;2018-12-12 10:00:00;431.1;64.3;13.1;5.0;117268.6;56.7;343.6;974.9;39996.4;6.0;42.5;12.0;370.3
3;2018-12-12 11:00:00;553.3;70.3;13.7;6.5;176403.3;55.3;154.2;1072.8;29773.7;16.2;32.9;14.1;548.1
3;2018-12-12 12:00:00;367.9;73.6;15.5;4.6;94203.6;42.7;176.2;1058.3;41995.4;14.3;29.3;12.9;407.8
3;2018-12-12 13:00:00;465.7;89.2;15.9;13.9;133253.8;50.1;169.5;1300.8;19425.7;25.4;20.0;16.2;473.9
3;2018-12-12 14:00:00;644.2;86.4;13.4;11.9;104581.1;45.3;251.5;1332.0;8266.0;20.8;35.3;14.8;358.2
3;2018-12-12 15:00:00;529.9;74.2;12.0;12.7;122479.0;43.6;403.1;1128.6;23647.6;21.0;60.1;11.9;345.2
3;2018-12-12 16:00:00;546.4;68.3;14.7;9.9;97445.5;44.4;592.7;1108.6;19399.1;18.4;77.7;13.9;241.5
3;2018-12-12 17:00:00;476.5;71.4;14.3;3.2;79204.1;43.3;762.4;967.0;21992.4;20.1;27.7;13.0;197.2
3;2018-12-12 18:00:00;415.1;65.9;11.4;5.9;81427.9;34.7;819.5;739.4;25112.5;14.5;46.6;9.9;289.9
3;2018-12-12 19:00:00;297.3;62.7;9.7;0.7;78222.5;29.1;535.5;668.2;14549.3;19.5;3.6;9.7;397.8
3;2018-12-12 20:00:00;293.7;55.0;10.8;1.8;57009.6;28.6;774.3;677.9;39795.8;17.7;3.8;9.9;388.6
3;2018-12-12 21:00:00;390.9;56.8;15.2;1.7;71475.9;29.4;689.5;627.6;46864.2;13.1;7.7;10.1;289.9
3;2018-12-12 22:00:00;665.1;59.3;16.3;5.1;73784.4;37.9;453.9;1204.9;21978.9;48.7;8.8;12.7;470.2
3;2018-12-12 23:00:00;648.9;45.8;11.7;3.4;43553.4;28.7;640.4;940.9;17781.8;30.0;9.7;8.3;230.5
3;2018-12-13 00:00:00;534.7;78.5;10.4;1.1;99354.0;80.2;1216.7;897.7;25060.8;3.9;7.6;12.1;229.1
3;2018-12-13 01:00:00;458.6;72.9;9.5;2.0;100892.7;68.1;432.1;807.3;6089.7;1.2;31.8;13.0;460.6
3;2018-12-13 02:00:00;443.9;71.0;10.8;8.8;72857.7;48.3;169.2;821.9;30343.4;1.8;41.7;13.5;513.3
3;2018-12-13 03:00:00;513.8;72.7;61.5;9.9;97452.2;45.3;162.0;981.6;112232.2;16.4;22.4;14.7;330.0
3;2018-12-13 04:00:00;303.8;88.8;15.8;3.1;92518.9;41.5;209.1;781.5;17401.4;6.1;7.5;16.4;344.0
3;2018-12-13 05:00:00;502.4;88.0;26.8;10.2;94562.2;47.9;233.3;791.3;28878.0;6.2;7.9;17.3;427.0
3;2018-12-13 06:00:00;398.7;65.1;10.1;4.6;105895.9;44.1;176.1;954.0;36627.2;5.1;52.4;12.8;362.0
3;2018-12-13 07:00:00;371.0;58.1;11.8;1.5;111942.9;43.7;137.8;849.5;25629.8;6.1;47.7;12.3;319.5
3;2018-12-13 08:00:00;311.8;59.7;16.1;1.4;90220.8;36.4;226.5;737.0;14607.5;8.1;6.6;12.5;529.6
3;2018-12-13 09:00:00;359.7;70.5;15.7;2.1;111387.4;36.7;283.1;775.5;23850.1;5.2;23.1;13.1;295.0
3;2018-12-13 10:00:00;479.8;83.9;20.4;22.3;110030.0;46.8;119.1;1089.7;22886.9;9.3;40.2;17.1;549.2
3;2018-12-13 11:00:00;499.6;52.6;11.5;2.7;116009.2;43.4;187.7;1205.3;42725.1;17.0;32.6;10.7;264.9
3;2018-12-13 12:00:00;398.5;67.2;13.9;2.7;132019.4;58.9;194.3;1080.9;33790.4;17.1;37.0;13.5;327.7
3;2018-12-13 13:00:00;454.8;67.4;21.3;5.1;82141.2;56.5;132.3;1065.7;16076.6;22.0;16.5;14.9;219.2
3;2018-12-13 14:00:00;333.8;72.3;19.8;3.0;81000.5;45.0;159.1;960.9;14391.7;29.5;3.8;14.2;351.5
3;2018-12-13 15:00:00;343.8;65.4;20.8;1.7;75650.5;36.1;133.0;766.1;22677.7;23.5;10.3;13.4;334.0
3;2018-12-13 16:00:00;372.1;57.3;14.6;1.5;56844.6;34.7;215.8;726.6;24605.7;35.3;6.3;12.4;372.6
3;2018-12-13 17:00:00;336.3;71.7;18.5;2.0;87522.3;34.0;119.9;791.9;19034.4;18.1;10.4;13.5;435.6
3;2018-12-13 18:00:00;371.1;71.8;15.7;2.0;91626.6;35.7;96.8;765.3;26513.9;14.4;5.7;13.3;274.7
3;2018-12-13 19:00:00;378.5;65.3;18.8;4.1;70542.7;28.5;109.8;552.8;18534.5;18.3;4.8;12.7;185.6
3;2018-12-13 20:00:00;359.8;59.4;16.1;1.4;84697.8;25.9;108.9;563.7;19086.3;15.9;1.3;11.9;412.2
3;2018-12-13 21:00:00;304.4;46.6;25.9;0.9;48224.6;24.8;156.2;481.9;20208.0;16.1;0.3;11.1;232.0
3;2018-12-13 22:00:00;512.6;48.5;21.1;4.4;69615.0;32.9;82.0;951.4;18150.0;56.8;21.6;11.9;290.1
3;2018-12-13 23:00:00;501.2;48.3;24.9;2.1;47835.6;25.6;120.2;678.6;24216.6;25.4;3.8;13.3;276.9
3;2018-12-14 00:00:00;582.8;57.7;22.7;0.9;110361.6;83.2;280.4;1068.9;26592.5;2.9;11.9;12.0;195.2
3;2018-12-14 01:00:00;581.9;58.8;13.0;1.2;117511.3;80.6;380.7;1031.1;17025.8;1.8;14.6;12.8;360.3
3;2018-12-14 02:00:00;317.9;65.8;14.3;1.5;105809.5;40.9;244.6;826.5;27752.7;4.7;7.1;14.5;307.8
3;2018-12-14 03:00:00;361.9;60.9;53.2;1.8;103841.1;35.3;224.8;755.8;89177.5;12.1;3.2;13.2;403.7
3;2018-12-14 04:00:00;454.8;90.7;48.5;6.1;122877.6;47.1;229.8;966.4;45429.7;6.2;8.1;19.7;378.2
3;2018-12-14 05:00:00;444.8;89.5;15.3;11.5;108266.1;43.3;148.2;834.5;35158.8;5.1;8.4;18.8;522.3
3;2018-12-14 06:00:00;531.6;75.7;18.2;8.2;89281.5;50.5;94.9;1050.4;24411.5;12.5;45.8;15.2;282.3
3;2018-12-14 07:00:00;451.5;68.4;25.9;5.9;123991.2;46.0;180.4;1019.9;19904.1;8.0;19.8;16.7;368.2
3;2018-12-14 08:00:00;472.7;75.5;30.4;3.4;111856.5;44.1;143.0;1058.8;49103.9;5.8;19.0;15.9;326.2
3;2018-12-14 09:00:00;422.6;69.5;19.8;2.8;95351.2;41.9;182.0;986.2;26402.1;15.2;22.7;14.8;279.1
3;2018-12-14 10:00:00;411.8;74.8;22.9;3.9;92188.4;39.3;380.9;1078.4;22196.6;34.3;6.2;15.9;446.2
3;2018-12-14 11:00:00;375.9;58.5;16.7;1.2;104888.7;36.8;210.6;1050.0;17741.1;17.5;3.4;11.9;455.1
3;2018-12-14 12:00:00;389.6;58.2;19.3;1.0;115056.7;40.9;168.9;884.7;20112.0;9.2;34.4;11.5;269.6
3;2018-12-14 13:00:00;324.9;65.3;22.6;1.2;116045.1;33.9;203.2;829.0;17578.7;17.8;3.0;15.4;259.4
3;2018-12-14 14:00:00;519.4;77.0;19.3;3.6;120928.0;56.0;280.1;1191.5;23335.0;24.4;28.4;15.8;485.3
3;2018-12-14 15:00:00;608.8;83.3;15.3;9.6;94883.9;47.6;811.6;1206.7;17914.3;29.0;25.5;13.9;379.9
3;2018-12-14 16:00:00;440.3;59.8;13.5;0.9;71684.9;35.2;892.0;1033.4;22150.5;20.6;1.3;10.0;321.1
3;2018-12-14 17:00:00;338.9;58.9;15.0;0.8;76422.7;31.9;522.4;859.1;32609.8;13.6;0.1;11.7;368.0
3;2018-12-14 18:00:00;325.8;39.5;14.0;0.5;64607.6;23.8;908.6;675.6;29750.3;6.2;0.1;8.0;321.3
3;2018-12-14 19:00:00;262.1;43.3;12.7;0.7;40687.4;21.8;995.0;489.0;18420.1;5.5;0.3;8.9;215.6
3;2018-12-14 20:00:00;196.8;36.4;12.5;0.5;58246.7;16.6;1181.6;388.7;22703.1;1.1;0.1;7.7;307.8
3;2018-12-14 21:00:00;244.2;25.0;12.1;0.3;63747.8;14.2;1346.8;377.4;16933.2;8.8;0.0;4.5;87.3
3;2018-12-14 22:00:00;340.2;24.4;12.6;0.5;45529.8;14.5;60.9;325.5;17454.3;10.0;0.0;6.2;69.6
3;2018-12-14 23:00:00;276.7;34.4;11.2;0.9;25729.5;18.1;103.6;394.4;14352.6;9.3;1.1;7.6;217.1
3;2018-12-15 00:00:00;265.1;49.0;15.5;0.5;53273.0;46.1;741.3;446.6;23423.6;3.4;0.0;7.8;97.4
3;2018-12-15 01:00:00;172.1;37.0;9.6;0.5;49326.0;21.3;93.7;463.1;14531.1;3.3;0.0;6.9;227.7
3;2018-12-15 02:00:00;129.5;26.7;7.4;0.4;31536.3;17.9;140.9;352.3;15694.0;4.6;0.1;5.7;255.7
3;2018-12-19 02:00:00;403.5;55.2;23.6;1.4;75964.5;37.4;207.1;753.1;49045.4;7.3;27.5;9.5;414.1
3;2018-12-19 03:00:00;497.8;70.6;11.1;6.3;150871.0;52.0;936.4;949.7;12719.5;12.5;44.1;15.2;468.4
3;2018-12-19 05:00:00;441.8;63.6;8.9;4.0;120953.3;48.4;259.7;947.3;12374.9;11.0;35.3;13.1;480.8
3;2018-12-19 07:00:00;378.3;52.4;14.9;2.3;83448.4;47.0;589.5;795.6;24292.7;28.9;55.9;10.1;407.4
3;2018-12-19 08:00:00;453.0;61.7;22.1;3.3;87589.5;54.8;553.6;1295.1;23001.7;20.4;66.5;12.0;441.4
3;2018-12-19 09:00:00;464.6;61.4;8.6;4.9;129438.3;66.8;541.2;1377.0;24867.4;8.8;88.3;10.2;376.6
3;2018-12-19 10:00:00;546.3;55.2;7.4;5.8;109996.5;66.4;477.5;1305.5;19746.4;13.0;98.8;9.4;197.8
3;2018-12-19 17:00:00;562.6;34.4;4.3;4.5;139243.5;52.9;565.8;997.5;3611.5;17.7;123.3;6.1;283.9
3;2018-12-19 18:00:00;646.7;45.8;8.0;4.4;157432.4;52.1;607.1;1015.7;24885.8;18.0;119.3;8.1;319.9
3;2018-12-19 19:00:00;573.4;39.1;11.6;5.2;101080.8;53.9;481.9;970.2;22353.1;6.5;105.4;7.9;107.0
3;2018-12-19 20:00:00;669.4;34.5;13.2;1.8;98331.2;57.1;524.8;996.3;36310.7;13.7;86.9;7.9;150.6
3;2018-12-19 21:00:00;649.0;55.1;10.9;3.6;132066.2;45.3;539.3;972.9;19712.8;3.4;79.9;9.0;207.5
3;2018-12-19 22:00:00;489.5;47.8;17.2;1.1;77524.0;44.4;555.7;892.9;23524.0;4.0;66.7;10.1;130.8
3;2018-12-19 23:00:00;403.0;35.4;16.1;0.9;74950.1;41.7;627.6;834.1;29747.4;4.4;45.5;8.0;154.3
3;2018-12-20 00:00:00;527.0;68.6;21.7;2.4;93070.4;72.2;1002.3;1086.6;21751.0;3.5;42.1;15.8;110.9
3;2018-12-20 01:00:00;516.9;52.9;17.1;1.6;106231.0;53.9;898.6;961.8;22157.8;2.1;55.8;10.7;399.0
3;2018-12-20 02:00:00;921.2;48.0;9.7;1.5;111974.9;48.7;895.8;976.1;18337.4;3.6;56.3;10.5;487.3
3;2018-12-20 03:00:00;1006.5;44.2;49.5;2.1;99577.1;46.1;543.1;934.2;60682.1;14.0;66.3;9.0;294.9
3;2018-12-20 04:00:00;600.9;55.9;19.3;4.4;138259.4;48.0;572.4;1229.6;17850.6;6.6;46.7;13.9;565.4
3;2018-12-20 05:00:00;571.6;59.7;18.5;1.2;101375.0;48.4;570.9;988.3;24100.2;6.3;53.3;12.2;630.2
3;2018-12-20 06:00:00;490.4;43.6;9.1;0.7;107770.2;46.8;588.2;967.5;37992.0;11.5;27.4;11.0;502.3
3;2018-12-20 07:00:00;332.0;56.4;9.3;1.8;96906.4;42.6;531.0;1043.2;31987.7;16.7;29.8;13.0;862.7
3;2018-12-20 08:00:00;407.6;53.6;11.0;1.4;91830.6;46.1;550.3;1006.9;27721.8;11.3;64.2;8.5;616.0
3;2018-12-20 09:00:00;556.0;64.7;6.8;7.3;89443.5;53.0;521.1;1197.6;30029.7;10.7;71.2;10.8;425.9
3;2018-12-20 10:00:00;564.5;44.3;7.3;3.0;104655.9;53.0;457.2;1018.2;8534.9;6.5;101.9;9.6;164.8
3;2018-12-20 12:00:00;698.2;55.8;7.1;4.3;71106.1;58.4;514.7;1261.2;18830.6;23.7;104.1;10.0;330.2
3;2018-12-20 13:00:00;691.9;45.5;3.9;9.1;79089.1;57.1;595.0;1103.6;3506.6;29.7;119.7;7.3;226.8
3;2018-12-20 14:00:00;778.4;59.3;8.2;6.9;87394.7;59.8;486.1;1110.4;24309.6;19.7;114.6;9.7;290.9
3;2018-12-20 15:00:00;527.0;53.6;10.0;7.2;98527.5;57.6;454.9;1033.4;19716.7;5.1;98.1;8.7;280.8
3;2018-12-20 16:00:00;707.3;50.3;13.7;2.0;53441.5;54.4;503.9;967.7;25089.0;15.9;86.0;9.9;287.1
3;2018-12-20 17:00:00;545.6;33.5;12.7;1.7;69659.0;51.8;533.8;916.3;6516.7;5.8;93.6;6.3;116.5
3;2018-12-20 18:00:00;485.7;29.8;11.9;1.0;73400.4;47.4;532.2;823.9;2423.9;5.9;80.7;6.3;105.2
3;2018-12-20 19:00:00;693.8;49.2;13.0;4.7;58846.5;42.3;478.1;1024.5;19595.3;73.9;61.3;9.2;385.9
3;2018-12-20 20:00:00;516.0;40.4;14.4;2.7;58317.4;41.1;683.3;942.5;39045.0;54.6;38.6;8.5;308.1
3;2018-12-20 21:00:00;576.4;50.4;19.6;7.3;74657.1;43.9;616.6;1098.4;30191.8;55.5;58.5;9.1;265.6
3;2018-12-20 22:00:00;575.8;47.7;13.9;2.9;77861.1;44.5;479.8;1345.4;39692.8;36.2;68.2;7.6;213.2
3;2018-12-20 23:00:00;465.2;47.3;6.9;1.9;62605.2;36.5;610.5;833.3;22549.9;4.9;71.0;8.1;183.1
3;2018-12-21 00:00:00;569.1;59.4;12.3;1.5;84155.8;78.4;722.9;1043.3;20757.2;3.6;55.9;11.6;77.2
3;2018-12-21 01:00:00;487.4;53.4;9.2;0.7;99712.6;69.7;578.9;975.1;14186.6;0.7;41.1;11.3;155.9
3;2018-12-21 02:00:00;426.9;56.3;11.6;3.2;63136.8;48.3;527.2;959.9;18598.0;4.2;43.3;12.0;283.6
3;2018-12-21 03:00:00;518.8;49.1;20.8;1.6;67289.4;44.6;586.9;878.1;58519.7;14.5;64.2;9.1;258.4
3;2018-12-21 04:00:00;447.6;56.5;9.0;3.1;111813.9;53.0;513.0;1032.8;10331.7;8.2;65.6;12.7;421.9
3;2018-12-21 05:00:00;445.7;57.2;7.2;3.0;117736.1;52.5;604.6;1133.2;23484.3;12.1;63.6;11.7;542.4
3;2018-12-21 06:00:00;265.5;44.7;8.4;0.6;92861.6;41.0;561.2;844.5;13183.1;8.6;27.0;10.0;348.0
3;2018-12-21 07:00:00;366.6;64.1;12.4;5.3;79055.5;43.9;549.7;833.4;17538.3;15.9;58.2;12.5;470.4
3;2018-12-21 08:00:00;380.1;45.4;11.3;0.6;78460.0;40.4;521.2;807.2;23181.2;12.5;39.9;9.8;317.8
3;2018-12-21 09:00:00;433.2;42.5;15.3;0.8;60897.5;43.5;527.5;962.4;23237.8;9.7;34.7;10.1;221.5
3;2018-12-21 10:00:00;502.0;59.1;16.8;6.6;65088.5;58.4;477.5;1165.7;245522.7;21.2;68.2;11.9;190.1
3;2018-12-21 11:00:00;1810.8;71.3;15.3;6.4;109114.4;56.5;448.4;1235.8;57827.8;29.7;51.0;12.4;317.7
3;2018-12-21 12:00:00;529.9;56.6;8.2;3.8;106572.7;51.9;587.5;1086.8;18292.6;20.3;46.1;10.2;268.0
3;2018-12-21 13:00:00;840.9;53.3;17.2;4.2;72420.0;60.7;656.8;1293.5;20513.8;21.1;84.1;11.7;250.3
3;2018-12-21 14:00:00;542.3;41.7;14.2;3.7;74396.4;58.0;564.4;1201.9;19596.2;26.8;94.8;7.9;218.7
3;2018-12-21 15:00:00;36431.1;40.6;12.6;3.8;94184.0;55.5;1267.5;1023.4;21007.4;18.4;100.4;7.6;176.3
3;2018-12-21 16:00:00;486.8;36.5;8.9;1.3;79757.8;47.8;1262.7;896.1;12614.8;12.0;81.1;8.6;169.7
3;2018-12-21 17:00:00;388.8;35.5;9.7;0.5;61470.0;39.0;1376.6;686.0;18958.7;6.7;31.3;8.5;67.2
3;2018-12-21 18:00:00;324.1;27.2;9.3;0.5;60148.4;42.6;1413.8;679.7;19904.2;0.6;24.2;6.6;34.1
3;2018-12-21 19:00:00;300.9;37.9;11.8;0.7;69187.6;39.6;1986.9;607.5;21984.8;1.1;25.3;8.7;178.5
3;2018-12-21 20:00:00;251.8;38.7;17.2;0.6;72918.9;34.9;430.7;577.4;21072.8;2.8;11.3;9.5;171.8
3;2018-12-21 21:00:00;318.5;54.4;20.6;0.9;74121.0;38.9;466.8;867.7;20360.8;5.6;12.1;11.8;196.8
3;2018-12-21 22:00:00;237.6;45.0;13.1;0.6;56558.6;35.9;358.8;756.9;21447.8;7.7;6.2;9.4;105.6
3;2018-12-21 23:00:00;148.1;34.8;8.0;0.4;51550.9;33.0;328.6;688.0;21694.9;7.9;0.3;6.0;55.2
3;2018-12-22 00:00:00;289.4;53.0;9.3;0.6;35297.4;56.4;1092.7;585.2;29624.7;9.2;0.6;10.6;97.4
3;2018-12-22 01:00:00;283.2;43.7;8.7;0.7;30165.5;42.8;587.4;620.5;25141.9;0.7;2.4;9.2;115.7
3;2018-12-22 02:00:00;257.3;45.3;13.2;0.7;54838.6;29.9;492.0;490.2;20680.8;8.7;7.3;10.1;327.2
3;2018-12-22 03:00:00;442.1;47.6;46.6;3.0;60245.3;34.1;465.3;646.3;105079.4;13.2;17.7;8.5;273.3
3;2018-12-22 04:00:00;184.2;45.2;6.5;0.6;79591.7;28.5;5423.0;682.9;20979.0;19.2;2.4;9.8;507.2
3;2018-12-22 05:00:00;226.6;44.8;6.9;0.6;89638.2;26.0;7123.7;640.5;31566.1;25.2;3.4;9.1;518.2
3;2018-12-22 06:00:00;164.1;33.7;5.0;0.4;57897.2;26.2;418.1;533.8;23515.4;6.6;13.5;6.6;280.6
3;2018-12-22 07:00:00;404.2;60.2;6.1;4.8;85952.1;35.0;523.4;1131.7;23379.1;16.1;14.9;11.0;525.3
3;2018-12-22 08:00:00;36846.3;52.1;6.9;0.6;67540.7;34.1;595.5;1077.5;30408.2;29.6;11.4;8.8;366.6
3;2018-12-22 09:00:00;295.7;55.4;9.6;1.5;60162.4;29.2;1183.6;831.3;23931.9;42.2;12.5;10.8;476.4
3;2018-12-22 10:00:00;137.9;36.2;6.6;0.5;54645.3;22.6;1650.7;496.4;23330.8;42.0;3.5;7.4;268.2
3;2018-12-22 11:00:00;361.4;61.9;5.9;3.2;73169.0;29.8;1068.5;890.1;34846.0;23.9;18.0;10.2;583.1
3;2018-12-22 12:00:00;245.6;56.2;5.3;1.0;83627.0;22.4;1257.7;696.2;17377.0;30.7;13.8;10.2;579.1
3;2018-12-22 13:00:00;234.3;49.0;5.3;0.6;58543.0;20.1;1657.6;536.1;22341.1;25.0;7.1;9.2;556.1
3;2018-12-22 14:00:00;130.3;30.7;4.3;0.4;43882.6;17.9;2057.7;413.9;22969.2;1.7;11.8;5.6;392.4
3;2018-12-22 15:00:00;154.8;29.1;2.6;0.4;48900.9;19.6;417.7;377.0;20636.3;1.5;13.8;5.3;423.0
3;2018-12-22 16:00:00;162.2;29.8;4.2;0.4;38568.9;19.0;481.7;484.1;22306.3;0.4;15.9;5.7;417.5
3;2018-12-22 17:00:00;37542.4;35.5;2.1;0.4;24492.3;18.3;417.4;482.0;19245.7;6.1;18.1;5.3;522.7
3;2018-12-22 18:00:00;118.0;25.7;2.3;0.3;44633.5;17.1;376.7;328.4;21685.3;0.5;13.9;4.7;408.0
3;2018-12-22 19:00:00;160.1;34.3;3.8;0.4;25232.3;16.6;373.9;374.8;21378.9;0.2;2.7;5.8;557.0
3;2018-12-22 20:00:00;101.7;26.3;5.3;0.4;21342.2;14.5;401.9;358.4;26837.8;7.4;0.0;5.4;423.1
3;2018-12-22 21:00:00;126.2;26.7;5.9;0.4;19719.4;14.3;397.0;287.1;19090.4;1.0;0.1;5.7;547.5
3;2018-12-22 22:00:00;55.2;19.3;1.4;0.2;19250.9;13.7;421.0;264.7;14704.7;0.7;0.0;3.3;412.1
3;2018-12-22 23:00:00;59.4;17.2;1.1;0.3;19948.9;11.9;479.0;192.8;14978.3;0.5;0.0;2.9;387.6
3;2018-12-23 00:00:00;360.4;64.9;8.2;1.5;98542.6;46.3;844.3;636.2;24556.3;1.2;3.2;12.9;481.1
3;2018-12-23 01:00:00;342.3;63.2;6.6;0.7;117553.8;47.1;555.9;812.1;19671.5;1.8;5.6;11.7;592.5
3;2018-12-23 02:00:00;281.2;70.8;6.8;1.1;74699.0;39.8;518.3;800.2;16161.6;2.2;28.2;11.5;971.9
3;2018-12-23 03:00:00;399.8;57.4;68.5;0.8;107073.6;40.0;512.7;923.9;94947.5;4.4;13.9;10.8;774.4
3;2018-12-23 04:00:00;346.3;72.0;15.3;2.3;109138.9;36.9;4627.6;918.1;18721.8;16.1;13.5;13.9;816.7
3;2018-12-23 05:00:00;243.3;53.5;15.6;1.5;63115.4;28.7;460.0;775.5;31450.1;9.8;2.3;10.8;587.3
3;2018-12-23 06:00:00;279.7;61.6;8.3;2.7;113164.3;31.0;518.9;766.8;22596.1;24.2;5.8;12.2;682.9
3;2018-12-23 07:00:00;375.6;84.1;9.5;11.7;68127.0;35.8;403.7;1153.2;27425.2;27.1;1.5;15.1;673.7
3;2018-12-23 08:00:00;309.1;81.8;11.1;2.6;103429.2;33.7;525.3;918.6;18554.4;9.0;0.0;14.7;771.5
3;2018-12-23 09:00:00;251.9;73.3;7.9;1.8;153555.3;29.5;448.2;866.6;18558.9;15.9;0.1;13.7;607.1
3;2018-12-23 10:00:00;367.4;45.2;4.5;1.1;51282.2;30.3;468.0;991.9;18674.3;24.2;0.5;7.9;510.1
3;2018-12-23 11:00:00;341.5;48.3;5.1;2.5;49910.5;25.8;656.3;621.6;21226.2;32.9;0.2;8.5;583.2
3;2018-12-23 12:00:00;248.3;68.3;4.7;1.4;52704.2;24.1;505.5;629.2;22194.3;37.4;0.0;10.2;676.0
3;2018-12-23 13:00:00;324.2;79.9;6.4;2.2;79006.6;23.7;398.8;689.2;19436.0;42.5;0.1;12.5;652.8
3;2018-12-23 14:00:00;366.4;62.9;5.0;4.5;49052.0;21.3;409.5;531.7;17796.3;42.4;0.5;9.9;553.4
3;2018-12-23 15:00:00;216.7;54.8;4.6;0.9;39650.8;16.8;426.3;414.2;22918.5;15.8;0.0;8.3;521.6
3;2018-12-23 16:00:00;220.3;33.9;2.3;0.6;32222.1;14.2;408.9;289.1;22496.1;14.2;0.0;5.5;616.9
3;2018-12-23 17:00:00;101.6;29.0;2.7;0.4;24895.3;13.5;458.9;240.3;22110.3;13.8;0.0;4.3;472.1
3;2018-12-23 18:00:00;150.3;25.7;3.9;0.4;51634.6;19.5;449.3;356.9;47153.1;0.5;11.2;5.5;400.6
3;2018-12-23 19:00:00;105.6;28.0;2.7;0.4;46259.9;17.4;412.2;293.7;20914.8;5.8;0.2;5.8;539.6
3;2018-12-23 20:00:00;89.8;16.4;2.1;0.2;31840.4;13.9;403.3;246.5;21952.5;2.5;0.0;3.1;498.6
3;2018-12-23 21:00:00;101.7;20.8;2.1;0.3;26765.6;14.6;391.1;275.2;19123.0;0.7;0.0;3.6;502.6
3;2018-12-23 22:00:00;91.7;23.6;1.7;0.3;30929.3;13.1;361.8;251.8;21763.0;0.2;0.0;3.9;521.3
3;2018-12-23 23:00:00;58.1;19.8;1.8;0.3;16910.1;11.7;396.7;198.3;19541.0;0.6;0.0;3.1;366.5
3;2018-12-24 00:00:00;436.0;34.7;3.1;0.5;55403.0;76.6;638.1;655.8;24695.1;1.0;1.2;6.8;209.4
3;2018-12-24 01:00:00;519.6;41.3;6.2;0.6;80636.5;65.1;463.8;714.0;20636.1;3.3;5.9;8.3;200.2
3;2018-12-24 02:00:00;372.9;66.9;8.2;1.8;64351.8;52.1;380.8;741.7;28035.6;1.0;13.4;12.5;407.8
3;2018-12-24 03:00:00;319.6;44.9;40.5;0.7;73337.0;31.0;417.1;609.1;83001.7;5.4;5.4;8.6;436.1
3;2018-12-24 04:00:00;397.5;60.9;38.3;1.7;81230.6;36.2;509.1;932.7;50946.0;6.7;5.9;10.9;446.6
3;2018-12-24 05:00:00;221.1;47.5;6.3;0.7;76146.0;35.7;456.2;704.1;22990.5;9.9;4.2;10.7;206.3
3;2018-12-24 06:00:00;469.2;61.2;6.5;3.2;80429.5;34.2;453.9;987.5;23536.6;7.2;45.0;12.5;525.7
3;2018-12-24 07:00:00;357.8;53.9;6.1;2.6;65925.7;33.9;429.8;867.5;32390.8;25.9;23.8;12.6;532.1
3;2018-12-24 08:00:00;439.8;53.7;7.9;2.5;75755.3;46.6;706.4;1071.7;29954.1;13.5;51.1;12.6;449.9
3;2018-12-24 09:00:00;482.1;61.4;7.6;5.1;53518.7;48.5;512.9;1062.1;30231.5;8.6;70.3;12.6;402.6
3;2018-12-24 10:00:00;492.5;57.6;12.1;5.8;87204.8;51.4;681.2;1146.8;40122.0;19.7;78.2;13.0;402.5
3;2018-12-24 11:00:00;426.7;42.6;6.5;2.0;69423.1;42.9;1021.1;895.5;17910.2;16.9;79.8;8.4;215.4
3;2018-12-24 12:00:00;514.9;55.3;6.2;6.6;98816.3;53.9;995.2;1277.6;37130.0;22.0;112.3;10.0;469.6
3;2018-12-24 13:00:00;564.1;55.6;5.5;6.9;141726.4;47.7;1159.5;1112.3;21543.0;32.6;120.7;9.8;340.3
3;2018-12-24 14:00:00;451.9;34.4;4.7;2.3;81290.3;45.9;1435.6;910.0;25117.7;27.0;106.6;7.5;201.8
3;2018-12-24 15:00:00;4933.2;42.1;7.3;2.6;75172.9;45.0;1428.4;949.7;26552.1;3.1;88.5;9.2;416.5
3;2018-12-24 16:00:00;462.6;45.7;4.3;3.0;72280.8;43.9;1921.5;1026.7;20141.5;4.4;107.4;8.8;440.0
3;2018-12-24 17:00:00;1401.5;26.3;5.2;1.8;45570.0;41.6;534.4;876.5;19435.9;3.7;111.3;6.8;133.5
3;2018-12-24 18:00:00;1872.7;39.7;11.8;4.1;90868.3;42.2;608.8;948.0;14633.0;6.3;107.4;9.9;244.7
3;2018-12-24 19:00:00;614.0;43.3;14.7;3.8;62688.5;45.1;511.5;948.0;18675.9;9.0;99.1;9.8;243.6
3;2018-12-24 20:00:00;415.3;45.9;11.2;1.6;72858.4;40.6;433.7;861.4;39959.1;8.8;60.6;9.8;275.9
3;2018-12-24 21:00:00;356.2;41.1;8.9;0.6;55936.4;36.8;422.5;761.3;29734.3;8.6;61.5;9.6;283.7
3;2018-12-24 22:00:00;334.5;44.4;11.0;1.2;49587.9;31.1;436.7;648.4;23423.1;6.3;49.0;9.2;241.0
3;2018-12-24 23:00:00;309.5;35.6;7.3;0.6;48500.2;28.1;390.4;532.3;17310.6;4.8;28.6;8.9;186.8
3;2018-12-25 00:00:00;624.8;65.4;8.6;3.0;103283.3;95.4;674.8;969.1;20098.4;4.3;50.0;13.6;259.5
3;2018-12-25 01:00:00;618.7;62.3;9.6;1.5;124523.3;83.5;457.8;995.2;21006.0;3.4;44.6;13.4;483.3
3;2018-12-25 02:00:00;564.8;63.3;12.7;2.5;86782.0;64.2;512.5;898.8;20868.1;1.6;45.3;14.4;445.2
3;2018-12-25 03:00:00;701.2;53.4;56.4;1.8;99151.7;50.5;530.8;972.5;82421.0;17.2;54.5;12.6;415.4
3;2018-12-25 04:00:00;389.6;65.3;12.7;4.0;150996.0;45.9;510.7;864.7;12217.2;10.8;47.6;13.5;582.7
3;2018-12-25 05:00:00;286.8;66.4;9.8;1.5;113729.3;44.8;506.7;939.4;30717.5;11.1;19.3;14.4;618.6
3;2018-12-25 06:00:00;1178.0;48.1;17.0;1.1;76640.1;44.8;519.6;845.2;29821.0;14.0;35.6;10.6;580.4
3;2018-12-25 07:00:00;451.9;67.2;10.0;4.0;100472.2;45.5;450.3;962.0;33745.5;19.2;55.5;14.1;418.8
3;2018-12-25 08:00:00;435.6;67.9;9.4;4.9;87800.5;46.3;435.7;958.8;28037.1;18.0;53.5;11.9;594.7
3;2018-12-25 09:00:00;522.6;62.3;8.3;2.8;101311.8;52.0;439.8;1281.3;14980.8;19.1;60.2;12.1;844.2
3;2018-12-25 10:00:00;624.8;57.3;7.7;5.0;90343.9;54.2;415.6;1264.0;14552.1;7.0;76.6;10.1;343.2
3;2018-12-25 11:00:00;526.6;53.1;9.3;1.6;63387.3;50.3;390.8;1169.9;39274.6;19.5;76.3;10.4;396.9
3;2018-12-25 12:00:00;655.5;55.8;6.6;4.1;73781.5;52.8;380.2;1137.9;30042.7;14.9;78.9;9.4;330.6
3;2018-12-25 13:00:00;455.5;48.3;5.7;2.4;91429.2;51.7;362.8;1263.6;22721.4;7.9;75.0;8.8;206.4
3;2018-12-25 14:00:00;387.8;48.2;8.7;1.3;144965.1;41.7;453.7;1129.1;25448.2;9.2;53.2;10.5;327.2
3;2018-12-25 15:00:00;375.5;43.6;6.9;1.5;71551.6;42.4;357.7;874.8;30417.4;17.7;57.2;9.2;307.2
3;2018-12-25 16:00:00;384.7;37.7;10.0;0.5;57984.4;34.5;385.9;770.0;34125.1;5.5;28.5;8.4;314.0
3;2018-12-25 17:00:00;242.7;29.3;6.7;0.4;86037.9;26.5;430.7;508.0;23904.6;22.9;25.1;6.2;289.9
3;2018-12-25 18:00:00;230.3;33.3;4.0;0.5;77417.3;28.1;486.1;580.2;22917.1;1.5;31.6;6.2;148.4
3;2018-12-25 19:00:00;411.0;41.3;5.9;0.8;98867.6;34.9;417.4;687.4;20708.7;3.7;27.5;8.1;305.9
3;2018-12-25 20:00:00;349.9;34.6;4.2;0.6;73020.3;30.7;443.2;664.1;20079.7;3.2;46.8;6.7;253.8
3;2018-12-25 21:00:00;390.8;41.2;6.4;1.1;110447.3;35.4;395.1;830.8;31617.4;1.3;67.5;8.5;246.1
3;2018-12-25 22:00:00;172.8;31.5;7.4;0.5;67204.8;27.5;309.4;595.8;13429.3;5.6;12.4;7.1;92.9
3;2018-12-25 23:00:00;107.4;17.6;7.8;0.5;58311.6;16.9;300.0;302.7;12605.4;5.4;0.2;6.0;58.3
3;2018-12-26 00:00:00;487.2;45.7;7.4;0.7;113482.8;61.9;535.6;673.3;15801.2;2.9;9.3;10.7;50.3
3;2018-12-26 01:00:00;549.8;49.7;11.6;0.7;132120.9;64.1;565.6;718.3;15616.0;0.5;11.9;11.4;281.6
3;2018-12-26 02:00:00;576.2;65.4;12.8;3.2;112759.3;46.1;426.5;799.5;19055.3;3.7;18.7;12.9;410.5
3;2018-12-26 03:00:00;699.7;60.3;59.4;1.0;102512.8;40.9;412.7;997.2;108690.5;16.8;16.4;14.3;561.5
3;2018-12-26 04:00:00;533.1;85.2;12.3;11.1;129986.6;43.9;445.3;856.0;21011.7;8.5;28.2;16.0;548.6
3;2018-12-26 05:00:00;403.7;77.5;11.7;4.4;160980.7;43.6;415.2;851.1;19972.4;8.0;28.2;15.0;548.0
3;2018-12-26 06:00:00;311.3;49.7;9.6;0.7;85175.4;41.7;347.2;841.5;16323.2;11.6;21.4;11.5;306.7
3;2018-12-26 07:00:00;381.9;52.5;9.6;0.8;143186.8;42.8;470.3;778.4;32894.4;12.4;47.2;11.9;344.5
3;2018-12-26 08:00:00;533.0;77.8;14.2;7.9;167370.3;51.1;438.4;1127.1;20980.6;24.8;32.5;16.3;666.8
3;2018-12-26 09:00:00;536.0;62.6;12.0;1.1;128201.2;49.3;382.0;1493.8;16350.4;20.8;27.6;13.5;450.3
3;2018-12-26 10:00:00;462.9;60.4;8.0;59467689481107.7;115109.1;50.6;432.4;1379.3;24953.1;20.5;28.1;11.8;418.6
3;2018-12-26 11:00:00;562.9;67.5;9.2;3.1;130658.3;62.5;620.8;1398.4;42122.3;13.0;43.6;12.7;323.9
3;2018-12-26 12:00:00;658.5;73.0;7.5;3.5;113175.2;54.0;1066.3;1240.7;22264.3;20.5;56.5;11.2;280.2
3;2018-12-26 13:00:00;559.5;79.2;7.9;7.8;130600.0;48.6;770.0;1054.2;16303.6;23.7;56.7;13.8;383.4
3;2018-12-26 14:00:00;490.2;80.6;7.4;5.5;114312.2;42.0;812.2;987.0;27501.0;13.1;19.2;14.1;365.4
3;2018-12-26 15:00:00;390.8;58.1;5.6;2.2;95943.4;32.7;992.8;708.6;18512.0;20.5;20.8;9.1;270.1
3;2018-12-26 16:00:00;370.9;44.2;4.7;1.7;82149.8;37.7;1151.3;711.8;23278.2;17.2;44.0;7.7;262.8
3;2018-12-26 17:00:00;350.4;43.5;11.6;1.2;110465.1;40.1;1055.6;721.9;21287.8;16.0;38.4;7.1;259.2
3;2018-12-26 18:00:00;689.7;46.0;15.4;1.4;64212.6;35.2;1507.0;730.9;17409.2;16.4;19.0;9.0;188.7
3;2018-12-26 19:00:00;291.8;45.4;15.4;1.2;94261.1;33.0;646.2;650.2;16054.7;17.9;2.9;9.2;307.8
3;2018-12-26 20:00:00;168.4;31.7;11.5;0.4;82119.5;25.2;265.8;476.9;26626.1;6.4;0.3;5.9;208.8
3;2018-12-26 21:00:00;213.5;48.9;8.4;0.7;68938.4;21.5;283.5;554.1;37351.0;4.1;0.7;8.2;253.0
3;2018-12-26 22:00:00;191.0;34.5;6.8;0.4;82981.0;21.3;282.8;514.1;20014.0;8.1;0.5;5.9;274.0
3;2018-12-26 23:00:00;143.5;18.0;3.5;0.3;22006.4;18.9;234.1;365.7;13571.4;7.3;0.0;3.9;116.3
3;2018-12-27 00:00:00;473.3;45.6;6.1;0.6;82086.3;75.5;558.4;671.4;19915.4;2.7;0.5;8.9;141.2
3;2018-12-27 01:00:00;778.5;40.0;7.2;0.6;71638.2;72.0;350.2;743.6;15508.3;0.9;0.7;8.2;429.3
3;2018-12-27 02:00:00;577.7;60.2;10.7;0.7;73584.5;69.3;658.7;780.3;24639.0;3.8;3.0;11.2;390.8
3;2018-12-27 03:00:00;320.5;55.5;47.7;0.7;70081.8;37.3;377.5;636.7;65967.0;9.6;8.9;11.1;409.9
3;2018-12-27 04:00:00;397.3;71.8;17.8;2.0;93718.5;45.8;393.4;784.6;24447.8;4.9;25.6;11.7;582.1
3;2018-12-27 05:00:00;399.3;73.8;16.4;4.8;106604.3;47.8;282.8;964.0;29023.1;9.7;29.6;13.1;682.8
3;2018-12-27 06:00:00;302.3;40.1;12.4;0.7;76304.7;35.6;260.9;663.0;34829.6;13.7;10.2;9.2;252.4
3;2018-12-27 07:00:00;273.3;62.8;11.8;0.8;99374.8;40.3;276.7;813.9;14752.5;11.7;7.9;12.6;519.5
3;2018-12-27 08:00:00;434.8;49.3;10.7;0.8;78696.2;34.5;396.9;700.4;20034.0;25.8;1.7;9.5;410.7
3;2018-12-27 09:00:00;455.5;62.4;11.3;2.4;197252.0;45.4;404.7;1098.8;24363.7;22.5;21.5;11.7;669.2
3;2018-12-27 10:00:00;382.3;58.2;11.8;1.8;111528.0;49.2;551.5;991.5;27836.5;17.3;49.9;10.7;417.0
3;2018-12-27 11:00:00;302.6;43.9;9.9;0.6;78145.5;45.2;466.1;836.7;39594.1;16.5;38.9;8.7;297.2
3;2018-12-27 12:00:00;356.5;47.5;8.4;0.6;74597.9;38.9;635.5;779.5;15426.8;9.1;13.4;9.3;301.7
3;2018-12-27 13:00:00;184.8;37.7;10.0;0.5;61435.1;33.0;635.0;557.7;16593.3;6.5;2.9;8.8;279.4
3;2018-12-27 14:00:00;295.3;49.6;8.9;0.6;84122.3;39.1;491.0;691.5;19261.8;3.6;30.2;9.6;363.2
3;2018-12-27 15:00:00;239.2;39.2;8.8;0.5;41798.8;34.2;537.4;540.5;16781.8;6.3;18.9;8.1;257.7
3;2018-12-27 16:00:00;223.7;27.4;8.5;0.5;69145.7;26.2;503.6;310.0;11690.2;2.9;1.2;6.7;235.2
3;2018-12-27 17:00:00;152.0;29.6;7.6;0.5;53156.9;30.8;510.2;375.8;19272.7;4.9;16.0;8.7;83.8
3;2018-12-27 18:00:00;170.0;33.7;4.6;0.5;59957.6;30.2;485.3;441.8;18536.8;4.2;10.4;7.0;351.7
3;2018-12-27 19:00:00;161.8;35.8;3.7;0.4;32842.4;26.1;466.7;402.9;42541.2;5.3;8.1;6.4;231.7
3;2018-12-27 20:00:00;126.0;21.4;4.9;0.3;52772.3;25.1;554.2;394.3;36561.6;13.3;0.0;4.2;261.3
3;2018-12-27 21:00:00;352.0;31.0;6.7;0.4;60347.0;26.2;532.9;456.4;26712.6;9.4;0.2;6.0;94.6
3;2018-12-27 22:00:00;257.7;46.0;11.3;0.7;73935.2;28.0;514.3;628.6;22592.6;8.2;2.0;8.6;274.3
3;2018-12-27 23:00:00;140.1;23.7;11.4;0.4;44085.8;22.4;629.4;469.7;16869.2;10.0;0.0;5.2;123.3
3;2018-12-28 00:00:00;581.7;77.6;8.1;3.5;87387.5;103.0;798.8;1225.1;28978.0;12.5;18.3;14.0;261.6
3;2018-12-28 01:00:00;594.3;79.8;8.3;2.2;88059.0;87.0;629.7;1122.6;25412.0;3.4;11.8;14.2;654.8
3;2018-12-28 02:00:00;370.3;69.0;13.0;5.8;121311.3;41.4;473.5;746.7;24774.3;4.2;19.7;12.3;494.3
3;2018-12-28 03:00:00;218.6;48.4;15.3;0.6;82810.8;32.4;519.1;575.8;23008.2;5.9;2.6;9.5;327.8
3;2018-12-28 04:00:00;521.3;68.6;45.5;2.2;114586.3;42.0;664.5;882.9;124419.5;12.3;3.5;11.0;549.4
3;2018-12-28 05:00:00;272.4;44.3;8.3;0.5;85789.2;32.7;626.7;560.1;34472.2;4.0;2.1;8.6;783.1
3;2018-12-28 06:00:00;384.9;48.9;8.3;0.6;81986.8;42.3;574.8;768.2;20545.6;13.9;3.8;9.7;474.9
3;2018-12-28 07:00:00;191.1;38.0;4.7;0.6;115634.5;34.6;492.2;859.5;15065.4;11.7;0.4;8.1;386.1
3;2018-12-28 08:00:00;248.9;48.0;6.8;0.7;91706.5;31.9;482.6;539.0;24141.3;14.6;1.2;9.0;253.1
3;2018-12-28 09:00:00;212.2;53.1;8.4;0.7;103731.1;37.8;406.7;640.2;15780.8;15.5;2.4;11.1;290.4
3;2018-12-28 10:00:00;336.6;38.8;6.6;0.9;94645.1;46.7;385.3;984.2;12693.3;19.7;1.1;10.0;215.9
3;2018-12-28 11:00:00;403.3;55.9;7.7;2.1;119911.8;44.2;619.7;1379.0;42595.5;27.0;4.0;10.4;545.1
3;2018-12-28 12:00:00;322.3;68.0;5.9;1.2;83951.5;35.7;744.1;1022.2;16174.8;21.5;5.0;10.1;570.1
3;2018-12-28 13:00:00;359.1;75.3;7.1;2.1;55094.8;35.1;964.8;1050.7;12784.7;22.4;4.5;13.3;330.0
3;2018-12-28 14:00:00;449.6;67.2;6.4;10.1;105139.6;37.6;1072.1;1064.7;21657.9;21.3;28.0;11.5;384.2
3;2018-12-28 15:00:00;278.3;55.8;7.5;1.3;87173.4;27.9;1245.3;644.1;16435.9;19.9;2.5;10.8;294.5
3;2018-12-28 16:00:00;198.6;48.6;4.2;0.5;61256.8;26.4;1150.4;601.0;13942.5;16.1;0.2;8.3;372.6
3;2018-12-28 17:00:00;343.6;36.7;5.8;1.5;50025.9;29.9;939.7;594.7;13717.5;17.7;4.0;6.6;321.0
3;2018-12-28 18:00:00;233.9;34.3;3.7;0.8;61131.5;23.2;1402.9;442.9;29285.9;21.1;2.0;5.3;193.6
3;2018-12-28 19:00:00;132.1;28.7;3.2;0.4;33518.9;24.8;1621.3;499.6;19834.7;17.3;0.1;5.2;355.3
3;2018-12-28 20:00:00;296.3;17.1;2.8;0.3;46768.1;17.6;593.6;316.3;4992.6;4.6;0.0;3.4;40.8
3;2018-12-28 21:00:00;225.7;47.4;11.1;0.6;69955.2;23.0;478.3;585.1;25676.7;3.7;1.4;8.6;237.9
3;2018-12-28 22:00:00;250.0;42.1;11.4;0.8;27807.2;19.6;476.2;497.5;16928.2;6.6;2.0;7.4;189.1
3;2018-12-28 23:00:00;134.2;32.1;8.1;0.3;27669.7;18.4;457.2;391.5;24582.2;6.6;0.1;4.8;79.5
3;2018-12-29 00:00:00;322.0;71.2;8.3;0.8;40780.7;62.8;770.0;554.1;27787.0;5.9;0.5;13.3;86.7
3;2018-12-29 01:00:00;358.0;70.5;6.5;3.8;30309.0;48.8;397.9;602.0;19127.9;1.2;5.7;12.1;223.3
3;2018-12-29 02:00:00;196.4;42.9;8.1;0.6;62289.8;27.8;426.9;496.3;23245.0;4.4;6.6;9.6;206.9
3;2018-12-29 03:00:00;183.6;32.0;5.3;0.5;55545.6;24.2;543.5;374.5;15181.8;10.5;3.9;6.6;174.4
3;2018-12-29 04:00:00;552.0;52.7;17.2;1.3;65512.3;36.3;5620.7;935.4;112378.7;16.4;14.7;9.3;465.1
3;2018-12-29 05:00:00;198.1;53.3;6.3;0.6;95181.2;28.3;5591.6;679.6;12587.4;16.3;0.4;8.8;411.5
3;2018-12-29 06:00:00;196.7;51.7;4.8;0.6;74159.6;24.2;2864.1;809.8;21009.6;20.1;1.2;9.0;500.5
3;2018-12-29 07:00:00;235.7;46.8;5.8;1.1;84837.0;22.7;855.4;517.2;20516.0;25.6;1.2;8.5;373.6
3;2018-12-29 08:00:00;353.1;64.2;5.1;3.2;73062.3;22.8;443.1;546.0;21516.1;17.1;3.5;10.5;494.5
3;2018-12-29 09:00:00;328.0;53.5;4.6;3.2;68805.4;27.3;433.7;512.8;16160.6;25.1;10.7;8.8;505.3
3;2018-12-29 10:00:00;305.2;58.0;6.2;1.7;41018.9;28.8;391.9;553.9;22787.3;20.0;6.9;8.9;455.3
3;2018-12-29 11:00:00;361.3;72.9;5.3;6.0;105059.3;38.9;494.4;1326.2;44271.0;24.8;13.5;12.3;660.3
3;2018-12-29 12:00:00;339.5;68.0;6.0;6.3;48123.2;30.7;457.2;909.9;20800.2;15.3;11.8;10.7;291.5
3;2018-12-29 13:00:00;374.2;49.5;4.1;0.6;80411.4;28.2;1126.4;802.3;18339.8;32.6;6.7;7.7;300.7
3;2018-12-29 14:00:00;281.3;68.1;6.9;2.2;44527.4;24.8;1236.7;710.6;28409.8;20.4;4.2;11.8;329.0
3;2018-12-29 15:00:00;158.1;60.7;4.7;0.6;53101.2;19.9;1180.8;541.9;13110.6;19.4;0.7;9.2;664.7
3;2018-12-29 16:00:00;484.1;38.8;2.9;0.4;55583.1;14.9;1277.6;469.4;12560.4;19.3;0.6;6.1;608.0
3;2018-12-29 17:00:00;189.7;42.5;3.9;0.4;31444.3;14.0;1632.2;319.4;14162.1;23.3;1.1;6.3;625.4
3;2018-12-29 18:00:00;128.7;35.1;2.1;0.3;74379.7;11.1;1453.2;263.7;16618.5;2.8;0.2;4.5;544.1
3;2018-12-29 19:00:00;109.8;33.0;5.5;0.4;38127.1;15.6;1239.8;219.8;16786.4;2.8;0.0;5.3;507.6
3;2018-12-29 20:00:00;156.0;33.2;8.0;0.5;21970.4;13.8;322.1;215.2;17511.1;4.0;0.0;6.6;541.1
3;2018-12-29 21:00:00;229.3;40.4;15.9;1.0;22269.3;17.7;348.6;327.3;27724.6;5.0;1.3;8.1;588.2
3;2018-12-29 22:00:00;433.8;33.4;8.5;0.4;37897.7;13.1;253.8;222.0;15396.3;5.5;0.1;5.6;637.8
3;2018-12-29 23:00:00;117.6;41.0;2.5;0.4;26782.6;11.2;264.1;210.7;16965.4;5.1;0.0;5.2;417.8
3;2018-12-30 00:00:00;332.1;77.3;11.5;1.2;100730.8;55.4;637.5;637.7;24851.4;4.4;11.8;13.0;510.9
3;2018-12-30 01:00:00;439.6;76.2;7.4;1.2;89990.3;54.0;592.0;636.3;19267.8;1.6;13.6;12.3;702.2
3;2018-12-30 02:00:00;291.6;71.2;8.7;1.3;82423.0;31.8;340.2;641.2;18575.0;3.3;13.1;12.0;1071.3
3;2018-12-30 03:00:00;299.4;61.0;34.2;1.4;76600.1;28.6;432.7;657.2;82181.7;14.3;4.9;10.2;853.8
3;2018-12-30 04:00:00;474.1;85.1;12.0;6.2;125755.6;39.8;3234.5;614.2;40922.3;8.3;3.4;13.6;705.6
3;2018-12-30 05:00:00;267.1;80.3;11.3;2.4;130669.1;32.7;465.0;575.1;21620.3;7.7;1.4;13.5;679.2
3;2018-12-30 06:00:00;193.8;48.5;8.0;0.6;81793.3;21.9;305.2;472.5;12361.7;12.6;1.1;9.4;832.0
3;2018-12-30 07:00:00;203.1;62.3;8.4;0.7;62580.5;19.1;392.5;408.2;28891.0;10.1;0.0;11.4;817.5
3;2018-12-30 08:00:00;262.4;78.3;6.2;2.3;115166.7;26.0;349.6;564.0;19838.9;11.4;0.1;12.5;949.2
3;2018-12-30 09:00:00;235.0;64.2;6.4;0.9;105864.6;19.0;254.8;504.2;22452.4;3.2;0.0;10.6;690.8
3;2018-12-30 10:00:00;339.3;87.0;7.0;7.9;129594.9;30.2;270.3;1133.6;26832.7;14.6;1.0;15.1;1050.8
3;2018-12-30 11:00:00;287.4;82.1;6.0;7.2;78813.6;29.8;335.5;939.6;20151.5;7.0;0.8;12.4;662.6
3;2018-12-30 12:00:00;223.4;58.5;5.8;1.1;103278.1;22.9;330.9;629.9;17801.7;13.2;0.0;9.0;583.5
3;2018-12-30 13:00:00;210.5;39.1;6.2;0.6;69145.3;19.0;273.9;565.4;15367.0;9.5;0.0;6.2;547.5
3;2018-12-30 14:00:00;178.6;32.0;6.1;0.5;36527.0;16.8;256.9;431.1;15037.4;5.4;0.0;7.1;628.6
3;2018-12-30 15:00:00;214.7;38.8;4.3;0.4;44405.1;11.8;238.3;280.2;18810.4;4.1;0.0;6.0;556.7
3;2018-12-30 16:00:00;126.8;35.5;3.6;0.3;47144.8;9.6;472.5;174.7;17420.6;3.3;0.0;4.8;556.2
3;2018-12-30 17:00:00;159.5;42.3;4.5;0.5;32341.3;12.9;344.2;286.8;18159.2;0.9;0.2;7.4;601.3
3;2018-12-30 18:00:00;208.1;37.5;5.6;0.5;50388.8;25.0;387.7;336.1;40229.7;6.6;18.1;7.0;547.7
3;2018-12-30 19:00:00;580.0;40.7;14.6;0.5;50832.5;17.2;451.5;361.5;14664.8;6.6;0.2;8.1;689.9
3;2018-12-30 20:00:00;97.2;23.2;6.8;0.3;35176.7;14.0;431.2;317.7;17536.1;6.4;0.0;3.8;539.1
3;2018-12-30 21:00:00;141.8;40.7;5.2;0.4;32081.7;15.6;394.4;375.2;16663.9;5.5;0.0;6.0;604.4
3;2018-12-30 22:00:00;123.4;35.6;3.9;0.3;28382.9;15.2;380.1;288.1;17710.0;4.9;0.1;4.5;557.8
3;2018-12-30 23:00:00;100.8;26.5;3.5;0.4;48695.7;12.6;382.0;234.4;13456.3;8.9;0.0;5.0;654.5
3;2018-12-31 00:00:00;303.8;69.2;10.4;0.8;74343.8;54.0;979.2;516.5;21954.4;3.2;2.3;12.5;646.6
3;2018-12-31 01:00:00;512.1;76.0;5.8;1.5;138861.0;50.2;533.5;583.5;20241.6;1.8;14.8;12.3;788.7
3;2018-12-31 02:00:00;287.3;72.4;6.3;3.7;82889.1;38.2;411.2;546.6;6839.9;1.9;26.7;12.0;947.5
3;2018-12-31 03:00:00;515.5;67.0;61.4;2.9;100164.2;30.5;393.3;586.3;88096.7;8.6;12.6;11.6;788.0
3;2018-12-31 04:00:00;273.1;75.4;16.6;1.8;75639.1;29.2;594.6;538.8;22551.3;7.2;1.8;15.5;817.6
3;2018-12-31 05:00:00;160.0;45.0;14.9;0.5;73925.7;25.5;412.8;562.1;28934.0;19.3;0.7;8.2;571.9
3;2018-12-31 06:00:00;451.9;62.7;7.6;1.0;81993.6;29.8;455.0;1009.0;17387.8;18.8;2.3;13.0;961.3
3;2018-12-31 07:00:00;311.8;57.0;7.9;2.1;62061.2;33.2;529.3;894.2;28322.5;24.9;2.7;11.5;636.6
3;2018-12-31 08:00:00;242.6;44.8;6.7;1.1;52658.7;27.3;538.6;797.6;16936.6;28.9;1.7;9.1;570.9
3;2018-12-31 09:00:00;268.8;36.9;5.0;0.7;71945.4;25.9;521.1;647.7;18803.0;21.5;2.1;7.5;405.6
3;2018-12-31 10:00:00;259.3;39.9;4.5;0.9;37059.5;19.9;451.1;458.7;17444.6;17.7;1.6;8.1;336.4
3;2018-12-31 11:00:00;249.7;43.4;5.9;0.5;37962.6;18.1;407.7;529.4;50295.0;20.2;1.7;7.0;484.9
3;2018-12-31 12:00:00;233.0;50.1;3.2;1.0;71827.4;14.4;333.2;394.4;25149.9;18.7;2.4;6.9;406.4
3;2018-12-31 13:00:00;233.9;45.7;2.6;0.4;33009.9;14.0;357.6;422.8;16800.2;16.2;0.6;6.4;426.0
3;2018-12-31 14:00:00;251.9;33.6;3.6;0.7;42793.4;13.3;369.5;342.4;14149.9;16.2;3.5;6.3;357.2
3;2018-12-31 15:00:00;246.8;24.8;9.1;0.4;11780.5;17.5;537.0;305.4;20224.0;3.8;0.0;6.2;189.1
3;2018-12-31 16:00:00;90.7;20.0;15.3;0.3;17700.9;11.3;514.2;251.7;14836.0;6.5;0.0;3.9;173.3
3;2018-12-31 17:00:00;191.8;41.5;1.3;0.3;17890.6;12.0;375.3;330.8;13777.5;5.4;1.5;4.8;202.1
3;2018-12-31 18:00:00;137.4;24.3;3.6;0.3;10002.6;9.3;398.1;222.1;16208.6;6.9;0.1;3.9;247.9
3;2018-12-31 19:00:00;68.0;16.9;1.5;0.3;15426.0;14.0;284.7;189.1;15903.8;10.0;0.1;3.3;250.7
3;2018-12-31 20:00:00;67.5;7.7;1.1;0.1;17667.7;8.4;373.9;134.5;16876.2;5.6;0.0;1.5;21.5
3;2018-12-31 21:00:00;95.2;20.8;2.2;0.3;28185.7;10.0;425.7;250.4;19515.0;1.3;0.2;4.0;8.5
3;2018-12-31 22:00:00;111.8;18.0;1.3;0.2;9222.7;9.7;374.0;136.1;18040.7;1.2;0.0;2.9;163.8
3;2018-12-31 23:00:00;67.2;11.1;1.3;0.2;20715.2;10.6;383.2;134.8;18183.4;0.6;0.0;2.6;5.4
3;2019-01-01 00:00:00;239.2;28.1;3.6;0.4;47470.6;49.5;462.0;400.4;20852.3;1.5;0.0;5.9;167.1
3;2019-01-01 01:00:00;201.2;45.8;4.4;0.6;69560.4;34.2;667.5;421.5;23115.3;2.1;0.3;8.6;426.7
3;2019-01-01 02:00:00;178.8;56.8;12.2;0.7;43709.2;24.6;488.0;457.9;22571.1;1.9;1.0;11.0;736.2
3;2019-01-01 03:00:00;389.8;45.9;71.4;0.9;68880.8;29.3;700.8;533.2;86411.5;4.5;5.8;10.1;499.0
3;2019-01-01 04:00:00;218.1;44.6;11.7;0.5;84853.9;25.4;614.6;561.6;6669.0;10.3;0.9;7.3;442.4
3;2019-01-01 05:00:00;189.7;38.3;4.5;0.4;73533.3;23.5;526.5;655.3;28558.0;16.6;2.5;7.6;444.3
3;2019-01-01 06:00:00;332.1;52.0;5.9;0.7;78073.0;26.5;471.0;937.9;16769.8;19.7;7.1;10.6;662.3
3;2019-01-01 07:00:00;185.2;28.6;2.8;0.5;18025.1;21.4;1177.1;534.0;19897.4;13.9;0.9;5.9;289.9
3;2019-01-01 08:00:00;149.2;31.2;3.3;0.4;47873.0;18.0;1316.2;409.4;34505.4;16.8;0.2;5.8;405.3
3;2019-01-01 09:00:00;80.2;29.4;2.0;0.4;37617.4;16.3;1438.7;393.4;18996.3;9.9;0.1;5.1;267.3
3;2019-01-01 10:00:00;105.3;26.2;2.2;0.3;36958.8;14.4;1558.4;335.1;22068.2;5.7;0.0;5.0;250.0
3;2019-01-01 11:00:00;642.3;62.0;8.8;18.3;107926.8;27.5;674.2;1092.0;23406.0;12.2;119.5;11.3;726.3
3;2019-01-01 12:00:00;494.3;64.1;4.5;17.2;76921.3;28.4;585.6;995.5;13442.4;1.7;95.1;9.4;623.5
3;2019-01-01 13:00:00;350.2;60.7;2.5;1.2;69971.1;24.3;926.4;674.3;13476.1;8.4;13.7;7.7;385.2
3;2019-01-01 14:00:00;151.0;24.4;1.6;0.3;16109.3;12.7;648.5;219.3;5411.7;3.0;0.0;3.2;66.6
3;2019-01-01 15:00:00;216.8;29.5;10.6;0.4;21097.2;17.6;506.6;308.7;18276.3;3.8;0.2;5.2;211.4
3;2019-01-01 16:00:00;89.5;24.2;10.4;0.3;16725.2;10.8;483.8;230.7;19564.5;6.3;0.0;3.8;58.9
3;2019-01-01 17:00:00;111.8;25.0;2.1;0.3;25430.8;11.5;329.5;247.7;33882.1;5.9;0.0;3.3;49.9
3;2019-01-01 18:00:00;114.3;19.1;4.9;0.4;23631.3;12.3;339.0;229.2;23443.7;15.0;0.0;4.1;91.8
3;2019-01-01 19:00:00;143.8;26.9;3.7;0.3;26074.5;14.8;356.7;288.6;31779.1;9.9;0.1;4.6;239.7
3;2019-01-01 20:00:00;153.2;15.9;2.6;0.2;24060.0;11.6;302.1;234.4;13719.3;3.3;0.0;2.7;188.9
3;2019-01-01 21:00:00;119.0;19.4;4.3;0.3;34091.1;12.8;394.2;222.8;26715.1;0.3;0.0;3.4;177.4
3;2019-01-01 22:00:00;132.8;20.0;3.3;0.3;26533.5;12.1;409.3;186.7;14826.6;0.6;0.1;3.3;165.0
3;2019-01-01 23:00:00;82.8;12.9;2.8;0.2;26415.4;9.6;402.6;139.8;15169.8;0.4;0.0;2.6;155.7
3;2019-01-02 00:00:00;252.8;57.7;6.3;0.6;61275.9;43.9;904.3;377.0;25466.1;0.8;0.1;9.7;226.0
3;2019-01-02 01:00:00;198.6;51.2;6.1;0.6;38868.9;29.7;506.9;365.2;18214.1;2.0;0.5;9.8;290.0
3;2019-01-02 02:00:00;162.5;33.4;5.2;0.4;43248.6;18.5;445.4;272.6;15361.8;2.4;1.5;5.9;260.1
3;2019-01-02 03:00:00;303.3;40.9;40.1;0.6;55468.4;24.3;530.7;463.0;88035.6;8.2;1.5;8.3;254.8
3;2019-01-02 04:00:00;250.4;43.0;5.5;0.5;109320.5;24.4;471.6;602.6;19671.2;14.8;2.5;8.1;477.9
3;2019-01-02 05:00:00;324.1;67.9;7.3;3.9;89443.2;31.7;445.1;961.3;17091.6;34.0;16.2;11.0;682.2
3;2019-01-02 06:00:00;356.2;57.1;11.4;3.6;147169.7;23.9;419.9;663.2;15057.7;11.4;7.4;13.1;382.5
3;2019-01-02 07:00:00;262.9;42.8;10.0;0.6;49281.5;25.1;537.1;684.7;18601.4;26.4;1.1;8.4;298.6
3;2019-01-02 08:00:00;281.4;43.1;10.5;0.8;48604.0;24.0;1265.5;604.5;25999.4;39.0;2.6;8.7;506.3
3;2019-01-02 09:00:00;296.9;47.1;7.6;1.8;60550.5;21.9;1360.4;493.4;17100.2;18.8;3.6;7.7;335.3
3;2019-01-02 10:00:00;248.3;46.9;7.2;0.6;54568.8;19.7;1714.5;426.2;16922.2;16.4;1.9;7.2;351.4
3;2019-01-02 11:00:00;302.4;51.9;11.1;0.6;44153.5;23.7;1571.2;690.8;48420.2;18.5;6.7;7.9;470.9
3;2019-01-02 12:00:00;286.1;37.2;7.1;1.0;45690.7;17.7;1170.8;450.7;18938.8;18.7;3.2;5.8;204.6
3;2019-01-02 13:00:00;173.9;43.5;6.9;0.5;49759.3;15.5;1257.7;385.9;13606.7;11.7;0.1;7.6;359.6
3;2019-01-02 14:00:00;117.8;24.3;4.2;0.3;16289.9;11.6;399.9;256.7;14505.7;5.2;0.0;3.6;226.9
3;2019-01-02 15:00:00;35.5;10.0;3.0;0.2;12427.4;9.6;407.2;134.5;13496.5;0.1;0.0;1.8;42.8
3;2019-01-02 16:00:00;45.5;9.3;3.0;0.2;12196.2;9.5;413.1;124.3;11537.8;0.1;0.0;1.8;49.6
3;2019-01-02 17:00:00;114.9;14.7;4.1;0.2;12610.2;10.6;398.3;146.8;11886.0;1.4;1.2;2.9;197.6
3;2019-01-02 18:00:00;59.8;17.3;3.0;0.2;18963.6;10.0;410.2;143.4;16434.5;2.8;0.0;2.8;177.6
3;2019-01-02 19:00:00;57.0;12.3;2.8;0.2;10702.4;10.5;390.0;163.7;15829.0;0.5;0.0;2.4;68.3
3;2019-01-02 20:00:00;38.7;11.5;2.3;0.2;34437.0;8.5;433.1;107.5;15300.9;1.3;0.0;2.2;69.7
3;2019-01-02 21:00:00;71.6;13.8;2.4;0.2;24484.0;10.3;384.4;200.2;16524.2;1.2;0.1;2.7;125.7
3;2019-01-02 22:00:00;84.4;14.7;2.3;0.2;9198.5;8.1;297.3;118.0;17914.4;1.2;0.0;2.6;179.9
3;2019-01-02 23:00:00;61.3;11.5;1.9;0.2;9849.1;7.8;362.8;123.8;15609.4;0.6;0.0;1.9;49.2
3;2019-01-03 00:00:00;274.1;37.6;5.7;0.5;56436.4;51.0;471.2;391.6;14002.7;1.1;0.3;6.9;28.6
3;2019-01-03 01:00:00;320.2;50.2;5.9;0.6;53435.3;46.2;691.4;462.0;15319.4;1.2;2.4;7.8;666.1
3;2019-01-03 02:00:00;187.9;39.5;8.7;0.5;42527.9;19.3;502.5;332.0;17965.0;34.7;1.0;7.8;513.0
3;2019-01-03 03:00:00;245.6;29.3;50.0;0.4;76588.3;18.9;551.9;473.9;151667.5;4.2;0.3;5.4;281.8
3;2019-01-03 04:00:00;261.6;76.6;4.2;3.7;77056.4;30.4;603.5;582.7;41965.2;20.9;1.9;11.8;687.5
3;2019-01-03 05:00:00;186.2;49.1;3.5;0.5;68480.0;22.4;500.1;529.5;14805.3;15.9;0.3;8.4;567.0
3;2019-01-03 06:00:00;275.6;61.7;4.9;0.7;85689.7;26.5;493.2;820.6;16338.7;16.3;3.9;11.6;747.2
3;2019-01-03 07:00:00;473.9;63.1;6.0;1.6;94968.1;28.7;530.8;869.5;15673.6;19.0;6.7;12.0;654.7
3;2019-01-03 08:00:00;306.0;62.2;6.1;1.5;50729.5;23.4;960.7;654.5;31604.1;31.9;2.2;13.4;416.2
3;2019-01-03 09:00:00;320.1;58.3;9.2;1.2;91454.6;24.9;1262.5;676.6;18481.6;31.2;4.0;9.0;445.1
3;2019-01-03 10:00:00;284.8;53.1;9.3;1.0;49367.3;21.4;1440.4;575.9;16871.2;27.7;3.2;7.7;321.6
3;2019-01-03 11:00:00;370.6;44.5;11.2;0.6;50463.9;18.7;1351.2;455.3;48276.7;22.3;0.9;7.6;407.6
3;2019-01-03 12:00:00;329.5;57.9;8.7;0.9;62170.3;20.7;1183.4;583.9;25305.9;21.4;3.7;9.8;323.1
3;2019-01-03 13:00:00;226.7;49.0;9.3;0.6;73695.1;16.6;1333.5;492.7;13151.7;16.4;1.7;8.1;397.2
3;2019-01-03 14:00:00;240.1;30.6;6.0;0.7;48784.3;14.9;1196.0;359.3;11982.2;21.5;2.5;5.3;424.9
3;2019-01-03 15:00:00;172.3;32.3;6.6;0.4;13443.5;11.8;387.8;251.3;18766.3;6.5;0.4;5.1;280.2
3;2019-01-03 16:00:00;149.6;19.8;4.0;0.3;14917.0;10.0;414.8;160.5;17036.3;4.5;0.0;3.5;286.5
3;2019-01-03 17:00:00;100.5;21.4;4.5;0.3;52106.5;10.8;343.2;180.1;14397.5;2.6;0.0;3.5;235.9
3;2019-01-03 18:00:00;120.8;15.9;3.3;0.2;19262.6;9.8;372.3;172.9;15348.3;2.0;0.0;3.0;234.9
3;2019-01-03 19:00:00;132.2;20.6;3.1;0.3;21008.0;13.2;353.0;228.6;31554.0;6.3;0.1;4.1;315.3
3;2019-01-03 20:00:00;90.1;14.7;3.0;0.2;19982.3;10.1;353.2;150.2;20223.0;1.2;0.0;3.2;207.3
3;2019-01-03 21:00:00;93.3;14.1;3.7;0.3;37697.3;9.7;464.2;231.6;24344.6;2.7;0.1;2.9;70.6
3;2019-01-03 22:00:00;100.8;23.8;1.9;0.3;20826.8;9.6;337.0;183.1;17211.2;2.7;0.0;3.5;221.3
3;2019-01-03 23:00:00;104.7;17.0;1.7;0.2;14993.1;8.9;306.7;152.1;22356.0;1.2;0.0;3.1;205.5
3;2019-01-04 00:00:00;255.7;35.1;4.0;0.5;43372.0;45.1;605.7;349.4;22006.7;0.9;0.0;6.5;180.8
3;2019-01-04 01:00:00;218.8;39.4;4.3;0.5;46704.0;33.8;374.2;334.6;20236.5;2.6;0.0;7.4;216.3
3;2019-01-04 02:00:00;144.4;24.9;7.6;0.6;49327.1;16.3;380.9;217.2;20898.6;2.8;0.3;7.8;85.3
3;2019-01-04 03:00:00;303.9;38.5;60.1;0.5;68220.1;21.1;451.9;457.0;100807.0;5.0;1.6;8.0;219.9
3;2019-01-04 04:00:00;245.2;64.5;3.6;3.1;99841.1;29.7;533.4;575.1;23971.7;22.6;0.7;10.9;508.7
3;2019-01-04 05:00:00;152.2;42.5;5.0;0.6;86459.8;26.7;386.1;575.8;20041.1;15.1;0.5;8.1;376.9
3;2019-01-04 06:00:00;344.1;33.2;4.7;1.7;39453.5;29.1;516.9;703.3;21489.2;29.4;3.3;6.5;292.0
3;2019-01-04 07:00:00;217.8;33.7;3.6;0.5;51735.4;28.1;540.4;816.6;18884.2;49.9;1.1;6.8;338.4
3;2019-01-04 08:00:00;210.4;39.2;5.0;0.5;32041.1;16.5;471.2;424.5;13427.9;26.2;0.7;7.6;548.0
3;2019-01-04 09:00:00;190.9;32.1;3.6;0.4;42590.3;16.9;329.1;441.1;39035.3;13.2;0.1;5.6;308.9
3;2019-01-04 10:00:00;229.6;42.7;3.2;0.6;32404.8;17.9;315.0;376.8;15693.0;4.0;7.8;7.7;369.3
3;2019-01-04 11:00:00;277.0;53.1;5.8;0.6;77215.6;17.4;401.1;437.3;35357.5;13.2;1.8;8.5;284.8
3;2019-01-04 12:00:00;181.9;52.4;7.0;0.4;73579.9;15.4;390.6;370.0;20637.4;5.4;0.9;7.8;305.3
3;2019-01-04 13:00:00;145.0;23.2;1.9;0.3;20653.8;11.9;383.8;266.2;15770.8;1.3;0.5;4.1;226.5
3;2019-01-04 14:00:00;620.2;21.9;7.3;0.3;12973.5;8.5;408.2;202.7;16376.5;1.8;0.1;4.3;212.7
3;2019-01-04 15:00:00;96.2;12.2;2.8;0.2;9900.3;7.2;390.9;133.6;22152.9;2.8;0.0;2.6;53.2
3;2019-01-04 16:00:00;119.6;17.1;2.3;0.3;20088.9;6.6;430.4;152.0;17089.9;1.2;0.0;3.4;200.6
3;2019-01-04 17:00:00;103.9;15.1;1.8;0.2;7869.3;6.3;408.6;136.8;16278.4;2.8;0.0;3.2;207.4
3;2019-01-04 18:00:00;111.8;18.6;2.0;0.3;7874.1;7.0;394.6;138.8;13345.8;3.8;0.0;3.9;210.1
3;2019-01-04 19:00:00;63.8;14.1;1.5;0.2;8813.0;8.5;428.7;150.3;13685.6;3.1;0.1;2.2;98.7
3;2019-01-04 20:00:00;107.9;16.7;1.1;0.2;21303.7;6.9;428.5;134.8;15440.1;2.5;0.0;3.2;200.5
3;2019-01-04 21:00:00;112.2;16.1;1.6;0.2;16016.3;8.0;374.6;164.4;16546.3;1.5;0.0;3.0;212.9
3;2019-01-04 22:00:00;80.3;14.7;1.2;0.2;13279.7;7.3;411.6;152.0;16566.9;1.6;0.0;2.7;194.5
3;2019-01-04 23:00:00;78.9;13.4;0.9;0.2;9235.6;6.5;426.0;129.2;14352.0;1.6;0.0;2.5;125.3
3;2019-01-05 00:00:00;191.8;28.1;3.1;0.4;22108.3;37.1;847.9;265.0;21134.6;1.8;0.0;4.9;207.6
3;2019-01-05 01:00:00;132.5;27.7;4.5;0.3;8099.6;12.5;432.3;177.4;18560.9;2.8;0.1;4.9;178.2
3;2019-01-05 02:00:00;139.0;22.8;1.8;0.3;15653.4;8.6;415.9;172.6;16206.9;2.9;0.4;3.8;177.0
3;2019-01-05 03:00:00;259.4;44.9;19.4;1.0;75908.7;12.7;485.4;385.8;36306.0;11.0;3.5;9.6;464.5
3;2019-01-05 04:00:00;256.1;46.4;2.9;0.5;89606.2;19.1;4282.5;516.8;23316.8;21.1;1.8;9.3;410.0
3;2019-01-05 05:00:00;167.9;46.2;1.7;0.5;82593.5;17.0;422.9;467.1;15048.0;21.0;0.7;9.8;435.4
3;2019-01-05 06:00:00;358.5;51.7;3.5;2.7;74421.8;21.5;659.7;817.6;13597.6;28.9;3.5;11.5;393.3
3;2019-01-05 07:00:00;278.1;38.1;7.3;2.4;27095.4;21.9;652.8;724.2;16653.8;39.1;3.2;8.9;350.3
3;2019-01-05 08:00:00;190.6;36.6;12.5;0.5;66568.6;12.9;590.7;389.0;20997.8;26.3;1.2;9.0;451.3
3;2019-01-05 09:00:00;180.0;33.1;9.2;0.4;24311.6;10.3;387.2;243.5;26272.3;2.5;1.5;7.9;164.3
3;2019-01-05 10:00:00;189.5;27.6;9.0;0.4;31395.7;9.3;354.9;226.4;17845.4;3.8;0.4;6.8;182.9
3;2019-01-05 11:00:00;256.3;59.6;14.4;0.8;26708.8;14.4;327.4;430.2;40601.9;5.9;6.6;12.3;412.7
3;2019-01-05 12:00:00;219.4;35.0;11.3;0.4;30871.8;10.2;375.7;251.9;23402.2;5.1;0.3;7.4;293.7
3;2019-01-05 13:00:00;176.4;48.7;8.7;0.5;39399.5;9.4;345.0;412.9;17810.6;5.1;0.4;8.8;316.2
3;2019-01-05 14:00:00;96.9;24.2;9.9;0.3;16318.8;7.1;378.6;219.1;19166.8;7.3;0.0;5.7;244.2
3;2019-01-05 15:00:00;96.2;25.9;3.3;0.2;25154.5;8.0;379.3;219.6;20422.2;8.2;0.0;3.5;92.8
3;2019-01-05 16:00:00;137.5;18.7;2.4;0.3;14930.5;6.6;383.5;185.6;21007.9;5.6;0.1;3.6;291.3
3;2019-01-05 17:00:00;50.4;12.7;1.9;0.2;22514.4;7.6;407.9;215.7;3771.9;1.2;0.0;3.1;22.6
3;2019-01-05 18:00:00;123.7;20.6;2.2;0.3;24487.2;6.2;393.3;135.7;17244.0;2.3;0.1;3.7;202.1
3;2019-01-05 19:00:00;96.6;18.8;2.8;0.2;17140.5;9.9;418.8;252.6;29646.4;5.0;0.0;3.0;94.4
3;2019-01-05 20:00:00;85.1;14.6;1.9;0.2;27553.2;7.1;383.7;137.6;17887.4;2.1;0.0;3.4;177.4
3;2019-01-05 21:00:00;111.7;19.8;2.1;0.3;28804.2;9.7;412.9;308.7;12719.7;2.8;0.1;3.9;205.7
3;2019-01-05 22:00:00;138.4;23.1;2.1;0.3;16307.6;8.6;446.0;223.7;13510.5;1.9;0.0;4.2;177.5
3;2019-01-05 23:00:00;104.3;17.5;1.5;0.3;13018.3;6.2;447.6;148.5;16509.0;1.9;0.0;3.5;182.1
3;2019-01-06 00:00:00;311.5;29.6;3.1;0.4;73238.0;50.2;744.2;515.0;20196.8;2.2;0.2;5.4;191.6
3;2019-01-06 01:00:00;252.8;44.7;4.5;0.6;54031.5;38.2;440.4;428.6;20084.8;2.6;0.1;9.1;243.5
3;2019-01-06 02:00:00;172.0;37.1;4.7;0.5;25143.9;13.0;395.0;290.8;13259.5;3.7;0.0;7.7;289.0
3;2019-01-06 03:00:00;186.5;24.4;6.1;0.4;51556.2;13.9;545.0;300.7;21372.4;8.4;0.0;5.8;127.6
3;2019-01-06 04:00:00;341.4;37.6;44.7;1.5;74254.8;22.9;584.8;681.5;105839.4;15.2;2.9;7.7;453.4
3;2019-01-06 05:00:00;157.3;29.1;2.4;0.4;74347.8;15.9;521.2;390.4;30422.4;16.5;0.4;6.0;370.6
3;2019-01-06 06:00:00;200.9;46.4;3.6;0.6;77322.6;20.5;508.0;539.8;17284.7;20.9;1.7;8.4;478.8
3;2019-01-06 07:00:00;402.7;43.4;4.8;2.5;189525.9;29.4;512.5;981.0;5102.7;35.4;0.4;8.8;312.2
3;2019-01-06 08:00:00;255.6;42.0;4.7;0.7;40508.4;26.6;731.1;796.5;22353.7;35.1;0.0;7.5;573.1
3;2019-01-06 09:00:00;232.2;50.5;3.7;0.6;88634.1;17.5;1361.8;661.0;21731.9;12.3;0.0;7.7;272.2
3;2019-01-06 10:00:00;258.7;47.7;5.0;1.2;35652.1;14.4;1472.4;422.7;27645.8;14.7;0.0;8.4;385.0
3;2019-01-06 11:00:00;367.0;44.1;3.7;0.6;40878.6;15.9;1299.4;478.1;6404.5;7.9;0.0;7.1;352.2
3;2019-01-06 12:00:00;190.8;43.4;5.7;0.5;57157.8;13.2;1428.5;394.5;19708.9;5.9;0.0;7.0;345.8
3;2019-01-06 13:00:00;149.7;35.1;5.8;0.4;19496.9;12.2;1518.4;362.2;15927.7;6.2;0.0;5.9;251.0
3;2019-01-06 14:00:00;162.4;41.8;1.4;0.4;21840.9;17.3;1318.6;417.2;17321.9;5.7;0.0;5.3;146.3
3;2019-01-06 15:00:00;112.1;23.4;4.3;0.3;29910.3;8.8;384.9;241.2;22884.1;7.8;0.0;4.2;84.6
3;2019-01-06 16:00:00;112.0;18.2;2.4;0.3;28539.1;7.9;392.9;206.8;16461.1;9.0;0.0;3.6;230.2
3;2019-01-06 17:00:00;146.0;20.9;2.8;0.3;15799.4;6.9;402.9;161.4;20657.5;6.1;0.1;4.8;204.1
3;2019-01-06 18:00:00;128.8;18.6;3.0;0.3;48122.7;16.0;376.9;255.0;47788.0;2.4;13.3;3.6;61.8
3;2019-01-06 19:00:00;217.1;24.4;3.6;0.3;48236.6;12.9;364.0;320.1;39833.9;8.6;0.1;4.6;204.7
3;2019-01-06 20:00:00;112.0;16.7;1.1;0.2;12395.7;6.5;367.8;139.2;15779.8;2.8;0.0;3.2;185.0
3;2019-01-06 21:00:00;139.1;32.2;2.8;0.4;28327.2;9.3;444.5;259.7;28748.1;2.3;0.2;5.8;111.8
3;2019-01-06 22:00:00;191.5;23.4;11.7;0.3;58087.6;9.4;359.4;201.0;23065.0;2.5;0.1;4.5;415.4
3;2019-01-06 23:00:00;86.6;22.0;8.4;0.3;89609.6;8.8;362.0;268.0;20429.6;3.3;0.0;3.7;471.5
3;2019-01-07 00:00:00;328.5;41.9;12.7;0.5;65367.1;61.5;625.3;472.8;22617.1;2.3;0.0;6.8;496.8
3;2019-01-07 01:00:00;247.9;49.2;15.8;0.5;52856.8;45.0;372.5;419.5;20838.0;2.9;0.0;7.2;442.1
3;2019-01-07 02:00:00;203.3;34.6;11.1;0.5;36798.5;18.9;408.3;413.1;19444.7;1.4;0.5;7.0;382.0
3;2019-01-07 03:00:00;406.5;34.4;101.1;0.5;87695.9;25.0;452.2;562.2;57378.9;8.5;1.2;6.7;396.6
3;2019-01-07 04:00:00;217.3;40.0;4.4;0.5;82596.1;20.4;555.1;497.1;6571.3;12.7;0.6;7.2;651.9
3;2019-01-07 05:00:00;212.9;43.0;5.8;0.6;62900.7;20.0;507.8;615.8;29951.7;14.8;2.2;7.6;726.6
3;2019-01-07 06:00:00;362.1;47.6;8.3;4.1;79582.3;27.3;535.0;892.8;23581.8;16.2;8.6;9.9;604.5
3;2019-01-07 07:00:00;339.1;54.1;11.5;2.7;80823.0;30.1;564.5;841.2;36252.6;21.8;8.8;10.8;575.1
3;2019-01-07 08:00:00;251.2;45.2;7.1;0.8;76846.4;29.9;611.6;742.2;23341.7;35.6;2.8;8.4;576.1
3;2019-01-07 09:00:00;264.1;40.7;6.1;1.2;36416.8;20.7;545.0;624.8;31117.0;38.9;2.7;7.7;792.9
3;2019-01-07 10:00:00;296.5;58.1;10.9;1.3;44979.3;18.2;383.5;452.5;30699.7;19.9;3.4;8.8;594.5
3;2019-01-07 11:00:00;298.1;57.0;8.9;1.0;70888.7;16.3;407.2;457.7;34772.7;15.9;4.2;8.9;588.8
3;2019-01-07 12:00:00;274.2;44.0;7.0;1.0;74270.0;15.0;413.6;394.4;15705.1;16.8;6.7;5.9;547.4
3;2019-01-07 13:00:00;318.6;56.4;5.1;0.6;49040.5;14.0;330.0;399.1;15695.8;20.1;2.4;6.3;593.8
3;2019-01-07 14:00:00;316.0;65.2;7.2;3.0;57041.1;15.9;339.4;568.3;13259.7;18.4;5.0;9.3;592.4
3;2019-01-07 15:00:00;141.4;44.1;9.3;0.4;34128.8;16.1;388.6;401.6;20998.2;17.4;0.1;6.9;592.1
3;2019-01-07 16:00:00;143.7;39.7;5.3;0.3;39025.7;12.4;346.5;353.7;16190.3;6.7;0.1;4.5;369.7
3;2019-01-07 17:00:00;84.1;20.9;8.1;0.3;29694.3;10.0;348.1;218.6;22619.7;6.8;0.0;3.4;431.2
3;2019-01-07 18:00:00;137.4;21.6;4.2;0.2;24992.8;10.3;408.0;297.8;18300.2;5.9;0.0;2.9;444.8
3;2019-01-07 19:00:00;130.9;31.9;6.3;0.4;40798.4;13.9;371.9;294.4;38082.2;8.6;0.0;5.7;570.4
3;2019-01-07 20:00:00;166.5;21.4;4.1;0.3;22394.3;9.9;365.2;185.6;15080.1;0.3;0.0;3.6;456.4
3;2019-01-07 21:00:00;179.5;34.2;6.1;0.5;34732.1;11.6;375.4;268.4;26023.6;2.4;0.3;6.9;461.9
3;2019-01-07 22:00:00;130.9;26.7;3.6;0.3;27873.3;10.8;339.3;309.6;16421.7;2.3;0.2;4.3;462.2
3;2019-01-07 23:00:00;139.1;27.1;4.1;0.3;23851.7;11.1;440.9;300.2;10448.7;1.9;0.1;4.1;496.1
3;2019-01-08 00:00:00;346.2;57.3;4.7;0.6;77108.3;58.3;546.6;679.7;15050.6;2.8;1.8;9.0;583.8
3;2019-01-08 01:00:00;490.0;66.3;7.5;1.3;100423.6;54.1;464.6;692.0;17324.3;2.1;6.5;10.8;821.3
3;2019-01-08 02:00:00;334.7;69.1;12.6;3.5;105074.9;31.1;425.5;671.8;41624.8;5.3;15.1;11.2;740.7
3;2019-01-08 03:00:00;371.4;53.3;78.7;1.4;71465.8;23.4;455.6;460.5;89042.6;3.9;3.6;8.7;568.6
3;2019-01-08 04:00:00;325.2;70.1;12.2;3.1;100323.6;34.0;5056.7;655.3;26170.0;8.9;5.0;11.4;583.9
3;2019-01-08 05:00:00;359.2;53.1;5.8;3.6;51707.4;23.7;6246.2;548.6;32862.3;10.3;7.5;9.4;661.9
3;2019-01-08 06:00:00;267.1;53.0;9.6;0.9;61033.4;30.5;624.1;962.0;19668.3;29.8;0.9;11.4;724.5
3;2019-01-08 07:00:00;298.5;54.2;7.2;4.4;76710.9;32.8;487.3;878.4;26162.1;13.2;6.2;11.7;564.5
3;2019-01-08 08:00:00;393.2;35.7;6.5;0.7;98582.7;27.7;984.3;693.5;30025.6;9.1;0.7;6.4;493.4
3;2019-01-08 09:00:00;332.8;44.5;4.9;3.1;113749.3;30.7;1346.2;731.1;29199.9;13.8;8.8;7.9;600.2
3;2019-01-08 10:00:00;544.7;65.8;4.4;1.7;72073.9;35.6;985.0;916.4;22168.5;24.6;11.9;9.0;588.3
3;2019-01-08 11:00:00;1429.2;81.0;4.4;7.3;78713.5;33.9;1174.3;931.8;41976.1;25.8;16.1;11.0;569.2
3;2019-01-08 12:00:00;386.6;72.6;5.3;4.5;103185.7;21.0;1114.4;593.4;14980.8;20.0;12.4;10.2;568.3
3;2019-01-08 13:00:00;491.2;73.5;4.2;1.4;36594.2;15.0;1491.0;463.7;20427.2;14.6;6.1;10.0;525.4
3;2019-01-08 14:00:00;300.0;54.8;5.9;0.9;37427.5;14.6;1134.1;411.1;10077.5;18.9;6.6;6.7;246.5
3;2019-01-08 15:00:00;344.2;55.5;5.3;4.1;21807.6;17.4;1293.7;480.5;14400.4;21.0;11.6;8.0;317.2
3;2019-01-08 16:00:00;309.1;55.3;4.1;0.7;46281.3;14.9;376.6;413.7;15769.5;18.3;7.4;7.4;336.5
3;2019-01-08 17:00:00;204.5;48.8;3.2;0.4;28852.4;12.0;398.0;392.7;16873.5;4.4;3.5;6.0;328.1
3;2019-01-08 18:00:00;161.2;33.5;4.5;0.3;40818.2;11.8;397.6;272.2;23802.0;6.1;12.0;5.1;226.7
3;2019-01-08 19:00:00;162.1;26.1;2.6;0.3;52907.3;13.9;435.2;313.0;34121.5;7.8;8.9;3.8;103.5
3;2019-01-08 20:00:00;149.1;23.2;1.5;0.3;30789.8;9.8;415.5;193.7;12727.1;4.8;3.8;3.6;129.7
3;2019-01-08 21:00:00;228.6;29.2;3.0;0.3;37640.3;11.2;432.1;295.6;17939.7;4.6;4.5;4.1;199.1
3;2019-01-08 22:00:00;127.3;29.0;2.1;0.2;14821.1;10.6;402.5;339.0;17077.3;2.2;2.4;3.8;200.1
3;2019-01-08 23:00:00;166.5;34.8;2.9;0.3;13831.0;10.9;394.7;259.3;21503.3;2.2;2.9;4.4;184.4
3;2019-01-09 00:00:00;279.2;59.6;7.6;0.7;45428.9;42.6;1052.5;475.7;28059.3;2.5;4.4;11.6;202.8
3;2019-01-09 01:00:00;382.3;58.7;7.2;0.7;75584.8;33.0;500.3;570.9;22744.2;7.6;12.0;10.8;245.1
3;2019-01-09 02:00:00;301.8;53.3;5.7;1.5;58806.3;27.7;476.1;491.0;31494.7;1.0;32.4;10.0;792.2
3;2019-01-09 03:00:00;288.3;45.6;11.6;1.1;85100.8;22.5;486.4;386.8;22037.9;2.3;27.7;9.1;371.5
3;2019-01-09 04:00:00;362.5;49.1;54.8;0.8;118527.9;30.1;575.3;701.4;72137.3;10.5;17.9;8.1;398.9
3;2019-01-09 05:00:00;360.5;67.3;9.5;2.4;123634.8;26.0;564.4;627.6;17095.0;10.8;20.3;12.1;840.8
3;2019-01-09 06:00:00;323.3;56.7;7.2;2.1;88516.8;25.9;704.1;596.9;17031.4;9.2;13.1;10.7;420.4
3;2019-01-09 07:00:00;244.6;45.8;4.8;0.6;98647.6;25.6;614.1;551.6;18032.2;34.3;15.4;8.6;330.6
3;2019-01-09 08:00:00;503.5;50.1;6.3;3.6;108798.4;28.4;680.8;749.3;16054.0;31.5;21.0;8.7;320.8
3;2019-01-09 09:00:00;585.1;54.9;6.0;6.5;154602.5;40.3;795.4;1180.0;35028.3;23.1;33.1;9.6;440.4
3;2019-01-09 10:00:00;531.9;67.8;11.3;3.7;116850.1;43.5;691.1;1214.6;76633.7;9.3;51.2;12.7;291.8
3;2019-01-09 11:00:00;509.7;76.5;11.3;4.5;132504.0;43.6;1011.3;1174.8;67433.2;15.8;48.5;11.0;327.9
3;2019-01-09 12:00:00;519.5;69.9;9.2;5.2;120732.1;44.8;959.3;1073.3;22100.3;7.5;64.4;10.1;354.8
3;2019-01-09 13:00:00;344.1;66.8;7.8;2.2;71336.2;34.7;986.8;816.3;20777.1;3.1;39.9;11.3;583.9
3;2019-01-09 14:00:00;437.0;43.6;6.7;0.7;64811.7;36.7;1219.8;819.6;27643.8;4.9;56.7;8.0;70.3
3;2019-01-09 15:00:00;385.5;39.2;3.8;0.6;68780.8;45.9;1356.4;840.1;35081.0;1.2;60.2;7.1;220.5
3;2019-01-09 16:00:00;481.8;28.9;3.7;0.5;68130.3;43.2;1895.2;747.0;20503.7;1.7;55.0;5.5;67.4
3;2019-01-09 17:00:00;341.1;30.0;3.4;0.4;76384.1;43.4;1329.2;763.1;19717.0;1.2;52.7;5.6;199.8
3;2019-01-09 18:00:00;1862.5;23.5;4.7;0.4;81140.5;40.7;438.5;615.8;20265.2;1.4;51.9;5.1;55.0
3;2019-01-09 19:00:00;307.4;33.9;7.3;0.4;112179.5;50.7;440.2;866.7;51599.7;8.4;35.7;6.4;111.7
3;2019-01-09 20:00:00;413.5;27.2;4.8;0.4;74839.9;39.5;460.5;639.0;17482.9;1.2;18.9;5.2;72.7
3;2019-01-09 21:00:00;471.1;34.3;8.6;0.4;49771.3;32.3;484.8;669.5;34825.4;0.2;20.8;6.7;187.0
3;2019-01-09 22:00:00;202.6;26.7;3.8;0.3;46005.4;30.6;359.4;531.0;18191.6;0.5;17.4;4.0;17.8
3;2019-01-09 23:00:00;302.7;28.9;4.0;0.5;43266.2;26.5;413.6;465.6;20552.2;1.7;19.3;5.4;141.6
3;2019-01-10 00:00:00;455.6;60.0;8.5;1.7;101509.1;70.4;772.0;871.1;23470.8;1.4;34.9;11.7;153.0
3;2019-01-10 01:00:00;692.6;51.9;7.8;3.4;97294.2;68.4;508.8;950.5;27139.4;0.9;42.0;9.4;613.1
3;2019-01-10 02:00:00;507.7;67.6;13.0;4.3;86828.2;48.5;762.3;915.9;24497.0;2.8;49.5;12.1;436.8
3;2019-01-10 03:00:00;555.3;61.4;69.0;4.3;81307.7;49.5;507.8;1022.9;118711.8;8.9;46.8;11.4;685.7
3;2019-01-10 04:00:00;379.9;58.8;20.1;2.0;134855.9;47.5;623.2;928.3;16004.2;2.5;50.1;10.8;582.5
3;2019-01-10 05:00:00;394.5;54.3;14.8;2.9;115089.9;46.9;522.3;1057.9;21306.5;13.5;37.4;10.2;521.8
3;2019-01-10 06:00:00;432.6;62.6;16.2;5.6;136305.1;38.9;527.4;923.8;40188.6;9.1;41.3;12.2;518.0
3;2019-01-10 07:00:00;295.1;45.3;17.6;0.6;85620.6;34.8;442.9;703.9;28613.4;6.5;42.1;10.3;551.0
3;2019-01-10 08:00:00;272.8;63.5;13.4;0.7;94920.2;33.5;422.1;707.6;37757.6;8.3;14.9;12.9;472.9
3;2019-01-10 09:00:00;366.7;64.7;11.3;2.1;120968.8;51.7;561.5;953.3;19558.9;9.8;28.6;12.1;453.8
3;2019-01-10 10:00:00;517.6;57.9;7.1;2.1;169166.6;61.3;450.0;1343.7;21817.3;3.1;52.2;9.5;367.7
3;2019-01-10 11:00:00;1210.9;58.9;7.2;1.3;143756.8;61.8;406.0;1525.6;33912.0;12.4;52.6;10.4;157.8
3;2019-01-10 12:00:00;1006.1;47.0;10.6;8.1;213615.7;83.4;474.0;1515.3;17538.0;5.1;87.7;9.1;271.6
3;2019-01-10 13:00:00;547.0;53.9;11.4;1.4;145250.7;74.8;351.5;1377.1;18882.8;9.7;58.3;10.5;371.6
3;2019-01-10 14:00:00;2802.2;55.5;10.9;1.3;128517.0;66.4;571.8;1221.2;19448.4;14.3;57.6;10.4;358.3
3;2019-01-10 15:00:00;483.9;49.7;10.1;2.6;113557.6;53.2;12872.5;973.9;17344.4;11.5;78.2;9.0;438.2
3;2019-01-10 16:00:00;435.8;32.8;6.9;0.4;75086.0;55.0;379.3;829.3;2500.2;1.0;67.3;6.7;289.7
3;2019-01-10 17:00:00;364.1;35.3;5.9;0.6;65141.4;59.2;419.8;922.4;22031.4;5.7;66.9;6.5;159.4
3;2019-01-10 18:00:00;447.0;38.7;8.4;0.9;82610.2;59.1;366.6;980.2;1828.7;5.1;60.6;8.7;412.0
3;2019-01-10 19:00:00;414.5;40.8;10.5;0.6;81764.9;57.5;356.4;978.5;18752.9;11.1;44.0;8.7;312.4
3;2019-01-10 20:00:00;552.0;30.7;5.8;0.4;73892.0;47.8;413.1;673.4;19561.9;2.6;41.3;5.7;141.5
3;2019-01-10 21:00:00;778.8;34.5;7.2;0.5;44367.7;47.6;515.2;751.3;34453.7;4.3;29.2;7.3;190.4
3;2019-01-10 22:00:00;316.5;30.2;3.7;0.4;32897.5;29.8;340.0;440.8;2189.0;1.7;15.0;4.7;157.8
3;2019-01-10 23:00:00;370.9;25.7;3.5;0.4;45623.5;27.6;340.6;381.7;17015.8;2.7;12.3;5.4;158.9
3;2019-01-11 00:00:00;397.7;66.1;7.0;0.7;87147.2;72.3;767.9;709.9;22742.8;17.2;6.7;11.7;341.4
3;2019-01-11 01:00:00;388.5;54.9;8.8;0.7;98757.1;67.6;769.2;674.4;38516.0;1.9;12.0;11.0;488.9
3;2019-01-11 02:00:00;318.8;56.0;10.3;0.7;77948.3;59.3;420.8;697.3;17138.8;3.5;11.7;10.5;564.1
3;2019-01-11 03:00:00;346.6;56.2;51.9;0.9;105343.2;37.4;435.8;751.8;59336.9;136.7;9.0;12.1;921.5
3;2019-01-11 04:00:00;294.2;71.1;11.3;1.8;89523.5;45.6;2926.3;741.2;9172.4;266.5;19.5;12.4;1315.1
3;2019-01-11 05:00:00;257.1;59.0;9.9;0.7;148953.4;45.2;484.7;750.2;27764.1;10.9;21.3;11.3;561.7
3;2019-01-11 06:00:00;332.7;76.5;11.6;3.2;102931.0;41.1;360.3;916.5;20911.5;189.9;11.8;16.3;1317.3
3;2019-01-11 07:00:00;272.5;50.9;8.7;2.2;72742.2;38.3;543.1;687.9;31629.8;15.8;20.8;11.9;550.3
3;2019-01-11 08:00:00;405.8;45.5;8.4;0.9;91976.9;39.6;478.1;685.7;48754.7;31.3;19.1;10.0;487.4
3;2019-01-11 09:00:00;379.9;52.5;6.2;1.0;125184.8;43.6;570.9;707.8;22299.9;31.7;31.7;9.9;420.6
3;2019-01-11 10:00:00;417.6;55.4;6.4;2.3;89294.9;53.5;492.2;815.2;18259.7;21.6;50.4;10.0;397.7
3;2019-01-11 11:00:00;597.0;59.4;13.2;7.9;133221.8;62.8;435.3;1390.6;52424.0;16.4;58.9;11.7;436.2
3;2019-01-11 12:00:00;2077.9;60.5;8.6;6.9;128874.0;57.9;561.7;1202.6;21169.8;20.8;68.1;11.2;361.2
3;2019-01-11 13:00:00;456.9;48.2;8.8;3.1;85192.9;68.0;391.0;1483.1;6499.1;13.2;56.7;8.9;288.1
3;2019-01-11 14:00:00;693.5;51.4;11.6;1.0;107243.2;62.0;878.9;1280.2;16260.3;22.5;48.1;10.4;483.4
3;2019-01-11 15:00:00;405.8;59.6;8.2;2.0;73559.8;54.5;958.5;1320.6;19822.4;12.6;45.1;10.9;292.3
3;2019-01-11 16:00:00;485.6;53.0;9.3;3.0;114046.7;52.0;909.5;973.3;24243.8;21.2;54.8;10.7;402.2
3;2019-01-11 17:00:00;541.4;51.7;7.6;1.3;129031.6;50.8;1128.2;847.5;21311.7;17.9;60.7;10.2;337.0
3;2019-01-11 18:00:00;344.9;38.3;5.4;0.5;57955.2;46.2;1126.8;601.0;4284.7;15.1;60.4;8.0;198.7
3;2019-01-11 19:00:00;370.9;43.6;11.7;1.0;68491.4;49.0;1168.7;620.0;4937.8;17.1;42.0;9.8;296.6
3;2019-01-11 20:00:00;322.6;43.8;7.5;0.7;90387.8;37.4;1611.9;498.4;17216.4;20.3;26.3;9.2;355.8
3;2019-01-11 21:00:00;401.4;35.0;10.2;0.6;56303.0;28.2;1312.7;410.6;18962.8;1.5;18.6;8.1;153.7
3;2019-01-11 22:00:00;221.9;35.1;8.6;0.5;38838.4;24.2;367.6;292.3;21392.2;0.3;14.5;8.3;116.4
3;2019-01-11 23:00:00;250.9;59.0;7.4;0.6;40468.1;21.2;370.7;466.8;21292.4;27.7;4.7;8.1;138.7
3;2019-01-12 00:00:00;391.1;54.9;25.9;0.7;62087.6;58.1;1103.0;519.8;21503.4;6.8;5.4;9.5;47.8
3;2019-01-12 01:00:00;412.6;55.8;6.7;0.7;51834.5;41.2;451.1;499.1;21803.8;30.5;11.2;10.0;358.9
3;2019-01-12 02:00:00;243.1;33.9;12.3;0.5;78435.3;27.1;454.3;460.4;21209.4;5.2;16.1;7.7;384.1
3;2019-01-12 03:00:00;371.2;32.7;50.3;0.5;39787.3;28.4;501.4;431.5;92802.9;17.6;11.2;7.4;182.8
3;2019-01-12 04:00:00;394.5;55.3;8.0;6.4;86007.9;32.2;5755.3;819.0;20846.2;7.9;9.7;11.5;395.1
3;2019-01-12 05:00:00;266.1;55.7;12.2;0.7;91479.7;27.2;5378.0;484.6;32667.5;13.7;2.6;12.0;434.7
3;2019-01-12 06:00:00;262.0;54.6;9.3;0.7;67497.2;28.5;7855.9;537.8;21712.4;6.6;16.9;9.8;485.7
3;2019-01-12 07:00:00;356.0;42.6;6.9;2.1;112969.8;31.6;548.7;673.0;22803.0;23.1;13.3;9.2;251.1
3;2019-01-12 08:00:00;593.6;64.6;10.3;3.9;60112.8;42.7;564.6;1207.6;25406.1;38.8;28.0;12.9;487.1
3;2019-01-12 09:00:00;459.3;49.6;14.4;0.8;68905.3;32.3;537.6;930.9;23294.2;30.4;3.5;10.8;315.6
3;2019-01-12 10:00:00;228.7;48.1;11.1;0.7;61789.9;28.5;1458.1;786.3;22697.5;21.7;2.3;11.0;353.8
3;2019-01-12 11:00:00;353.6;57.0;9.6;1.3;74541.2;23.3;1264.6;723.0;8538.4;12.7;4.3;11.0;488.9
3;2019-01-12 12:00:00;259.8;36.6;5.5;0.5;77194.3;15.0;1299.5;487.6;18817.8;10.7;0.4;7.2;256.8
3;2019-01-12 13:00:00;260.1;38.4;5.1;0.6;38900.1;13.5;1427.6;452.6;17807.5;3.6;0.9;7.4;577.8
3;2019-01-12 14:00:00;153.3;43.6;6.8;0.5;39714.9;9.6;1529.7;285.9;23729.2;4.8;0.1;7.7;612.9
3;2019-01-12 15:00:00;107.1;31.9;3.0;0.5;29286.3;7.8;1505.1;176.0;18539.3;4.4;0.0;5.3;584.2
3;2019-01-12 16:00:00;122.9;27.9;1.9;0.4;16997.5;5.5;392.5;118.4;20893.2;1.8;0.0;4.3;590.3
3;2019-01-12 17:00:00;121.8;24.6;1.2;0.3;19566.1;5.3;384.6;105.6;17313.1;2.3;0.1;3.8;599.4
3;2019-01-12 18:00:00;62.1;21.5;1.5;0.3;28207.8;5.0;381.8;93.3;18043.3;0.2;0.0;3.5;522.0
3;2019-01-12 19:00:00;90.9;25.6;3.1;0.3;20261.1;11.1;400.4;219.9;13929.4;3.2;0.0;4.3;739.0
3;2019-01-12 20:00:00;113.9;25.9;2.0;0.3;20175.4;5.1;385.9;100.6;22449.9;3.6;0.0;4.5;661.5
3;2019-01-12 21:00:00;131.7;36.5;4.6;0.5;44606.1;7.7;428.8;214.8;33330.1;3.2;0.2;6.7;465.6
3;2019-01-12 22:00:00;132.8;24.6;2.1;0.3;23419.0;4.5;443.3;106.9;19031.5;1.2;0.0;4.1;640.8
3;2019-01-12 23:00:00;68064.2;18.7;1.7;0.3;17907.7;4.5;490.6;64.7;22185.4;1.6;0.0;3.7;565.5
3;2019-01-13 00:00:00;391.5;72.6;7.9;2.1;71658.2;58.8;782.3;600.0;26536.6;3.3;8.3;14.5;588.4
3;2019-01-13 01:00:00;363.6;76.5;8.9;1.5;74784.5;56.5;511.5;558.2;22195.9;2.2;4.5;14.1;713.1
3;2019-01-13 02:00:00;291.3;70.6;11.4;1.3;57522.6;43.5;507.7;504.6;19891.3;1.1;3.2;13.2;911.7
3;2019-01-13 03:00:00;360.5;46.8;46.7;0.9;59454.0;27.6;527.1;509.6;86102.4;9.6;1.5;9.3;677.9
3;2019-01-13 04:00:00;255.3;70.6;11.9;2.1;77629.1;25.7;656.0;535.4;23070.2;11.5;2.2;12.9;862.6
3;2019-01-13 05:00:00;264.7;66.2;9.5;1.4;74630.5;25.7;505.1;780.7;23420.0;11.3;2.9;11.1;701.7
3;2019-01-13 06:00:00;69261.0;66.3;18.7;1.8;94761.3;27.8;487.4;774.3;23450.4;22.5;3.0;10.9;714.6
3;2019-01-13 07:00:00;381.1;64.9;9.2;2.8;127409.8;23.6;490.3;960.5;26207.4;13.0;0.3;13.4;861.7
3;2019-01-13 08:00:00;302.8;68.5;10.0;1.7;82247.0;23.4;461.0;873.4;42998.3;14.2;0.0;14.3;575.8
3;2019-01-13 09:00:00;274.0;64.0;8.0;1.0;67379.8;30.5;1144.5;719.5;37824.5;18.3;0.0;11.9;716.4
3;2019-01-13 10:00:00;320.6;52.6;9.5;0.8;61591.3;17.5;1360.6;443.4;35870.3;16.7;0.0;8.7;656.4
3;2019-01-13 11:00:00;988.5;65.4;6.6;0.9;65781.1;19.2;1371.3;443.1;21406.3;18.1;0.1;10.0;556.8
3;2019-01-13 12:00:00;213.7;52.8;8.4;0.6;93031.2;19.5;1326.2;625.1;20668.2;13.4;0.0;9.5;557.8
3;2019-01-13 13:00:00;206.9;35.0;3.2;0.4;52693.8;14.4;1679.1;427.1;19184.8;17.9;0.0;6.2;524.2
3;2019-01-13 14:00:00;247.1;58.0;3.9;0.8;74614.9;13.3;537.2;490.3;13894.3;17.4;0.0;8.3;792.3
3;2019-01-13 15:00:00;299.4;48.9;4.8;1.7;29126.8;16.2;1263.8;457.5;13893.6;19.7;0.0;8.7;695.4
3;2019-01-13 16:00:00;119.9;38.4;3.8;0.4;48375.5;5.6;374.6;168.9;23007.6;15.2;0.0;6.2;763.6
3;2019-01-13 17:00:00;142.1;33.7;4.6;0.4;44591.6;7.1;386.4;154.2;20910.8;1.7;0.0;6.3;595.5
3;2019-01-13 18:00:00;113.4;25.2;6.5;0.4;30884.5;14.1;411.3;237.7;49692.4;3.6;1.0;5.8;565.4
3;2019-01-13 19:00:00;69.0;23.3;4.3;0.3;47963.2;10.3;391.8;155.5;37220.8;3.9;0.0;4.4;724.4
3;2019-01-13 20:00:00;52.1;19.3;2.0;0.2;31522.7;6.5;461.6;106.6;25716.5;1.2;0.0;3.3;605.0
3;2019-01-13 21:00:00;101.9;27.3;3.6;0.4;58814.8;5.5;495.1;140.6;22920.6;2.7;0.0;5.3;559.3
3;2019-01-13 22:00:00;158.9;35.7;3.0;0.4;36564.8;6.1;427.7;163.4;18919.3;2.2;0.3;6.5;699.2
3;2019-01-13 23:00:00;140.2;29.2;3.3;0.4;32251.2;5.7;433.5;121.2;22534.4;2.3;0.1;5.4;631.1
3;2019-01-14 00:00:00;400.7;83.5;5.4;2.2;78979.6;61.2;1145.8;585.7;27877.4;2.3;6.5;13.3;618.1
3;2019-01-14 01:00:00;328.4;62.6;6.7;0.8;70623.2;50.3;612.9;545.5;25796.4;2.4;8.5;11.6;670.0
3;2019-01-14 02:00:00;264.6;52.0;10.1;0.7;60648.3;30.2;466.4;392.5;36976.6;0.7;7.2;10.1;731.2
3;2019-01-14 03:00:00;213.4;44.4;10.8;0.6;71866.7;20.0;441.0;366.4;22818.5;5.9;5.8;9.2;501.5
3;2019-01-14 04:00:00;373.4;52.4;24.2;1.5;79807.7;25.8;492.9;520.7;57996.3;11.4;2.4;9.7;684.4
3;2019-01-14 05:00:00;433.1;63.1;87.3;1.1;72934.9;28.8;531.2;683.5;113043.8;14.3;2.4;11.7;720.0
3;2019-01-14 06:00:00;185.2;42.7;9.8;0.6;85239.5;27.6;537.5;663.1;18947.5;15.0;1.3;8.7;265.6
3;2019-01-14 07:00:00;225.7;33.1;5.0;0.7;56576.2;18.7;452.6;620.4;21371.6;15.1;1.3;6.8;330.3
3;2019-01-14 08:00:00;336.2;61.1;6.4;2.7;145052.2;31.1;511.7;671.1;25175.6;12.6;8.4;11.4;672.4
3;2019-01-14 09:00:00;395.8;39.0;5.6;0.5;75834.4;37.5;859.2;617.7;24468.3;12.3;24.1;6.9;199.2
3;2019-01-14 10:00:00;329.9;49.7;6.2;2.2;112832.1;44.9;1207.8;766.8;13049.1;12.8;33.5;9.2;322.8
3;2019-01-14 11:00:00;340.7;39.1;5.6;0.5;103476.4;37.6;1205.9;644.9;25787.2;9.4;27.7;7.8;372.3
3;2019-01-14 12:00:00;492.2;44.4;4.2;0.6;82558.8;37.6;1178.3;651.2;21905.0;15.2;24.6;8.6;455.4
3;2019-01-14 13:00:00;314.7;43.8;5.7;0.7;81560.6;45.2;1256.5;716.2;15266.4;8.0;25.9;10.3;299.9
3;2019-01-14 14:00:00;373.4;55.0;7.4;2.5;86466.7;42.1;1028.5;720.5;15571.7;15.9;25.1;12.0;428.3
3;2019-01-14 15:00:00;363.6;58.8;5.8;1.9;73903.9;37.8;1426.5;666.4;17413.2;18.5;35.3;10.6;445.2
3;2019-01-14 16:00:00;398.8;53.0;7.1;4.8;89052.4;45.3;1347.7;790.1;20338.9;33.5;43.1;9.8;363.1
3;2019-01-14 17:00:00;466.6;52.8;4.8;4.3;96296.6;52.1;1021.0;884.5;13964.4;15.9;54.8;9.8;384.5
3;2019-01-14 18:00:00;388.1;59.3;6.3;3.7;128364.7;47.5;662.9;801.7;3987.2;15.8;40.0;11.5;728.7
3;2019-01-14 19:00:00;322.9;56.0;8.3;0.7;106294.3;44.6;809.5;792.9;30986.7;18.8;29.7;11.0;706.2
3;2019-01-14 20:00:00;343.3;58.7;6.9;0.8;106412.7;40.1;770.0;758.3;6860.2;22.7;22.7;11.4;593.1
3;2019-01-14 21:00:00;380.6;50.7;6.6;1.5;68503.6;32.9;534.2;589.7;30308.1;20.0;31.1;10.3;354.8
3;2019-01-14 22:00:00;295.0;43.8;5.5;0.7;65226.9;24.5;506.0;377.8;22030.4;6.9;26.2;9.3;268.6
3;2019-01-14 23:00:00;247.4;41.8;4.9;0.6;64591.3;23.0;480.0;399.8;22689.1;2.6;9.2;9.8;445.8
3;2019-01-15 00:00:00;306.5;52.8;31.1;0.7;72336.2;45.5;916.3;500.6;24132.8;2.7;14.4;10.9;349.0
3;2019-01-15 01:00:00;248.3;39.7;7.8;0.6;74163.3;39.7;477.0;511.2;22356.7;3.3;21.6;9.0;151.9
3;2019-01-15 02:00:00;356.5;34.3;6.9;0.6;84820.6;34.2;433.1;470.1;23053.2;2.4;26.0;8.7;216.2
3;2019-01-15 03:00:00;357.8;35.1;20.6;0.7;55347.7;33.2;483.3;452.1;53703.1;5.0;19.8;9.1;195.6
3;2019-01-15 04:00:00;443.5;64.3;64.5;0.8;65706.8;40.3;552.2;720.4;93387.5;9.7;23.1;11.3;283.7
3;2019-01-15 05:00:00;218.2;52.1;8.9;0.8;64218.6;30.4;407.2;495.3;14355.3;2.9;7.4;10.9;321.0
3;2019-01-15 06:00:00;288.5;73.6;7.5;0.9;90724.7;33.4;394.3;606.5;14932.6;6.5;13.8;13.0;324.2
3;2019-01-15 07:00:00;424.0;80.9;16.6;18.8;110832.4;37.9;324.3;1020.8;32943.5;7.7;42.3;17.0;454.1
3;2019-01-15 08:00:00;308.2;81.7;9.9;2.5;78680.7;35.6;423.0;787.8;21508.1;13.9;12.0;15.5;457.5
3;2019-01-15 09:00:00;418.6;78.6;12.2;14.9;78009.0;37.0;392.5;852.4;16009.4;43.7;40.0;14.8;372.4
3;2019-01-15 10:00:00;489.6;75.5;8.4;4.4;46350.8;43.3;535.6;825.2;15018.4;49.9;43.3;12.9;303.1
3;2019-01-17 00:00:00;402.4;53.2;33.0;0.7;65534.6;63.0;887.3;766.4;20372.9;4.4;25.9;11.0;268.3
3;2019-01-17 01:00:00;376.2;48.6;6.0;0.6;47240.9;44.6;572.6;665.5;15237.3;3.7;25.2;8.7;285.2
3;2019-01-17 02:00:00;712.0;41.7;7.8;0.5;62247.0;38.3;525.3;574.4;14802.6;1.6;25.4;8.1;156.4
3;2019-01-17 03:00:00;264.2;34.5;6.4;0.5;42591.1;37.2;547.8;492.5;4263.7;9.3;30.5;7.4;222.4
3;2019-01-17 04:00:00;705.4;58.5;60.9;1.5;125149.9;47.3;541.3;848.8;111181.8;17.8;43.9;11.9;465.0
3;2019-01-17 05:00:00;652.4;36.4;7.4;0.5;66845.4;40.4;605.0;649.4;24362.6;8.6;40.7;8.1;368.6
3;2019-01-17 06:00:00;380.1;45.5;6.3;1.2;78364.5;41.3;563.9;761.0;5840.3;20.1;39.4;10.2;220.6
3;2019-01-17 07:00:00;225.8;43.0;6.4;0.5;88307.8;32.1;537.3;534.2;14266.9;10.8;25.9;8.8;494.5
3;2019-01-17 08:00:00;448.7;55.0;10.4;4.9;65337.4;33.6;505.4;655.1;38060.9;11.6;29.5;12.2;579.0
3;2019-01-17 09:00:00;280.6;35.1;8.4;0.5;58860.1;38.3;498.1;537.6;9345.2;10.9;44.5;8.7;290.6
3;2019-01-17 10:00:00;427.5;39.6;8.0;0.8;59774.4;42.7;453.7;609.2;19397.4;26.2;55.6;9.2;260.5
3;2019-01-17 11:00:00;723.1;52.2;10.9;5.9;79317.7;45.3;588.9;892.2;24782.2;29.6;51.9;11.6;377.5
3;2019-01-17 12:00:00;594.6;58.4;10.4;5.6;85046.8;61.2;552.4;1481.9;16596.1;38.3;51.2;12.6;385.0
3;2019-01-17 13:00:00;615.2;64.8;14.7;7.5;131464.5;53.7;503.5;1386.6;30802.6;22.8;40.9;12.4;327.7
3;2019-01-17 14:00:00;576.1;70.0;11.5;14.2;110062.8;51.9;399.3;1540.8;17516.3;24.7;50.6;12.6;393.0
3;2019-01-17 15:00:00;491.9;63.7;12.0;10.8;98406.4;58.2;487.2;1433.4;17961.7;25.0;58.5;13.0;324.8
3;2019-01-17 16:00:00;732.7;64.5;16.9;4.9;148682.3;53.6;1064.3;1086.4;30707.8;23.2;50.0;13.5;380.3
3;2019-01-17 17:00:00;831.6;60.4;11.0;2.8;82935.3;58.3;712.7;1234.8;36323.0;20.7;53.5;11.8;427.2
3;2019-01-17 18:00:00;1114.8;54.8;11.4;1.5;92822.2;40.8;941.2;783.4;30671.1;20.6;34.0;11.8;620.6
3;2019-01-17 19:00:00;709.3;50.0;7.9;3.3;63037.0;44.7;1091.1;861.7;19092.8;21.2;27.5;10.5;454.3
3;2019-01-17 20:00:00;370.4;46.5;8.0;0.7;119397.6;42.4;1101.9;762.9;38303.6;22.5;19.7;9.2;414.3
3;2019-01-17 21:00:00;342.1;49.4;10.4;1.0;63999.8;39.6;1137.0;673.6;30411.0;2.1;15.4;11.2;280.9
3;2019-01-17 22:00:00;252.0;53.8;10.4;0.7;65198.4;35.7;1410.7;713.1;16142.8;4.2;4.6;12.2;392.4
3;2019-01-17 23:00:00;210.0;38.7;7.9;0.7;27844.0;26.5;1558.3;470.5;24185.9;4.0;2.1;9.7;366.7
3;2019-01-18 00:00:00;688.7;58.3;19.4;1.0;71598.5;42.9;921.9;462.2;28523.6;1.9;9.4;12.5;318.2
3;2019-01-18 01:00:00;276.5;54.8;7.8;0.7;46806.6;39.4;579.9;513.2;19809.4;2.9;11.3;11.3;290.9
3;2019-01-18 02:00:00;294.8;38.7;10.7;0.7;51881.7;36.5;393.4;565.9;29365.9;3.6;30.8;8.9;354.2
3;2019-01-18 03:00:00;481.9;47.7;59.8;1.3;92236.2;41.3;394.3;803.0;78315.6;14.3;24.0;12.0;272.4
3;2019-01-18 04:00:00;336.1;58.8;10.1;1.1;72547.8;45.1;396.8;695.1;13239.7;13.9;32.8;13.3;353.2
3;2019-01-18 05:00:00;442.2;69.4;8.0;2.9;83021.4;47.7;369.6;1047.7;4499.8;12.3;26.0;14.1;446.5
3;2019-01-18 06:00:00;355.5;52.3;9.2;1.3;72217.1;39.4;303.4;799.3;15206.1;22.0;30.4;12.3;399.9
3;2019-01-18 07:00:00;332.7;42.0;6.7;0.6;78109.0;35.7;262.6;655.5;25406.1;18.5;35.9;9.1;460.7
3;2019-01-18 08:00:00;424.8;47.8;11.6;1.3;85746.6;52.4;361.8;1337.6;28174.1;31.4;43.3;12.5;421.8
3;2019-01-18 09:00:00;706.1;49.4;11.9;4.1;114237.9;63.2;374.6;1287.6;26098.4;17.2;68.3;12.8;427.6
3;2019-01-18 10:00:00;543.4;39.2;11.5;0.9;83777.0;62.5;419.9;1384.6;34369.2;26.2;57.6;9.6;256.2
3;2019-01-18 11:00:00;774.1;44.5;17.7;1.8;82018.8;61.7;506.2;1249.9;23539.0;18.5;64.0;11.1;329.0
3;2019-01-18 12:00:00;493.4;38.7;8.2;0.6;93787.2;55.3;724.6;1327.5;25485.5;14.3;38.1;9.3;216.8
3;2019-01-18 13:00:00;423.5;51.5;12.4;1.7;69069.4;46.6;1196.1;1078.6;32481.3;17.0;36.2;11.7;341.1
3;2019-01-18 14:00:00;595.3;65.7;9.8;1.7;89343.3;39.5;890.3;923.0;31791.2;21.5;25.2;13.2;417.0
3;2019-01-18 15:00:00;387.6;66.6;11.8;5.0;72840.1;40.8;1014.1;829.2;24975.0;7.4;26.0;12.4;371.5
3;2019-01-18 16:00:00;439.3;61.5;18.4;1.0;82599.9;39.8;1394.7;862.6;23280.1;5.7;18.2;13.3;398.9
3;2019-01-18 17:00:00;303.4;46.2;11.9;0.9;86987.2;34.5;1615.7;694.1;23112.3;10.5;13.1;10.8;176.0
3;2019-01-18 18:00:00;313.2;41.9;9.0;0.8;59557.4;28.4;881.0;525.6;20259.3;5.5;7.4;9.1;254.5
3;2019-01-18 19:00:00;146.1;25.6;8.7;0.5;55073.8;19.7;344.2;409.8;23063.8;2.5;0.1;6.3;208.6
3;2019-01-18 20:00:00;304.6;28.6;10.7;0.6;31034.5;22.9;288.3;478.6;38828.8;8.5;0.4;7.4;242.8
3;2019-01-18 21:00:00;332.2;35.5;11.2;0.5;50292.9;22.5;318.8;436.4;34712.6;4.8;0.4;8.3;141.0
3;2019-01-18 22:00:00;237.3;32.7;6.4;0.5;32631.0;18.6;291.5;309.6;26041.3;3.9;0.1;6.8;67.5
3;2019-01-18 23:00:00;224.6;22.5;9.0;0.4;26709.2;20.9;414.7;272.2;22210.2;0.9;0.0;6.0;122.5
3;2019-01-19 00:00:00;249.3;32.5;24.7;0.4;49233.9;39.0;473.5;364.0;22882.9;0.5;1.5;5.7;150.6
3;2019-01-19 01:00:00;139.6;27.8;3.8;0.4;23161.7;24.7;346.3;305.7;26092.4;0.9;0.2;5.1;181.1
3;2019-01-19 02:00:00;192.9;28.4;4.7;0.4;23752.0;26.7;415.0;350.8;12842.9;5.4;0.9;6.4;359.9
3;2019-01-19 03:00:00;167.9;26.7;5.7;0.4;28016.2;26.0;475.0;275.6;23741.1;5.8;0.8;6.4;215.9
3;2019-01-19 04:00:00;248.6;59.7;9.3;1.0;72812.2;29.3;461.5;618.7;40047.7;14.7;5.2;12.2;854.2
3;2019-01-19 05:00:00;281.0;30.5;46.7;0.5;78509.3;26.5;396.8;559.4;118077.1;11.5;0.6;6.7;470.7
3;2019-01-19 06:00:00;268.6;33.1;6.7;0.6;90442.3;24.0;452.8;557.1;24120.5;12.6;0.5;7.8;270.8
3;2019-01-19 07:00:00;233.2;34.7;6.2;0.5;65212.0;22.5;455.3;623.0;23822.3;18.7;0.3;6.9;348.5
3;2019-01-19 08:00:00;203.1;46.2;6.7;0.5;49051.9;24.1;361.5;692.2;27644.1;7.0;1.8;8.2;415.8
3;2019-01-19 09:00:00;134.0;38.0;6.6;0.5;61211.9;21.8;449.1;514.1;26011.9;33.3;1.2;7.2;274.0
3;2019-01-19 10:00:00;144.1;36.0;6.7;0.5;47883.4;19.3;11696.7;477.4;23549.0;29.6;0.2;7.0;286.0
3;2019-01-19 11:00:00;188.0;42.8;6.1;0.5;75877.1;21.1;2601.2;583.5;7532.0;9.3;1.4;8.0;375.0
3;2019-01-19 12:00:00;234.4;51.3;9.2;0.9;76772.9;19.5;1828.6;460.4;23176.1;33.1;1.7;9.7;492.8
3;2019-01-19 13:00:00;114.4;25.9;6.2;0.4;77521.6;15.4;7365.3;293.4;19951.0;3.0;0.0;5.2;316.6
3;2019-01-19 14:00:00;144.8;26.5;4.3;0.4;65190.3;12.7;11792.8;281.1;21648.9;16.9;0.1;5.0;594.6
3;2019-01-19 15:00:00;118.2;30.6;6.5;0.4;58584.9;12.0;11014.1;234.7;25587.0;4.8;0.0;5.2;583.6
3;2019-01-19 16:00:00;139.4;39.7;8.7;0.4;37241.7;20.1;10630.5;444.2;32225.4;3.1;0.1;5.1;509.8
3;2019-01-19 17:00:00;119.7;37.4;3.5;0.4;31680.3;14.2;11340.2;314.7;20534.0;1.5;0.0;5.4;555.8
3;2019-01-19 18:00:00;109.8;36.3;4.2;0.3;27167.3;11.9;12372.0;289.7;17170.1;0.3;0.0;4.1;530.5
3;2019-01-19 19:00:00;93.1;24.8;2.1;0.3;38914.2;10.8;14297.7;186.0;18247.7;4.7;0.0;3.7;721.7
3;2019-01-19 20:00:00;92.6;17.5;2.3;0.3;44494.6;8.8;15705.0;131.2;17212.7;0.1;0.0;3.2;654.8
3;2019-01-19 21:00:00;122.3;26.5;3.8;0.3;29954.8;10.8;17133.0;198.7;32365.2;0.2;0.1;5.3;514.4
3;2019-01-19 22:00:00;80.7;25.5;2.8;0.3;36706.1;10.9;17848.7;150.7;15074.7;55.3;0.0;4.0;861.9
3;2019-01-19 23:00:00;78.1;24.8;4.6;0.4;30844.0;10.5;17601.7;226.0;31596.8;60.0;0.0;4.9;840.6
3;2019-01-20 00:00:00;261.6;50.2;17.6;0.6;73563.8;26.0;16115.4;360.4;18846.7;47.9;0.4;10.6;658.3
3;2019-01-20 01:00:00;182.1;46.0;9.1;0.6;74238.0;30.9;15007.0;358.6;17043.2;41.5;3.5;9.7;613.7
3;2019-01-20 02:00:00;232.2;64.0;9.2;0.8;64620.8;28.9;15420.7;483.4;17083.5;44.0;0.2;12.6;588.0
3;2019-01-20 03:00:00;343.3;52.2;61.7;0.8;73747.0;30.5;14240.4;632.9;85156.4;37.4;7.9;10.9;555.6
3;2019-01-20 04:00:00;257.5;66.4;10.0;1.2;97981.8;30.2;13993.7;522.9;43561.5;14.8;4.6;12.6;610.8
3;2019-01-20 05:00:00;222.3;57.4;11.2;0.7;77378.6;33.2;14500.8;586.8;41905.6;18.2;1.1;11.4;724.2
3;2019-01-20 06:00:00;269.7;59.3;9.6;1.0;86490.9;23.9;13035.7;550.1;15089.7;22.3;3.0;11.5;889.2
3;2019-01-20 07:00:00;246.7;47.4;6.4;0.6;79392.6;21.4;16339.5;415.5;33940.8;23.1;0.0;9.1;656.2
3;2019-01-20 08:00:00;165.2;48.8;5.5;0.5;91154.5;18.9;16451.5;528.2;5328.3;8.0;0.0;6.4;783.3
3;2019-01-20 09:00:00;324.5;66.6;8.0;2.7;71885.8;28.9;13743.0;1136.9;5361.8;24.4;0.5;11.8;861.8
3;2019-01-20 10:00:00;341.0;79.2;6.4;4.6;142683.7;35.4;14372.4;1084.8;32007.3;35.5;2.8;12.6;803.5
3;2019-01-20 11:00:00;288.2;62.7;11.2;2.4;82981.6;26.8;14909.3;1266.3;25540.6;11.4;0.4;10.3;675.3
3;2019-01-20 12:00:00;196.4;45.0;5.4;0.5;68160.8;24.8;16825.4;748.3;20639.5;10.5;0.0;7.4;532.1
3;2019-01-20 13:00:00;190.2;55.9;5.7;0.7;51542.2;17.3;16683.6;529.6;19520.3;13.1;0.0;11.0;624.7
3;2019-01-20 14:00:00;173.2;41.0;5.0;0.6;36515.7;13.6;15319.1;376.2;23399.6;7.9;0.0;8.0;676.9
3;2019-01-20 15:00:00;154.3;41.2;4.9;0.5;36919.3;12.0;16743.6;245.0;23351.6;2.1;0.0;7.3;600.3
3;2019-01-20 16:00:00;113.5;31.1;4.6;0.4;23249.3;16.0;17965.4;288.6;26075.0;2.2;0.0;6.0;662.2
3;2019-01-20 17:00:00;178.3;35.3;5.4;0.4;24988.2;11.5;17752.9;264.4;23898.7;4.0;0.1;5.6;752.6
3;2019-01-20 18:00:00;119.6;26.0;7.3;0.4;53768.3;18.8;16683.8;317.9;43115.6;7.1;1.5;5.6;567.9
3;2019-01-20 19:00:00;156.9;44.2;7.8;0.5;57481.1;22.2;15281.1;397.9;28225.4;4.5;0.0;7.7;496.1
3;2019-01-20 20:00:00;135.1;38.1;3.0;0.4;49848.7;17.8;15356.7;320.3;23964.6;2.1;1.3;4.9;512.4
3;2019-01-20 21:00:00;169.6;46.4;5.1;0.6;42153.0;17.6;14285.0;350.4;29513.1;2.8;0.4;7.9;531.3
3;2019-01-20 22:00:00;175.8;36.8;6.6;0.5;20288.1;15.8;16139.2;252.8;21272.3;3.1;0.0;7.3;623.7
3;2019-01-20 23:00:00;104.1;26.7;4.0;0.4;43880.3;12.6;17638.4;228.3;22147.5;3.3;0.1;5.2;641.3
3;2019-01-21 00:00:00;224.9;48.1;20.9;0.5;66523.1;32.6;15595.3;306.3;27296.3;3.7;0.1;8.4;611.6
3;2019-01-21 01:00:00;207.5;49.3;6.2;0.6;73972.8;33.2;15185.5;390.4;21338.4;3.6;2.0;9.0;626.6
3;2019-01-21 02:00:00;145.7;34.1;3.7;0.5;42083.0;25.6;16872.5;312.0;23572.9;0.9;3.5;6.8;568.0
3;2019-01-21 03:00:00;311.9;32.8;51.9;0.6;30410.5;20.7;20310.3;366.3;87863.2;6.2;0.6;7.5;188.7
3;2019-01-21 04:00:00;381.6;34.4;40.4;0.5;100785.2;27.4;5416.2;534.9;58749.4;10.6;0.1;7.4;480.7
3;2019-01-21 05:00:00;296.6;49.4;7.9;0.9;64370.0;34.6;1714.9;808.3;41638.4;22.1;1.2;10.6;410.8
3;2019-01-21 06:00:00;200.1;36.2;6.5;0.6;72631.0;30.7;454.4;822.4;18785.6;25.3;0.2;8.9;564.5
3;2019-01-21 07:00:00;248.1;61.4;5.5;1.0;92940.8;34.3;349.6;841.5;23550.4;32.8;2.9;10.9;686.9
3;2019-01-21 08:00:00;452.8;48.2;5.4;3.0;79718.1;36.6;361.9;808.7;21501.2;29.3;5.5;8.9;660.1
3;2019-01-21 09:00:00;217.8;48.3;5.3;0.6;70331.1;35.4;650.6;670.6;27468.3;15.7;8.4;9.7;520.1
3;2019-01-21 10:00:00;337.0;46.3;8.7;0.7;82574.7;46.1;1492.1;810.5;27920.4;18.2;15.2;10.8;516.3
3;2019-01-21 11:00:00;313.5;65.4;12.3;1.2;108644.5;43.4;670.3;789.5;41606.9;20.6;25.4;11.6;486.4
3;2019-01-21 12:00:00;335.8;58.6;5.4;1.2;97458.1;41.5;403.3;742.1;25132.1;8.3;32.0;9.1;300.2
3;2019-01-21 13:00:00;177.6;34.6;3.9;0.4;111060.7;35.4;384.4;552.4;21795.2;3.9;26.5;6.4;193.4
3;2019-01-21 14:00:00;246.4;55.3;5.2;0.8;96356.7;37.6;321.6;676.2;24694.1;8.3;20.5;9.3;568.8
3;2019-01-21 15:00:00;235.6;48.9;4.7;0.8;97336.5;24.9;362.8;483.9;29505.8;6.7;6.7;8.8;579.4
3;2019-01-21 16:00:00;348.2;30.4;3.4;0.4;59394.6;23.9;332.2;412.4;27057.1;4.3;19.7;5.8;300.3
3;2019-01-21 17:00:00;327.3;31.8;4.4;0.5;70339.1;32.0;313.5;547.2;33677.1;4.0;11.8;6.4;219.9
3;2019-01-21 18:00:00;135.7;28.6;3.8;0.4;47331.2;21.9;346.8;304.5;29653.6;2.8;6.5;5.4;239.9
3;2019-01-21 19:00:00;173.7;28.6;3.2;0.4;44073.1;24.7;348.8;338.3;27174.8;1.4;7.4;5.2;152.5
3;2019-01-21 20:00:00;114.5;27.2;3.7;0.4;51244.2;21.1;301.8;314.2;42391.5;7.0;5.0;5.1;212.8
3;2019-01-21 21:00:00;237.7;36.8;8.6;0.6;61613.6;24.1;345.2;430.1;32816.6;5.5;5.9;8.9;493.2
3;2019-01-21 22:00:00;148.8;37.1;6.8;0.6;64401.7;19.7;191.4;361.1;22922.3;58.7;1.8;7.6;525.7
3;2019-01-21 23:00:00;255.3;37.3;10.7;0.7;45809.6;26.5;277.9;423.9;20718.9;59.8;2.6;9.3;282.9
3;2019-01-22 00:00:00;259.7;58.9;21.7;0.8;76110.2;39.4;404.8;532.2;20275.9;49.9;9.0;11.5;284.9
3;2019-01-22 01:00:00;254.8;50.2;7.6;0.7;73708.7;43.1;611.7;482.9;16105.4;45.4;21.2;10.3;332.3
3;2019-01-22 02:00:00;273.9;44.7;8.3;0.7;58949.2;43.8;317.5;561.7;20083.5;47.3;30.3;10.2;374.4
3;2019-01-22 03:00:00;413.3;40.6;59.3;0.6;66412.9;46.5;383.4;709.4;101310.8;19.9;33.8;9.4;334.5
3;2019-01-22 04:00:00;384.7;56.4;9.4;1.0;107851.9;49.6;5135.1;727.9;19872.7;18.8;32.8;11.5;565.6
3;2019-01-22 05:00:00;385.9;59.6;10.1;3.2;110662.6;50.8;7263.2;903.8;25611.7;18.5;35.9;12.9;673.1
3;2019-01-22 06:00:00;387.4;54.5;8.3;4.7;93896.6;54.6;388.1;855.8;24391.1;14.4;51.8;10.6;541.6
3;2019-01-22 07:00:00;263.5;41.1;6.9;0.7;67161.5;49.5;288.8;690.9;24532.3;8.9;42.9;10.3;441.8
3;2019-01-22 08:00:00;311.3;37.2;10.4;0.6;62325.4;46.4;256.3;646.8;28216.2;10.7;30.0;9.9;275.3
3;2019-01-22 09:00:00;718.0;52.7;8.4;5.3;88231.7;57.5;334.4;1299.4;19617.6;5.5;48.6;13.2;513.1
3;2019-01-22 10:00:00;505.7;45.4;9.4;1.0;74072.9;48.5;308.4;1073.6;19883.9;18.3;29.4;10.3;401.3
3;2019-01-22 11:00:00;357.9;54.9;9.2;1.4;73108.0;51.6;399.1;1177.7;34957.4;11.3;32.7;10.7;674.1
3;2019-01-22 12:00:00;350.5;40.7;10.3;0.6;76573.1;41.8;362.1;779.3;36154.9;12.8;49.7;10.0;275.1
3;2019-01-22 13:00:00;666.5;41.9;6.7;0.7;69831.7;36.3;1226.3;708.7;26913.3;10.0;40.7;9.6;276.8
3;2019-01-22 14:00:00;267.0;47.0;8.1;0.8;79828.8;35.7;888.7;685.7;21879.0;8.2;25.5;9.9;312.1
3;2019-01-22 15:00:00;260.9;35.4;5.2;0.5;69110.8;27.3;1147.4;528.8;34424.2;4.7;7.1;7.1;256.7
3;2019-01-22 16:00:00;163.6;32.8;7.3;0.5;69524.8;28.0;1367.9;433.4;55344.6;4.6;8.0;7.5;116.3
3;2019-01-22 17:00:00;198.7;33.5;5.6;0.5;62159.1;29.7;1263.3;458.6;28056.0;11.2;24.5;7.1;181.6
3;2019-01-22 18:00:00;315.4;23.5;5.2;0.4;50294.0;31.6;1453.6;485.6;19659.0;14.4;16.1;5.2;103.9
3;2019-01-22 19:00:00;602.6;56.1;10.7;5.1;63273.6;36.1;340.2;1117.5;24644.7;82.1;34.8;8.8;337.4
3;2019-01-22 20:00:00;594.3;53.8;13.2;4.0;52757.8;36.1;248.3;1071.8;15660.7;85.1;37.9;8.4;348.3
3;2019-01-22 21:00:00;424.5;38.4;7.2;0.8;58464.7;24.0;223.1;599.2;17247.7;50.2;10.6;7.6;248.6
3;2019-01-22 22:00:00;482.7;47.9;9.0;3.1;43300.9;31.6;193.4;997.8;17460.9;87.1;32.3;7.2;354.8
3;2019-01-22 23:00:00;552.9;50.4;8.6;4.3;41808.1;35.2;278.0;1133.4;18230.4;81.6;43.9;7.1;330.1
3;2019-01-23 00:00:00;596.2;54.1;65.8;4.9;42213.4;50.2;722.1;1158.1;18438.3;81.1;30.0;10.6;332.9
3;2019-01-23 01:00:00;291.0;50.1;5.1;0.7;74617.4;43.4;425.4;499.0;17909.4;1.6;4.6;9.7;248.4
3;2019-01-23 02:00:00;219.8;42.6;5.8;0.6;77776.9;38.7;299.0;528.9;40067.3;4.2;7.3;8.8;220.2
3;2019-01-23 03:00:00;410.8;37.7;47.8;0.9;64485.6;43.8;316.2;705.9;76638.3;7.9;12.5;8.4;192.9
3;2019-01-23 04:00:00;398.1;46.5;28.5;0.7;70068.7;44.3;5575.2;733.7;65100.7;15.6;4.0;11.1;455.5
3;2019-01-23 05:00:00;218.2;45.3;5.0;0.6;87827.9;42.2;4445.3;673.5;23458.7;8.8;7.0;10.0;389.7
3;2019-01-23 06:00:00;274.4;47.2;6.5;0.7;74909.7;48.8;7167.4;769.4;20646.1;8.6;19.1;11.5;394.4
3;2019-01-23 07:00:00;356.3;58.1;11.3;1.6;95650.4;48.3;301.3;821.8;39039.2;12.8;28.1;13.0;502.8
3;2019-01-23 08:00:00;410.0;41.8;10.7;2.2;87680.0;39.7;290.3;731.8;19314.9;6.3;25.4;9.7;320.5
3;2019-01-23 09:00:00;321.2;42.5;10.8;0.7;99825.3;45.9;267.7;1152.3;30505.2;17.2;33.1;9.2;288.8
3;2019-01-23 10:00:00;495.8;57.0;10.7;1.3;121470.6;52.7;275.5;1170.5;34789.1;17.2;38.4;11.3;438.3
3;2019-01-23 11:00:00;522.0;48.2;30.3;0.8;52741.0;44.7;297.1;803.4;65326.4;31.3;24.3;11.2;454.4
3;2019-01-23 12:00:00;354.3;51.4;10.3;1.8;74137.6;51.4;260.8;730.7;19283.5;16.4;29.1;9.3;357.7
3;2019-01-23 13:00:00;335.1;52.5;9.2;0.6;78075.7;51.5;500.9;858.2;34988.1;19.4;16.6;10.7;263.3
3;2019-01-23 14:00:00;287.2;39.6;10.7;0.5;29171.3;35.4;429.2;487.1;33110.8;17.7;3.0;7.6;142.4
3;2019-01-23 15:00:00;223.7;42.9;12.3;0.6;98383.1;37.4;428.9;504.7;37131.9;16.9;12.3;9.7;233.2
3;2019-01-23 16:00:00;394.0;47.0;11.7;1.4;35534.3;40.0;509.0;572.5;17494.4;17.6;10.9;10.8;128.7
3;2019-01-23 17:00:00;255.3;48.1;12.0;0.9;77696.4;36.5;454.4;522.3;20862.6;33.8;9.7;11.0;248.1
3;2019-01-23 18:00:00;267.4;62.0;10.2;0.9;54804.0;28.9;335.2;575.5;17689.3;48.7;4.1;10.2;291.9
3;2019-01-23 19:00:00;234.4;55.2;10.0;0.6;47998.9;25.1;470.2;509.7;17978.0;31.4;1.9;9.4;322.2
3;2019-01-23 20:00:00;242.6;49.7;8.5;0.5;74732.3;25.1;312.7;488.3;32721.2;65.2;0.7;7.2;293.8
3;2019-01-23 21:00:00;227.9;44.4;7.1;0.6;44347.7;17.9;362.9;391.1;27330.6;51.2;1.8;7.9;271.0
3;2019-01-23 22:00:00;1150.9;62.5;4.9;0.5;55918.9;21.9;240.8;542.7;14759.6;61.2;1.5;7.4;280.5
3;2019-01-23 23:00:00;197.5;54.9;4.3;0.4;54067.5;17.1;225.8;451.8;13015.8;66.2;0.1;6.7;308.0
3;2019-01-24 00:00:00;322.5;57.4;30.1;0.6;59614.5;49.2;621.1;491.4;28954.6;56.4;2.2;9.5;265.2
3;2019-01-24 01:00:00;246.1;64.8;9.2;0.7;91486.3;38.8;350.3;512.6;17384.3;33.7;6.5;11.1;314.7
3;2019-01-24 02:00:00;257.2;43.1;9.0;0.6;77491.8;34.6;316.2;540.3;18821.5;23.2;15.4;9.1;325.0
3;2019-01-24 03:00:00;448.8;39.6;82.5;0.7;48448.1;35.8;354.0;692.5;121113.0;15.7;23.4;8.9;249.3
3;2019-01-24 04:00:00;276.3;55.6;9.6;0.8;92408.3;38.9;4704.5;681.4;36174.9;9.2;18.2;10.9;433.2
3;2019-01-24 05:00:00;337.3;56.7;11.0;2.2;110100.9;34.5;410.8;614.5;26645.6;8.6;21.9;13.3;463.1
3;2019-01-24 06:00:00;307.4;51.3;12.7;1.9;81186.8;38.7;380.3;638.6;18267.4;15.0;25.4;11.2;608.6
3;2019-01-24 07:00:00;399.4;50.4;11.8;1.3;193914.4;42.2;329.9;881.8;19923.8;16.6;18.4;11.9;458.3
3;2019-01-24 08:00:00;416.1;66.5;14.3;1.2;104891.3;45.8;293.5;1225.6;26272.2;24.9;12.0;14.9;592.4
3;2019-01-24 09:00:00;403.2;57.0;12.3;3.5;72774.4;44.9;402.7;1099.0;29665.4;33.9;6.6;11.6;422.0
3;2019-01-24 10:00:00;237.9;40.6;9.4;0.5;78181.2;52.7;1439.1;804.5;32047.7;14.3;37.2;7.8;456.3
3;2019-01-24 11:00:00;309.8;33.8;6.7;0.5;56233.7;55.4;1129.6;733.0;16727.7;7.2;48.3;8.0;144.8
3;2019-01-24 12:00:00;353.3;55.6;8.9;1.7;77348.1;55.7;893.8;840.0;15266.0;16.1;37.6;10.5;319.1
3;2019-01-24 13:00:00;335.0;46.0;7.9;0.7;57741.0;47.4;1242.2;811.8;14857.2;9.5;31.6;8.4;268.0
3;2019-01-24 14:00:00;278.6;45.6;8.7;1.0;67608.9;45.0;1206.5;638.1;22757.6;5.2;32.8;8.7;383.6
3;2019-01-24 15:00:00;187.5;28.2;9.4;0.5;33705.2;40.0;1312.0;515.6;31160.7;1.4;25.3;6.8;219.3
3;2019-01-24 16:00:00;302.9;32.8;10.1;0.6;41859.8;41.5;1374.3;564.0;19758.0;4.2;26.3;7.6;98.2
3;2019-01-24 17:00:00;251.2;38.0;13.5;0.6;74343.3;50.1;297.7;720.9;23713.0;3.7;18.6;8.4;109.2
3;2019-01-24 18:00:00;246.9;34.5;11.7;0.5;73290.5;40.6;287.3;604.8;35805.9;3.7;13.8;7.1;187.3
3;2019-01-24 19:00:00;210.3;38.7;10.9;0.5;52893.2;36.6;330.7;594.6;13422.0;2.9;12.2;8.4;357.6
3;2019-01-24 20:00:00;212.3;32.9;7.1;0.5;58262.5;32.6;307.7;524.0;38666.3;8.6;0.1;6.2;211.0
3;2019-01-24 21:00:00;181.5;31.7;7.4;0.5;55384.4;27.4;271.5;503.6;27489.2;5.4;0.6;6.7;152.8
3;2019-01-24 22:00:00;159.4;29.0;6.8;0.4;53094.1;20.9;229.5;520.1;15941.8;6.0;0.2;5.8;262.3
3;2019-01-24 23:00:00;130.8;26.0;4.7;0.3;30475.3;17.4;276.8;281.8;17903.5;3.4;2.5;4.9;281.0
3;2019-01-25 00:00:00;281.3;60.4;27.8;0.8;58106.2;50.4;981.9;563.7;25103.0;2.8;7.4;13.3;236.9
3;2019-01-25 01:00:00;254.9;50.9;6.4;0.6;75711.6;41.4;403.9;548.0;15300.1;3.1;12.0;9.2;219.2
3;2019-01-25 02:00:00;1090.8;32.5;12.1;0.5;70313.4;31.5;385.7;526.6;31127.2;1.9;3.3;7.4;246.8
3;2019-01-25 03:00:00;249.7;27.9;11.0;0.5;46641.1;32.8;446.5;494.3;47158.7;7.7;14.7;6.5;189.6
3;2019-01-25 04:00:00;385.6;65.1;45.8;2.6;149858.3;49.2;4983.8;803.4;80015.6;11.2;21.7;12.2;571.0
3;2019-01-25 05:00:00;181.7;35.8;4.5;0.5;84719.9;38.1;2541.4;608.6;22626.1;5.0;18.3;6.7;396.9
3;2019-01-25 06:00:00;339.2;49.7;5.5;1.5;143555.6;42.3;407.9;863.1;20083.7;11.9;23.2;10.0;422.3
3;2019-01-25 07:00:00;243.0;38.9;6.3;0.5;111605.3;36.1;346.5;612.9;22399.9;13.0;17.6;7.8;466.1
3;2019-01-25 08:00:00;396.4;63.3;9.0;1.4;115811.9;39.0;266.4;1213.0;36011.5;11.4;9.1;12.4;589.3
3;2019-01-25 09:00:00;308.9;63.5;9.2;1.0;91385.6;47.5;518.1;1335.2;32884.1;19.0;24.1;12.3;554.4
3;2019-01-25 10:00:00;353.3;48.7;9.2;0.7;95159.2;46.3;481.7;1146.8;18870.2;19.1;19.8;11.0;261.4
3;2019-01-25 11:00:00;447.7;70.0;13.0;6.9;134723.7;55.5;1136.7;1232.8;66189.5;24.8;39.6;13.9;354.6
3;2019-01-25 12:00:00;358.2;57.0;7.0;0.9;94533.4;47.7;1024.8;830.2;22941.3;18.4;38.2;11.0;284.8
3;2019-01-25 13:00:00;255.3;33.7;5.4;0.5;99079.3;34.6;1087.9;664.7;9946.7;6.6;24.2;7.0;134.4
3;2019-01-25 14:00:00;263.1;36.6;5.3;0.5;114024.8;28.8;1593.7;512.0;18401.6;8.9;11.7;7.6;250.5
3;2019-01-25 15:00:00;335.5;36.9;10.9;0.9;91741.7;29.7;1302.0;493.9;29306.0;2.7;12.8;8.1;211.9
3;2019-01-25 16:00:00;247.7;46.6;13.0;0.6;103016.8;30.3;1471.9;443.5;54128.6;5.1;5.8;10.4;291.7
3;2019-01-25 17:00:00;407.0;66.2;6.6;0.9;85451.0;28.8;1046.6;643.2;15601.4;39.5;5.9;9.0;308.4
3;2019-01-25 18:00:00;226.1;38.4;8.7;0.5;69291.9;23.7;689.7;345.3;23626.1;5.1;2.1;7.6;226.8
3;2019-01-25 19:00:00;176.6;45.1;9.3;0.5;98871.0;28.6;568.0;437.7;21490.2;3.5;7.2;7.9;569.1
3;2019-01-25 20:00:00;217.4;53.0;8.0;0.6;103085.9;25.5;603.1;393.6;17198.6;21.8;0.8;8.5;492.3
3;2019-01-25 21:00:00;188.7;41.4;7.7;0.5;93477.0;23.2;558.8;456.3;16861.6;4.7;0.2;7.1;336.5
3;2019-01-25 22:00:00;183.3;46.4;6.2;0.5;85944.9;24.5;222.7;488.4;17050.9;10.0;0.1;7.6;249.2
3;2019-01-25 23:00:00;149.4;30.5;6.5;0.4;55804.9;15.7;237.9;302.2;21918.3;6.9;0.3;5.9;383.9
3;2019-01-26 00:00:00;187.1;29.1;16.8;0.4;75640.6;31.0;764.5;283.9;26447.2;4.8;0.1;5.6;187.1
3;2019-01-26 01:00:00;144.5;32.8;5.6;0.5;71967.2;24.6;389.3;312.7;33819.0;2.4;0.4;6.0;164.3
3;2019-01-26 02:00:00;126.4;18.6;4.8;0.3;54676.7;14.1;381.7;223.3;17637.6;5.3;0.0;4.3;189.7
3;2019-01-26 03:00:00;336.5;26.0;37.9;0.5;53067.7;19.7;286.2;308.1;57704.9;14.7;29.7;4.4;91.8
3;2019-01-26 04:00:00;297.1;47.4;5.3;0.6;102412.0;26.3;342.4;614.1;10216.9;13.2;31.0;8.4;524.8
3;2019-01-26 05:00:00;243.6;36.1;3.9;0.4;96128.8;19.5;229.1;498.4;12730.2;13.7;21.6;6.2;480.1
3;2019-01-26 06:00:00;305.5;50.7;3.3;1.2;106867.5;23.2;340.1;510.4;16784.1;35.4;30.1;7.2;386.4
3;2019-01-26 07:00:00;409.7;48.8;5.5;2.6;72205.0;28.8;439.2;981.2;13589.4;44.7;24.5;8.8;515.9
3;2019-01-26 08:00:00;325.7;47.8;5.7;0.8;75844.9;23.2;333.6;671.9;23821.0;66.3;19.4;8.0;558.7
3;2019-01-26 09:00:00;328.8;48.6;4.6;1.9;63402.4;19.5;362.5;471.4;21998.7;60.0;18.9;7.8;429.9
3;2019-01-26 10:00:00;331.0;33.4;2.8;0.7;56063.2;16.9;282.0;346.1;16493.4;23.5;19.2;5.1;189.9
3;2019-01-26 11:00:00;333.1;57.1;4.9;1.3;74546.2;13.8;192.1;424.2;46602.4;25.7;21.1;7.4;374.9
3;2019-01-26 12:00:00;332.7;37.7;3.2;1.6;78886.6;11.0;198.9;203.9;25074.5;18.9;18.2;4.9;292.2
3;2019-01-26 13:00:00;175.4;22.9;2.5;0.2;43167.7;15.1;264.5;200.3;17654.4;17.9;16.5;3.1;164.9
3;2019-01-26 14:00:00;127.4;18.6;2.5;0.2;42301.0;7.6;206.1;87.2;12818.8;2.0;14.7;2.4;18.8
3;2019-01-26 15:00:00;106.5;19.9;1.3;0.2;41871.8;6.8;175.0;75.2;11751.4;0.0;12.7;2.2;7.8
3;2019-01-26 16:00:00;209.6;11.2;2.9;0.2;41211.8;7.2;231.5;74.0;13501.9;1.2;0.0;2.1;16.0
3;2019-01-26 17:00:00;93.2;14.8;3.2;0.3;42807.3;8.9;241.9;167.2;17366.0;6.9;0.0;3.3;58.0
3;2019-01-26 18:00:00;95.7;22.0;5.1;0.3;43931.4;7.1;209.5;159.7;18682.2;7.4;0.0;2.8;43.5
3;2019-01-26 19:00:00;96.0;18.5;1.0;0.2;46102.7;11.4;251.2;174.4;18839.2;2.2;0.0;2.8;229.9
3;2019-01-26 20:00:00;80.6;20.7;2.1;0.3;55063.8;11.1;233.1;191.2;29223.9;2.7;3.8;2.9;105.8
3;2019-01-26 21:00:00;164.5;29.2;7.7;0.6;52230.9;12.4;252.4;262.5;45096.9;0.2;0.4;5.6;98.6
3;2019-01-26 22:00:00;85.0;12.1;0.9;0.2;42974.7;6.9;231.7;67.7;16127.9;0.2;0.0;2.1;22.1
3;2019-01-26 23:00:00;76.4;17.9;1.1;0.3;46410.4;6.9;236.6;113.3;16328.1;2.2;0.0;3.3;74.6
3;2019-01-27 00:00:00;209.2;34.6;15.2;0.5;81564.4;24.4;673.5;319.6;26725.7;3.6;1.0;7.7;69.7
3;2019-01-27 01:00:00;151.0;31.4;5.8;0.5;70297.2;21.1;475.1;330.1;16734.5;2.7;0.0;7.3;69.0
3;2019-01-27 02:00:00;168.0;27.4;4.9;0.4;59059.8;17.3;351.1;256.8;17609.1;1.8;1.5;5.6;132.1
3;2019-01-27 03:00:00;328.0;28.8;58.3;1.5;80994.1;21.0;312.8;390.6;92920.8;7.7;3.2;7.5;78.9
3;2019-01-27 04:00:00;240.4;61.2;4.6;1.1;111323.9;24.9;4818.7;709.7;11089.8;19.4;1.1;10.2;607.8
3;2019-01-27 05:00:00;273.9;67.5;6.8;1.0;114926.4;31.2;315.6;808.9;31676.7;20.2;0.5;12.4;757.6
3;2019-01-27 06:00:00;177.8;37.5;5.6;0.6;81784.6;26.7;362.1;511.4;18919.0;14.4;1.7;8.0;317.6
3;2019-01-27 07:00:00;217.3;31.3;5.2;0.5;81146.4;24.8;1077.3;563.8;25717.6;32.3;0.0;7.9;287.5
3;2019-01-27 08:00:00;256.0;24.5;4.2;0.5;80858.5;23.4;1096.9;569.6;27117.4;36.2;0.0;5.8;233.2
3;2019-01-27 09:00:00;243.9;21.2;4.9;0.5;56581.8;16.3;1373.9;374.6;18033.4;18.0;0.0;4.7;171.9
3;2019-01-27 10:00:00;235.4;27.6;4.9;0.6;52931.3;17.5;1421.2;334.4;22252.0;20.1;0.0;5.5;242.3
3;2019-01-27 11:00:00;254.2;29.1;5.3;0.5;66452.9;13.6;1781.2;299.6;50027.8;20.6;0.0;5.7;152.2
3;2019-01-27 12:00:00;273.1;27.6;4.6;0.8;50598.3;14.5;1123.7;320.1;20605.5;21.0;0.0;5.6;147.2
3;2019-01-27 13:00:00;210.4;21.0;2.0;0.3;89332.6;10.7;1564.6;195.1;22359.4;25.2;0.0;4.0;165.8
3;2019-01-27 14:00:00;81.5;16.2;0.4;0.2;43936.9;14.0;284.2;264.4;11451.0;2.3;0.0;2.5;34.6
3;2019-01-27 15:00:00;47.6;13.4;0.5;0.2;42745.4;8.8;341.2;143.5;11269.4;0.2;0.0;2.6;10.1
3;2019-01-27 16:00:00;100.9;16.6;2.0;0.3;61353.8;10.0;249.8;209.9;17466.8;0.7;0.0;3.7;65.5
3;2019-01-27 17:00:00;186.0;14.8;4.3;0.4;50523.5;10.2;241.9;206.3;17687.9;1.9;0.0;4.8;25.8
3;2019-01-27 18:00:00;158.7;22.1;4.7;0.4;62162.9;16.8;266.5;242.7;25307.1;4.2;3.4;5.2;70.7
3;2019-01-27 19:00:00;144.2;29.9;4.6;0.4;63484.8;15.4;232.0;263.7;15354.0;4.7;16.8;5.9;231.2
3;2019-01-27 20:00:00;147.7;19.3;1.1;0.2;62783.1;9.2;269.5;90.5;17919.4;2.8;18.1;2.8;39.8
3;2019-01-27 21:00:00;226.3;27.2;2.4;0.3;63400.3;12.4;232.7;189.2;23854.5;0.5;21.3;4.9;65.6
3;2019-01-27 22:00:00;156.1;26.9;2.1;0.3;55193.0;10.9;183.3;202.3;12651.4;2.9;14.5;4.0;31.3
3;2019-01-27 23:00:00;132.0;22.7;1.9;0.2;46085.6;10.3;209.1;225.9;13953.1;3.1;16.4;3.2;23.2
3;2019-01-28 00:00:00;237.6;32.1;12.4;0.4;72958.1;20.1;351.1;211.3;15415.6;3.1;17.8;5.5;64.6
3;2019-01-28 01:00:00;188.5;34.8;3.8;0.4;71393.8;20.9;335.1;259.2;30940.2;3.5;18.0;5.6;93.3
3;2019-01-28 02:00:00;192.8;28.7;3.5;0.3;66081.0;12.4;260.1;193.7;13097.7;4.3;16.6;4.3;123.2
3;2019-01-28 03:00:00;366.0;27.0;50.6;0.4;55505.3;21.2;265.1;369.8;92121.1;3.4;17.2;5.1;21.8
3;2019-01-28 04:00:00;402.4;69.5;38.1;2.1;101981.1;32.5;3737.8;514.9;73677.0;7.7;25.5;10.8;424.6
3;2019-01-28 05:00:00;336.0;51.5;6.3;0.7;80484.7;34.3;6872.1;580.8;34620.4;25.8;25.1;9.4;212.6
3;2019-01-28 06:00:00;296.8;53.8;6.9;2.1;135210.2;25.8;280.0;735.4;13360.9;28.0;20.7;9.9;503.2
3;2019-01-28 07:00:00;252.4;55.7;6.4;0.8;84701.6;25.2;293.2;688.2;13152.9;19.7;14.4;10.2;633.3
3;2019-01-28 08:00:00;299.0;45.3;5.1;0.7;64262.3;29.3;341.7;601.4;23465.0;20.5;20.8;8.9;385.3
3;2019-01-28 09:00:00;314.8;41.4;4.9;0.5;66887.7;30.1;287.1;516.6;25517.4;21.9;29.7;8.3;353.0
3;2019-01-28 10:00:00;326.8;56.0;5.8;1.3;106704.2;32.4;367.3;645.1;16313.5;25.8;29.3;9.4;535.7
3;2019-01-28 11:00:00;351.4;38.1;6.2;0.6;74637.4;28.9;257.7;541.2;34439.5;17.6;34.8;6.9;242.4
3;2019-01-28 12:00:00;309.8;37.7;6.2;0.5;80739.7;26.1;235.2;397.8;20257.6;16.0;16.0;7.7;190.3
3;2019-01-28 13:00:00;357.5;51.5;7.4;1.8;71340.7;26.9;248.8;495.4;14990.1;22.7;14.8;9.2;260.7
3;2019-01-28 14:00:00;262.0;45.9;5.7;0.7;61293.0;23.5;246.9;477.9;16452.9;19.2;2.1;8.0;395.1
3;2019-01-28 15:00:00;315.9;48.4;6.4;3.1;78483.3;22.4;292.5;516.3;24650.1;21.3;5.5;10.2;292.5
3;2019-01-28 16:00:00;184.4;28.2;5.2;0.4;55239.5;23.8;273.9;375.4;20531.5;5.5;0.5;5.9;57.5
3;2019-01-28 17:00:00;224.1;49.5;7.2;0.6;74364.3;26.2;352.6;370.7;20044.7;6.1;5.0;8.7;82.1
3;2019-01-28 18:00:00;231.3;34.5;4.5;0.4;57279.1;22.0;301.9;328.0;25110.2;4.9;0.0;5.7;60.6
3;2019-01-28 19:00:00;534.3;62.9;6.6;1.8;76070.4;22.7;275.6;578.6;21982.6;26.7;1.0;9.7;373.0
3;2019-01-28 20:00:00;194.3;36.9;7.0;0.4;72987.7;16.0;349.3;306.1;17335.1;11.3;0.2;6.6;293.7
3;2019-01-28 21:00:00;206.6;48.3;7.5;0.7;77504.4;15.5;363.3;389.0;26249.6;20.3;1.0;8.5;406.1
3;2019-01-28 22:00:00;145.8;23.5;3.2;0.4;61010.5;12.7;252.0;233.1;16572.7;25.4;0.0;4.9;375.1
3;2019-01-28 23:00:00;99.9;18.0;3.7;0.3;55297.2;17.7;321.1;201.4;22812.7;3.2;0.0;4.1;73.3
3;2019-01-29 00:00:00;200.9;44.2;20.4;0.7;74653.3;40.2;980.5;342.5;21835.0;3.9;0.0;9.3;48.3
3;2019-01-29 01:00:00;176.8;31.9;6.9;0.6;63812.5;31.9;510.1;348.1;23101.1;3.4;0.0;7.9;45.0
3;2019-01-29 02:00:00;161.4;36.3;7.9;0.6;64037.2;27.7;255.8;351.0;23796.8;4.4;0.1;8.1;133.3
3;2019-01-29 03:00:00;1310.6;23.0;44.9;0.4;74113.3;25.5;291.0;467.6;94605.8;13.4;0.4;5.6;149.9
3;2019-01-29 04:00:00;233.9;55.3;5.9;0.9;94467.8;35.2;483.4;597.7;21774.7;12.7;0.1;11.0;300.8
3;2019-01-29 05:00:00;281.9;48.1;8.4;0.7;99993.1;36.9;309.3;828.4;21164.6;11.5;0.2;10.6;593.7
3;2019-01-29 06:00:00;154.8;23.7;7.3;0.5;97454.4;27.0;238.1;502.5;19366.4;20.8;0.0;5.7;359.2
3;2019-01-29 07:00:00;245.8;31.7;5.8;0.6;71008.5;23.0;311.4;413.4;15258.6;13.3;0.0;7.8;385.0
3;2019-01-29 08:00:00;260.5;33.2;5.8;1.5;58326.2;23.7;369.5;354.9;38670.5;20.4;3.9;7.7;389.4
3;2019-01-29 09:00:00;252.5;33.5;6.4;0.6;71006.7;25.9;370.9;413.2;35208.0;41.0;1.1;6.9;352.7
3;2019-01-29 10:00:00;290.8;36.0;6.1;1.2;66770.2;28.6;285.7;504.3;17728.6;16.0;3.5;6.7;278.1
3;2019-01-29 11:00:00;227.8;51.3;6.6;0.6;76714.3;34.2;256.8;541.0;6055.4;17.7;8.9;8.2;401.5
3;2019-01-29 12:00:00;332.5;38.5;5.1;2.6;73270.0;32.9;377.6;713.4;27467.1;22.7;7.0;7.5;332.0
3;2019-01-29 13:00:00;399.0;55.0;5.3;2.1;189653.9;40.4;375.6;1036.9;21990.2;16.6;19.9;10.6;424.2
3;2019-01-29 14:00:00;327.0;47.4;4.7;2.0;90501.6;28.4;242.8;987.3;23770.3;19.0;6.1;8.0;413.3
3;2019-01-29 15:00:00;157.9;33.6;5.9;0.5;77358.2;23.1;332.8;614.6;6678.9;25.4;0.1;7.3;340.8
4;2018-11-02 00:00:00;254.5;54.1;12.3;0.7;61497.1;43.4;846.8;476.7;22394.4;2.6;0.0;10.4;172.9
4;2018-11-02 01:00:00;266.2;57.4;12.6;0.7;89805.4;35.4;439.6;537.8;23330.4;3.2;0.4;12.0;396.7
4;2018-11-02 02:00:00;159.5;29.1;12.4;0.5;41680.4;22.8;266.4;365.8;17015.5;1.7;0.0;7.5;96.8
4;2018-11-02 03:00:00;320.5;32.2;55.8;0.5;56463.5;23.2;241.3;550.4;115515.9;14.3;0.0;6.7;162.0
4;2018-11-02 04:00:00;292.8;79.0;11.2;3.2;114743.5;31.6;888.3;727.8;10934.4;12.5;0.9;14.1;614.2
4;2018-11-02 05:00:00;254.5;55.8;11.1;0.8;102864.3;26.4;710.4;744.9;19380.2;18.4;0.3;11.0;846.5
4;2018-11-02 06:00:00;216.3;38.9;12.1;0.7;70771.0;20.4;217.5;523.3;18518.0;12.5;0.0;10.2;415.3
4;2018-11-02 07:00:00;206.9;51.1;10.8;0.7;76121.8;21.2;254.9;530.2;21304.7;14.6;0.2;11.1;320.5
4;2018-11-02 08:00:00;418.7;61.5;9.0;0.9;123862.6;29.2;214.9;958.1;36855.9;16.3;1.4;10.9;503.3
4;2018-11-02 09:00:00;348.7;66.1;12.3;3.0;76896.0;33.5;264.3;1046.5;50381.3;12.8;5.0;11.7;304.7
4;2018-11-02 10:00:00;339.1;58.1;10.1;1.0;75525.8;30.3;1025.8;826.4;19665.1;25.0;0.6;11.1;315.5
4;2018-11-02 11:00:00;468.0;68.4;9.9;2.6;75230.5;28.9;773.0;727.9;51865.5;18.9;3.4;11.7;304.4
4;2018-11-02 12:00:00;289.4;55.6;10.4;0.7;87826.1;28.3;835.3;691.7;23919.3;17.7;1.5;10.5;276.7
4;2018-11-02 13:00:00;207.8;28.5;7.2;0.5;41104.9;23.4;1116.5;494.1;23696.6;18.3;0.6;6.1;164.0
4;2018-11-02 14:00:00;321.4;49.6;7.1;1.9;91924.4;23.8;1262.5;680.1;17244.9;29.9;8.7;8.5;301.9
4;2018-11-02 15:00:00;326.4;58.9;11.6;0.8;77747.8;26.2;1034.5;564.1;47753.5;15.8;3.4;9.8;304.4
4;2018-11-02 16:00:00;251.7;45.1;10.8;0.7;104705.5;27.9;539.2;585.3;30780.2;19.8;0.4;8.9;398.9
4;2018-11-02 17:00:00;226.4;36.1;8.3;0.6;67937.9;30.9;358.9;647.7;22705.5;8.3;0.0;8.8;235.4
4;2018-11-02 18:00:00;159.5;34.0;7.1;0.5;50287.5;21.2;192.4;485.1;19066.3;6.3;0.1;7.1;219.8
4;2018-11-02 19:00:00;165.9;30.5;9.3;0.5;41175.8;17.7;210.7;415.8;18238.6;7.1;0.1;6.8;246.3
4;2018-11-02 20:00:00;196.8;20.5;5.3;0.4;48131.4;14.5;206.9;355.0;11070.5;8.7;0.2;5.0;228.8
4;2018-11-02 21:00:00;162.9;33.8;4.8;0.5;72437.5;14.1;180.0;432.1;14408.7;6.7;0.1;7.6;196.7
4;2018-11-02 22:00:00;129.0;21.6;5.3;0.4;33259.7;11.2;194.5;317.0;14360.5;8.4;0.0;4.6;213.1
4;2018-11-02 23:00:00;140.7;27.8;4.3;0.4;26322.3;11.8;215.4;381.0;15402.1;8.0;0.2;6.1;219.5
4;2018-11-03 00:00:00;268.9;38.1;5.2;0.5;51627.7;49.9;678.0;401.0;17653.1;3.7;0.0;5.9;91.2
4;2018-11-03 01:00:00;179.8;43.3;4.3;0.5;59078.8;21.3;269.5;410.7;17234.3;7.6;0.1;6.9;269.6
4;2018-11-03 02:00:00;201.9;28.8;4.2;0.4;30018.4;12.1;207.2;282.3;14402.9;5.4;1.2;5.2;302.7
4;2018-11-03 03:00:00;249.4;33.6;31.6;0.5;53645.4;18.1;310.0;505.5;110282.3;26.1;0.1;6.2;207.0
4;2018-11-03 04:00:00;330.1;71.1;8.9;2.4;94178.7;22.8;1144.4;727.6;19783.8;14.8;6.7;11.4;957.3
4;2018-11-03 05:00:00;247.9;50.5;6.4;0.9;90437.2;20.9;1417.2;659.6;17448.0;19.0;2.7;9.8;730.0
4;2018-11-03 06:00:00;149.9;32.1;11.1;0.5;74510.9;13.7;267.5;437.5;17476.6;14.9;0.1;6.2;341.6
4;2018-11-03 07:00:00;283.6;38.5;8.8;1.6;126888.4;18.3;396.1;696.1;20796.0;27.5;4.2;8.0;235.4
4;2018-11-03 08:00:00;468.3;43.8;11.3;6.0;76845.5;24.8;368.8;985.9;7346.1;38.8;21.6;10.0;623.6
4;2018-11-03 09:00:00;293.7;51.1;8.0;1.0;62856.8;18.5;218.8;733.8;48300.4;21.3;1.6;9.5;412.5
4;2018-11-03 10:00:00;207.0;29.9;5.2;0.5;49905.5;10.3;9496.8;373.3;14928.0;26.2;1.6;5.8;297.5
4;2018-11-03 11:00:00;387.7;56.5;5.8;4.5;78358.2;17.5;145.1;651.1;28296.8;23.1;25.6;8.9;420.0
4;2018-11-03 12:00:00;234.7;47.6;3.5;0.7;71176.0;11.3;153.0;369.9;17601.1;17.8;2.7;7.2;279.9
4;2018-11-03 13:00:00;247.6;39.0;4.4;0.5;67559.6;8.1;13822.1;250.4;19323.8;31.6;1.4;6.5;565.8
4;2018-11-03 14:00:00;1038.0;29.0;3.0;0.4;61700.9;9.9;13744.6;232.3;15368.6;11.5;0.0;5.2;618.4
4;2018-11-03 15:00:00;173.5;36.6;3.5;0.5;44304.3;7.6;13242.2;288.1;16957.1;6.7;0.2;6.9;554.3
4;2018-11-03 16:00:00;194.1;25.5;3.1;0.4;32458.6;5.5;14448.1;185.1;15494.4;4.4;0.1;4.9;555.7
4;2018-11-03 17:00:00;172.6;34.4;4.9;0.5;32862.1;6.2;17226.6;199.6;18368.8;8.9;0.5;7.2;511.6
4;2018-11-03 18:00:00;158.9;34.5;4.2;0.4;42266.0;5.8;15303.9;184.8;21906.3;3.1;0.3;5.8;573.9
4;2018-11-03 19:00:00;94.8;24.5;3.1;0.3;32306.3;6.5;20900.2;257.7;18762.8;2.3;0.0;4.1;493.8
4;2018-11-03 20:00:00;73.3;21.4;2.9;0.3;35555.3;5.3;20382.9;186.9;30619.6;3.1;0.0;3.5;453.2
4;2018-11-03 21:00:00;172.7;33.2;3.8;0.4;41880.8;7.3;24144.7;219.0;21394.2;6.8;0.5;4.8;623.9
4;2018-11-03 22:00:00;90.9;20.0;2.0;0.3;50820.4;5.6;27229.1;165.5;19330.9;3.4;0.0;3.4;486.2
4;2018-11-03 23:00:00;84.8;20.7;2.4;0.3;35496.3;5.7;19329.9;174.7;16832.1;6.0;0.0;3.9;575.7
4;2018-11-04 00:00:00;356.5;59.4;7.3;0.8;82723.8;61.7;17584.6;593.4;22493.8;7.4;2.2;12.3;519.1
4;2018-11-04 01:00:00;388.9;60.7;11.4;0.9;92025.1;60.1;14140.2;704.7;21185.7;3.8;0.2;12.5;703.9
4;2018-11-04 02:00:00;278.3;53.8;16.2;0.8;55999.2;29.3;13947.5;495.6;24262.4;5.1;0.1;10.9;718.4
4;2018-11-04 03:00:00;380.3;64.4;39.5;1.1;60965.2;19.2;21601.2;431.7;75851.2;10.1;0.4;12.8;714.2
4;2018-11-04 04:00:00;277.3;64.0;15.5;1.0;111870.0;27.2;22370.9;559.6;20357.1;11.7;0.1;9.9;845.2
4;2018-11-04 05:00:00;282.3;58.9;11.9;2.1;88283.7;23.7;21717.7;692.0;17524.8;12.7;2.7;11.3;724.8
4;2018-11-04 06:00:00;316.3;58.7;13.4;1.0;72915.7;23.2;15560.5;668.8;22709.7;11.1;1.9;10.3;784.4
4;2018-11-04 07:00:00;203.9;48.2;12.3;0.7;65700.4;15.4;15580.8;359.8;18603.4;7.6;0.0;10.8;640.4
4;2018-11-04 08:00:00;483.5;88.7;14.0;11.4;87336.3;38.4;17287.8;1256.5;49289.3;33.7;3.7;14.5;766.1
4;2018-11-04 09:00:00;298.9;64.0;10.8;1.8;52292.7;27.9;15784.5;918.6;17926.6;18.1;0.1;10.2;717.6
4;2018-11-04 10:00:00;383.4;85.1;8.8;9.3;106463.8;26.2;14011.1;874.9;26894.2;21.6;1.1;13.7;602.1
4;2018-11-04 11:00:00;147.9;43.7;7.7;0.6;62872.1;16.2;19241.0;465.4;34278.2;6.7;0.0;8.7;706.9
4;2018-11-04 12:00:00;224.3;55.0;7.8;0.7;55388.7;13.1;19522.3;412.2;28455.2;5.2;0.0;8.7;570.8
4;2018-11-04 13:00:00;190.0;50.5;4.2;0.9;75833.1;12.2;18188.2;501.0;17286.6;7.7;0.0;9.2;580.8
4;2018-11-04 14:00:00;199.1;29.1;4.4;0.4;41922.5;9.5;18246.0;313.5;13039.8;9.4;0.0;5.5;603.7
4;2018-11-04 15:00:00;249.7;54.5;5.5;1.1;34072.5;11.6;16904.8;495.0;16089.8;2.1;0.0;9.0;689.7
4;2018-11-04 16:00:00;162.5;42.3;5.5;0.5;44723.9;9.6;18323.7;304.2;21767.6;5.1;0.0;6.9;514.3
4;2018-11-04 17:00:00;160.3;37.4;3.7;0.5;48691.9;9.3;19648.8;328.9;23825.1;7.6;0.2;6.5;524.5
4;2018-11-04 18:00:00;195.0;37.0;3.3;0.4;63273.9;13.2;19315.5;331.7;38322.9;5.7;0.0;5.9;564.8
4;2018-11-04 19:00:00;126.0;29.6;2.4;0.4;46008.1;9.2;21951.6;264.2;19810.6;2.6;0.1;5.1;587.3
4;2018-11-04 20:00:00;108.8;21.7;3.2;0.3;42957.0;8.3;20168.4;197.7;34032.5;2.1;0.1;3.7;341.6
4;2018-11-04 21:00:00;128.3;34.3;4.7;0.5;38678.2;9.9;260.3;259.2;30842.7;3.8;0.1;5.9;36.3
4;2018-11-04 22:00:00;116.1;26.5;2.0;0.3;46776.3;7.8;164.3;197.5;18250.9;1.1;0.1;4.7;99.9
4;2018-11-04 23:00:00;85.1;17.0;2.9;0.3;32989.6;7.4;175.0;158.7;18123.8;1.3;0.0;3.6;55.1
4;2018-11-05 00:00:00;278.4;57.1;5.4;0.7;61507.3;48.3;810.9;436.0;25649.4;0.9;0.2;9.7;194.7
4;2018-11-05 01:00:00;267.4;63.0;6.6;0.7;80800.0;37.3;333.7;455.1;24947.2;3.0;0.0;11.1;264.7
4;2018-11-05 02:00:00;169.3;37.5;3.9;0.5;29397.3;14.6;225.2;280.8;20299.0;2.8;0.5;7.2;295.9
4;2018-11-05 03:00:00;310.0;45.5;52.9;1.0;75319.9;17.3;222.3;461.2;123515.5;9.4;1.1;8.2;247.3
4;2018-11-05 04:00:00;313.1;56.3;7.1;1.0;102727.9;21.1;736.6;618.4;10357.9;13.5;3.9;9.6;780.7
4;2018-11-05 05:00:00;201.8;26.9;5.2;0.4;69695.7;19.1;807.9;562.5;24460.2;29.5;0.0;6.4;348.4
4;2018-11-05 06:00:00;500.3;69.7;17.6;2.1;66430.2;20.8;183.0;685.6;22409.3;16.6;4.2;14.1;456.5
4;2018-11-05 07:00:00;274.3;49.8;6.0;0.7;78726.0;33.5;373.0;1190.1;21787.7;40.5;1.6;9.1;455.7
4;2018-11-05 08:00:00;257.7;55.9;6.6;0.8;75627.0;24.0;1091.4;718.5;37193.1;41.6;0.7;9.0;434.1
4;2018-11-05 09:00:00;273.7;51.1;8.5;1.5;47148.7;20.1;1158.4;692.5;39202.4;37.0;4.1;11.0;421.5
4;2018-11-05 10:00:00;249.2;32.8;4.4;0.8;47874.1;13.5;1161.2;444.4;19613.2;24.8;2.4;5.9;359.4
4;2018-11-05 11:00:00;321.5;66.2;5.9;2.3;68354.5;20.3;971.9;651.3;38480.4;20.2;11.9;10.2;476.0
4;2018-11-05 12:00:00;239.7;38.6;4.2;0.6;34940.5;13.4;629.9;411.1;21798.9;20.3;2.5;6.4;286.0
4;2018-11-05 13:00:00;224.3;26.6;6.6;0.5;43170.2;10.2;170.1;286.5;21705.3;19.0;3.1;6.9;287.4
4;2018-11-05 14:00:00;179.3;29.2;6.5;0.4;34803.3;12.9;143.0;368.1;18905.4;18.3;0.5;6.3;341.4
4;2018-11-05 15:00:00;116.2;21.4;3.1;0.4;29639.4;10.0;156.1;299.6;18487.4;7.6;0.0;4.7;97.0
4;2018-11-05 16:00:00;119.6;20.8;3.7;0.4;50506.6;8.9;127.0;235.3;16758.2;16.8;0.2;5.5;296.1
4;2018-11-05 17:00:00;127.3;22.3;3.2;0.4;59218.0;8.3;134.1;206.5;18155.5;16.5;0.1;4.8;262.6
4;2018-11-05 18:00:00;178.0;34.8;4.0;0.4;47825.7;10.8;118.1;288.5;21199.8;16.6;0.2;6.1;264.4
4;2018-11-05 19:00:00;64.9;14.8;1.8;0.3;28444.3;8.1;123.9;229.0;16889.0;0.3;0.0;3.6;204.2
4;2018-11-05 20:00:00;136.1;20.2;3.7;0.4;22661.0;8.3;116.0;207.7;16725.3;1.6;0.1;4.8;172.8
4;2018-11-05 21:00:00;190.9;36.5;4.0;0.7;40986.1;8.6;235.7;358.3;20885.0;4.3;2.4;6.7;177.9
4;2018-11-05 22:00:00;166.2;28.9;2.8;0.4;25215.0;8.4;122.0;227.3;21170.5;1.9;0.2;5.1;276.7
4;2018-11-05 23:00:00;79.1;12.8;1.5;0.3;24958.3;6.8;164.2;141.3;15576.5;2.2;0.0;3.0;71.5
4;2018-11-06 00:00:00;316.2;74.9;13.0;1.0;76317.5;41.5;795.5;573.4;20500.9;1.9;2.1;13.6;383.4
4;2018-11-06 01:00:00;270.7;69.3;16.2;0.9;88509.0;40.7;463.9;611.4;15050.4;0.8;2.1;13.7;663.1
4;2018-11-06 02:00:00;353.9;65.8;19.5;1.5;48556.5;28.2;214.2;499.2;8371.5;2.4;0.8;13.3;580.9
4;2018-11-06 03:00:00;309.6;31.5;51.9;0.5;106245.3;19.7;191.8;405.5;86328.3;5.5;0.1;7.0;329.0
4;2018-11-06 04:00:00;316.8;48.5;26.4;0.7;80994.2;25.4;1184.0;649.0;60467.8;8.9;0.9;9.6;499.6
4;2018-11-06 05:00:00;272.0;51.3;7.2;1.2;74401.9;25.9;647.7;728.5;20470.5;16.2;0.8;10.0;340.8
4;2018-11-06 06:00:00;395.1;36.1;9.3;0.9;93846.3;20.9;259.8;695.0;18894.5;21.1;6.9;8.1;495.1
4;2018-11-06 07:00:00;463.4;42.8;5.9;2.7;128787.6;30.6;303.1;1078.2;8612.1;31.9;14.8;8.3;296.1
4;2018-11-06 08:00:00;301.4;53.0;7.5;1.0;78218.3;25.6;325.5;890.4;22200.5;47.2;4.4;9.4;337.8
4;2018-11-06 09:00:00;228.5;49.3;11.5;0.8;59489.2;23.0;341.0;601.7;28349.0;20.0;2.3;9.6;401.9
4;2018-11-06 10:00:00;166.9;37.3;14.2;0.5;64011.5;18.9;316.8;469.6;38883.8;4.9;0.0;6.4;196.2
4;2018-11-06 11:00:00;330.1;45.8;14.3;0.7;59724.0;25.2;722.1;716.6;27601.6;7.3;0.4;9.3;348.7
4;2018-11-06 12:00:00;330.8;46.0;14.0;0.7;49463.7;26.7;1011.4;684.6;28416.4;4.7;0.3;9.7;239.7
4;2018-11-06 13:00:00;238.0;40.4;10.7;0.6;63662.3;23.7;1046.2;685.1;23802.8;7.3;0.2;8.8;311.7
4;2018-11-06 14:00:00;227.9;46.7;9.5;0.7;66763.8;22.5;914.6;614.1;24511.2;2.7;0.1;10.2;292.9
4;2018-11-06 15:00:00;176.9;36.7;10.3;0.5;59180.3;24.2;1232.1;760.2;12387.8;4.8;0.1;7.9;349.8
4;2018-11-06 16:00:00;232.4;31.2;11.2;0.5;39944.2;24.2;928.8;609.1;29249.2;8.6;0.1;5.7;97.8
4;2018-11-06 17:00:00;192.0;29.8;9.2;0.5;54711.4;21.3;230.0;549.0;17666.9;6.4;0.0;7.4;109.5
4;2018-11-06 18:00:00;230.5;51.8;9.1;0.6;71747.0;25.0;220.2;654.5;27192.2;5.6;0.4;9.1;158.7
4;2018-11-06 19:00:00;79.1;13.6;6.1;0.4;45786.2;14.8;174.9;383.2;3547.9;4.4;0.0;4.6;72.7
4;2018-11-06 20:00:00;195.5;25.0;8.3;0.5;55662.6;22.9;399.0;510.8;32903.4;12.9;0.2;7.1;304.7
4;2018-11-06 21:00:00;249.2;43.9;17.5;0.7;83766.5;27.5;381.2;711.5;28826.8;8.8;0.1;10.5;219.3
4;2018-11-06 22:00:00;126.9;18.9;8.5;0.5;74882.5;22.0;346.8;482.1;17018.5;11.4;0.0;5.6;101.5
4;2018-11-06 23:00:00;276.6;22.9;9.8;0.5;68278.8;23.5;345.7;507.2;20447.3;9.7;0.0;7.1;75.4
4;2018-11-07 00:00:00;270.9;41.1;10.8;0.6;73897.4;48.5;418.3;688.8;20818.7;10.7;0.0;8.2;236.9
4;2018-11-07 01:00:00;443.9;50.9;20.5;0.8;94507.5;51.7;366.4;765.9;23924.9;1.6;0.3;10.9;292.4
4;2018-11-07 02:00:00;290.7;46.3;16.6;0.8;76549.0;35.2;223.8;710.5;12202.3;3.2;0.0;11.2;104.5
4;2018-11-07 03:00:00;412.0;37.8;31.6;0.6;86802.8;23.2;235.7;693.3;79664.8;8.6;0.0;7.7;148.5
4;2018-11-07 04:00:00;365.1;69.4;27.8;5.5;119166.8;31.6;660.1;778.3;56447.6;14.5;2.1;11.2;405.9
4;2018-11-07 05:00:00;290.7;66.5;8.3;2.0;118375.0;28.9;1017.0;793.0;5200.1;10.6;1.2;11.6;576.6
4;2018-11-07 06:00:00;318.2;54.6;8.4;0.8;92322.1;27.3;644.8;828.7;14851.9;21.1;0.1;11.4;326.2
4;2018-11-07 07:00:00;316.5;55.2;10.3;1.2;82661.5;24.6;262.0;722.8;20218.7;27.3;1.5;11.1;396.2
4;2018-11-07 08:00:00;274.1;44.4;10.4;1.0;67107.2;26.7;356.8;660.2;20457.1;24.3;0.5;8.8;403.5
4;2018-11-07 09:00:00;374.8;77.4;18.0;3.4;104773.8;34.1;471.5;903.4;41933.6;22.6;3.7;14.0;561.4
4;2018-11-07 10:00:00;448.7;54.7;15.1;2.3;99874.3;39.7;215.2;1242.3;20319.8;26.1;1.9;12.5;455.3
4;2018-11-07 11:00:00;388.1;65.6;19.2;2.3;81334.0;41.7;315.7;1181.9;19649.7;27.9;5.0;12.3;551.7
4;2018-11-07 12:00:00;390.8;74.2;13.0;4.2;116765.8;40.0;318.6;1365.1;25373.8;29.7;6.2;12.1;467.5
4;2018-11-07 13:00:00;409.1;84.2;12.1;8.7;105964.1;37.1;719.5;1251.5;18744.5;22.9;10.9;12.8;371.4
4;2018-11-07 14:00:00;409.3;76.4;13.7;3.1;83886.5;32.9;923.3;907.5;19666.9;19.1;7.0;12.7;456.5
4;2018-11-07 15:00:00;279.5;77.9;12.4;1.9;67861.1;25.1;956.5;731.1;20989.9;15.8;1.5;13.1;405.0
4;2018-11-07 16:00:00;378.7;86.9;17.7;6.2;98984.5;23.8;622.6;738.9;24711.2;16.5;7.2;15.5;340.4
4;2018-11-07 17:00:00;263.6;76.1;16.3;1.4;65099.4;22.3;854.1;654.7;20597.2;15.5;0.4;15.6;371.2
4;2018-11-07 18:00:00;290.3;52.3;11.7;1.5;85430.0;20.0;1010.4;508.3;17433.7;17.1;4.2;9.7;362.2
4;2018-11-07 19:00:00;390.8;60.4;16.8;2.5;96973.1;22.1;815.1;615.8;19529.8;13.6;2.6;11.8;306.0
4;2018-11-07 20:00:00;237.2;44.3;15.5;0.6;77729.8;18.6;203.0;444.2;34940.8;20.4;0.1;9.4;187.5
4;2018-11-07 21:00:00;282.2;61.2;21.7;0.9;73503.4;26.2;251.3;589.0;28542.4;6.9;0.2;11.8;329.0
4;2018-11-07 22:00:00;213.0;43.1;12.1;0.6;59537.3;20.0;285.2;508.5;18913.3;8.9;0.0;8.5;142.1
4;2018-11-07 23:00:00;296.3;28.1;11.0;0.5;66191.3;12.8;231.4;384.3;16063.7;8.0;0.0;7.2;262.5
4;2018-11-08 00:00:00;354.9;90.6;12.2;6.2;108126.7;54.3;559.5;857.9;19542.1;7.3;2.3;15.2;279.9
4;2018-11-08 01:00:00;370.1;78.4;14.4;2.7;84818.8;51.6;603.2;876.1;23720.6;1.5;3.7;15.1;596.5
4;2018-11-08 02:00:00;376.3;82.7;18.0;2.9;84132.2;41.6;299.4;743.9;20460.0;2.5;0.4;15.8;474.7
4;2018-11-08 03:00:00;581.5;71.6;19.4;2.7;93336.8;38.9;210.5;901.9;84392.6;7.4;5.8;13.1;413.6
4;2018-11-08 04:00:00;445.5;78.9;43.6;1.9;104888.7;42.3;326.4;1042.5;104020.6;16.9;0.3;13.5;444.4
4;2018-11-08 05:00:00;305.5;62.4;13.5;1.4;110762.5;33.6;1356.5;815.7;23890.8;13.8;0.2;11.2;566.1
4;2018-11-08 06:00:00;322.7;62.5;15.3;1.0;105446.3;29.6;709.4;890.0;19549.3;8.0;1.1;12.4;732.8
4;2018-11-08 07:00:00;309.4;66.3;11.7;1.5;76726.3;28.5;611.8;803.2;24106.0;24.8;1.6;13.1;758.3
4;2018-11-08 08:00:00;438.8;55.9;15.1;2.8;90701.0;29.8;580.1;733.6;26127.2;23.3;4.1;11.3;793.7
4;2018-11-08 09:00:00;432.1;46.7;17.8;0.9;84879.8;30.8;566.0;734.5;31153.8;13.5;0.6;9.2;386.8
4;2018-11-08 10:00:00;394.5;60.6;26.6;1.2;113264.7;43.7;289.0;1447.3;36149.4;16.5;0.8;13.7;853.7
4;2018-11-08 11:00:00;477.1;67.7;15.4;3.4;87236.9;34.3;399.8;1007.4;20804.1;17.0;3.0;12.0;417.6
4;2018-11-08 12:00:00;373.5;75.0;9.8;3.0;67119.3;37.4;941.7;1086.1;13593.3;9.8;6.7;12.3;282.8
4;2018-11-08 13:00:00;381.6;70.3;14.2;2.8;60358.0;32.8;1394.6;838.4;27856.9;7.0;3.3;11.7;309.1
4;2018-11-08 14:00:00;372.4;70.1;21.5;1.7;65138.6;31.6;990.3;711.5;38722.1;5.4;1.0;11.6;311.0
4;2018-11-08 15:00:00;290.2;68.0;8.3;1.6;58130.6;28.1;532.4;719.3;24076.5;17.5;0.7;11.4;330.3
4;2018-11-08 16:00:00;271.7;60.6;14.8;0.9;89777.2;30.5;369.7;657.9;20936.5;4.4;0.2;12.1;309.0
4;2018-11-08 17:00:00;199.5;41.9;6.3;0.5;62715.1;21.1;824.7;504.6;23616.4;7.3;0.0;7.4;149.1
4;2018-11-08 18:00:00;216.5;52.9;5.3;0.7;57902.3;22.4;973.4;506.0;18526.2;5.8;0.2;8.4;296.6
4;2018-11-08 19:00:00;286.1;41.5;7.2;0.6;66092.2;24.8;742.7;491.7;20755.8;2.7;0.0;8.6;226.0
4;2018-11-08 20:00:00;217.5;46.4;5.9;0.7;74176.4;24.0;220.0;556.9;35217.6;8.4;0.2;8.3;356.4
4;2018-11-08 21:00:00;194.5;42.6;7.8;0.7;53791.1;22.5;181.7;500.4;28766.9;6.1;0.3;7.8;234.3
4;2018-11-08 22:00:00;230.4;35.3;5.0;0.6;67111.1;18.7;301.8;415.1;16814.4;8.4;0.3;8.2;272.3
4;2018-11-08 23:00:00;285.3;32.3;3.7;0.5;34617.0;19.1;312.1;447.7;23604.8;7.3;0.0;6.5;144.6
4;2018-11-09 00:00:00;349.6;45.2;5.1;0.6;49537.4;68.9;735.1;672.0;23580.2;5.8;0.1;8.4;227.0
4;2018-11-09 01:00:00;353.9;56.3;7.2;0.8;61384.3;49.9;377.3;622.4;23907.5;4.8;0.2;10.1;435.7
4;2018-11-09 02:00:00;187.7;40.5;6.3;0.6;47277.1;24.5;263.6;483.3;22342.8;2.6;0.1;8.9;162.1
4;2018-11-09 03:00:00;341.2;39.9;34.3;0.7;61895.4;25.9;355.7;848.0;88866.7;11.0;0.9;7.7;178.3
4;2018-11-09 04:00:00;310.3;55.1;11.6;1.5;74172.0;34.4;626.5;752.0;30341.9;8.0;0.1;10.6;463.4
4;2018-11-09 05:00:00;315.8;58.4;7.3;0.7;74955.3;29.0;1119.0;691.3;20600.3;8.7;1.9;10.5;343.5
4;2018-11-09 06:00:00;452.5;62.2;7.3;2.1;89231.5;27.3;689.6;876.5;32181.1;13.3;10.0;11.8;847.4
4;2018-11-09 07:00:00;132.7;32.6;7.3;0.5;86672.6;13.7;377.0;382.6;21330.5;11.3;0.1;6.8;325.1
4;2018-11-09 08:00:00;285.8;42.3;13.6;0.7;58313.8;24.9;230.5;879.7;42617.8;26.9;1.1;8.9;383.5
4;2018-11-09 09:00:00;356.2;38.2;9.5;0.8;69403.1;30.6;271.4;943.2;39687.7;30.6;0.2;9.6;338.8
4;2018-11-09 10:00:00;201.2;48.8;6.5;0.6;73768.4;28.9;272.9;577.5;21050.5;11.3;0.0;9.0;328.7
4;2018-11-09 11:00:00;270.9;63.1;6.7;1.3;68490.5;27.2;311.5;685.5;22479.7;30.6;1.2;10.4;378.3
4;2018-11-09 12:00:00;213.0;50.6;6.0;0.7;83676.6;30.4;345.2;726.6;21626.6;11.6;0.4;9.1;416.0
4;2018-11-09 13:00:00;174.9;41.3;6.0;0.5;71635.1;25.6;194.1;710.9;15081.2;6.4;0.2;7.8;268.2
4;2018-11-09 14:00:00;154.6;44.3;4.1;0.5;71033.5;22.9;449.7;599.9;16521.1;1.6;0.1;7.4;397.6
4;2018-11-09 15:00:00;153.4;30.9;5.3;0.5;63012.5;20.4;206.7;569.3;20658.2;3.7;0.0;6.6;224.4
4;2018-11-09 16:00:00;428.2;29.4;6.0;0.5;36870.9;18.6;240.9;484.1;21674.9;11.5;0.1;6.5;103.9
4;2018-11-09 17:00:00;267.2;34.8;4.5;0.5;32708.4;18.2;254.2;485.8;17086.9;5.1;0.1;6.9;185.1
4;2018-11-09 18:00:00;258.5;43.9;5.7;0.8;32065.2;15.5;289.5;386.0;21993.0;6.6;0.7;7.9;214.3
4;2018-11-09 19:00:00;211.0;38.1;4.5;0.6;62184.0;13.7;313.0;317.8;22369.2;3.3;0.3;7.7;231.5
4;2018-11-09 20:00:00;189.3;34.5;7.7;0.5;61219.2;13.1;149.1;337.0;13931.3;7.7;0.2;7.9;397.9
4;2018-11-09 21:00:00;169.9;43.0;6.7;0.6;56071.7;14.5;161.0;389.8;28432.0;5.7;0.1;7.4;149.4
4;2018-11-09 22:00:00;127.1;30.5;3.2;0.5;30093.2;11.3;122.0;300.2;21091.3;13.6;0.3;6.5;214.2
4;2018-11-09 23:00:00;371.8;20.0;3.4;0.4;20338.2;12.9;128.9;337.1;22273.0;10.1;0.0;5.2;63.5
4;2018-11-10 00:00:00;299.9;44.2;6.0;0.6;42085.1;52.1;399.9;430.9;20919.7;4.5;0.0;8.0;56.4
4;2018-11-10 01:00:00;256.8;35.9;4.4;0.5;15995.9;42.9;226.0;393.6;20886.0;3.0;0.1;7.2;209.8
4;2018-11-10 02:00:00;178.7;33.2;7.4;0.5;26705.2;14.2;194.7;337.1;29708.4;5.2;0.0;7.1;74.2
4;2018-11-10 03:00:00;301.5;35.2;36.6;0.6;45155.9;16.2;225.7;443.7;101713.9;11.8;0.2;8.2;202.2
4;2018-11-10 04:00:00;186.1;50.4;4.6;0.6;65664.6;21.8;941.2;576.0;14948.3;11.4;0.2;9.3;337.9
4;2018-11-10 05:00:00;190.0;45.8;5.1;0.7;99431.4;17.8;838.5;618.5;4468.6;11.5;0.2;9.8;541.0
4;2018-11-10 06:00:00;157.0;35.6;4.6;0.5;52184.7;19.6;207.1;515.6;18664.9;18.3;0.1;7.3;372.3
4;2018-11-10 07:00:00;160.2;31.3;5.0;0.5;27818.6;12.9;252.4;355.1;21982.8;7.7;0.0;7.7;85.2
4;2018-11-10 08:00:00;382.6;53.4;7.7;2.9;62413.9;20.9;192.5;879.5;18732.7;21.9;9.5;11.0;526.3
4;2018-11-10 09:00:00;262.2;54.7;5.9;1.3;69603.4;17.4;217.2;602.4;29742.2;23.1;2.5;10.2;201.1
4;2018-11-10 10:00:00;240.1;36.9;4.2;0.5;20825.9;12.3;167.2;294.6;23366.9;16.4;0.3;7.9;268.3
4;2018-11-10 11:00:00;238.6;45.9;6.5;0.6;22611.6;14.0;260.3;367.2;26699.8;16.5;0.4;8.5;351.7
4;2018-11-10 12:00:00;247.6;33.4;4.6;0.5;28446.2;13.1;264.2;330.3;36774.4;19.2;1.2;6.8;134.0
4;2018-11-10 13:00:00;224.6;46.4;6.9;0.8;64017.7;15.2;212.9;482.8;17531.0;19.0;2.8;9.8;791.7
4;2018-11-10 14:00:00;298.4;50.2;7.7;2.6;31748.0;16.9;273.1;521.1;21040.8;25.0;3.9;8.9;785.8
4;2018-11-10 15:00:00;151.4;50.0;6.5;0.5;50447.7;11.9;212.9;299.2;26846.6;9.6;0.1;7.3;489.9
4;2018-11-10 16:00:00;139.7;43.7;5.6;0.5;38528.0;12.9;172.7;380.5;23735.1;12.9;0.0;6.3;533.2
4;2018-11-10 17:00:00;141.8;40.8;3.5;0.5;33498.9;10.8;153.0;264.2;22634.3;11.0;0.1;6.7;623.0
4;2018-11-10 18:00:00;187.7;37.4;4.0;0.5;38960.5;10.1;162.6;248.8;23732.8;6.6;0.0;6.4;561.7
4;2018-11-10 19:00:00;255.0;25.8;3.6;0.4;28525.9;12.8;238.0;235.9;20656.3;3.4;0.0;4.9;714.4
4;2018-11-10 20:00:00;65.7;23.9;2.8;0.3;26516.6;10.4;181.6;205.9;20179.9;14.2;0.0;4.2;608.4
4;2018-11-10 21:00:00;124.9;34.0;4.5;0.5;61571.7;10.9;209.7;273.8;18497.1;9.7;0.1;6.0;587.9
4;2018-11-10 22:00:00;87.3;27.0;5.6;0.3;27231.6;10.2;143.1;204.2;21591.6;11.0;0.0;4.5;557.0
4;2018-11-10 23:00:00;157.3;38.3;3.6;0.5;32944.3;11.1;218.9;249.5;23842.7;7.3;0.2;6.7;769.1
4;2018-11-11 00:00:00;406.2;71.8;11.5;1.2;73245.0;63.0;532.3;736.3;25907.3;1.8;0.9;14.8;464.6
4;2018-11-11 01:00:00;385.1;65.7;6.8;1.0;71259.7;56.4;511.6;712.8;23810.5;1.8;0.1;12.5;734.8
4;2018-11-11 02:00:00;240.8;64.5;13.7;0.9;62574.9;35.9;251.6;577.3;18321.1;2.3;0.3;11.2;823.5
4;2018-11-11 03:00:00;284.0;52.0;32.7;0.7;65332.8;17.6;368.4;450.3;73208.7;6.5;0.3;8.8;674.8
4;2018-11-11 04:00:00;411.7;79.0;27.8;2.1;104146.8;31.2;777.2;807.2;84955.2;9.7;0.5;13.7;637.4
4;2018-11-11 05:00:00;196.0;65.1;7.4;1.1;74497.4;24.5;656.0;583.7;5959.4;12.6;0.0;11.8;737.8
4;2018-11-11 06:00:00;413.7;59.7;12.6;1.6;76014.5;26.3;361.9;792.3;19692.4;23.6;0.1;13.1;842.3
4;2018-11-11 07:00:00;241.3;62.5;5.8;1.0;59368.3;18.7;396.8;538.7;23597.1;17.8;0.0;11.7;654.0
4;2018-11-11 08:00:00;331.8;70.0;8.0;1.7;83340.3;21.8;315.9;527.1;22823.5;13.7;0.1;10.7;730.0
4;2018-11-11 09:00:00;399.6;70.5;10.4;7.9;75177.1;28.2;377.0;961.4;7194.8;18.4;1.0;12.2;812.9
4;2018-11-11 10:00:00;225.6;64.8;11.3;1.3;57238.8;29.6;396.1;1073.9;21252.8;16.3;0.0;12.2;754.9
4;2018-11-11 11:00:00;235.0;51.9;6.3;0.9;51161.4;19.2;310.6;681.4;20065.5;28.6;0.0;10.5;650.2
4;2018-11-11 12:00:00;273.9;84.7;6.3;7.8;44410.7;26.1;256.1;851.7;22367.2;7.8;0.2;12.6;588.1
4;2018-11-11 13:00:00;245.5;64.0;6.6;1.1;75018.5;21.4;164.8;771.0;17613.8;10.9;0.0;10.8;566.6
4;2018-11-11 14:00:00;223.1;59.3;3.8;1.0;57632.0;17.9;201.1;627.0;17610.7;6.2;0.0;8.0;650.5
4;2018-11-11 15:00:00;253.6;65.2;3.5;1.5;49589.7;16.2;173.6;636.7;16569.7;4.1;0.0;9.1;667.3
4;2018-11-11 16:00:00;221.3;70.8;8.3;1.8;63317.3;18.7;151.8;680.9;17223.2;3.4;0.0;11.0;493.1
4;2018-11-11 17:00:00;253.4;61.5;8.5;1.1;44902.7;19.1;133.1;575.5;15722.2;5.8;0.4;10.5;466.3
4;2018-11-11 18:00:00;229.3;74.9;8.3;1.6;38377.6;19.5;160.7;587.8;19480.6;4.3;1.8;9.1;412.4
4;2018-11-11 19:00:00;183.7;50.7;4.0;0.7;40863.1;16.2;110.1;544.3;15495.4;1.2;0.1;8.0;426.8
4;2018-11-11 20:00:00;197.1;56.8;7.5;0.8;53847.4;17.3;122.0;593.4;39056.8;3.6;0.2;9.1;491.2
4;2018-11-11 21:00:00;200.4;51.7;5.0;0.7;56946.1;16.0;135.9;569.0;17849.8;4.2;0.3;9.0;494.5
4;2018-11-11 22:00:00;156.0;49.8;3.4;0.7;61500.7;14.9;116.2;522.3;12434.8;1.3;0.0;8.3;567.0
4;2018-11-11 23:00:00;143.9;44.4;1.4;0.5;44531.8;12.6;153.6;470.5;11815.0;0.9;0.0;6.1;446.8
4;2018-11-12 00:00:00;240.7;76.7;4.1;2.1;77577.4;30.0;535.3;680.9;11356.2;0.7;0.2;11.3;451.6
4;2018-11-12 01:00:00;280.2;76.3;6.6;2.7;99801.2;34.8;268.0;752.2;17820.6;0.9;0.0;13.1;374.2
4;2018-11-12 02:00:00;244.7;62.2;9.4;1.0;51786.1;23.9;267.0;676.6;16636.9;5.3;0.7;12.9;101.8
4;2018-11-12 03:00:00;367.0;56.7;35.8;0.9;71176.2;20.1;207.9;764.1;84067.3;9.4;3.3;11.1;59.0
4;2018-11-12 04:00:00;352.8;58.6;17.1;0.9;77701.4;24.2;622.8;779.2;45527.4;7.8;0.6;10.1;289.8
4;2018-11-12 05:00:00;521.2;62.5;4.8;21.2;70951.1;36.2;479.7;1368.0;20747.6;8.5;57.9;12.6;101.7
4;2018-11-12 06:00:00;348.5;57.8;6.2;1.0;83775.1;32.3;357.6;1224.1;12376.0;15.5;2.1;10.8;273.9
4;2018-11-12 07:00:00;572.1;84.4;15.0;5.3;114568.1;32.9;299.3;990.0;27003.1;11.5;11.1;15.7;287.2
4;2018-11-12 08:00:00;2900.4;72.4;17.9;15.7;79956.7;32.1;203.0;963.5;18519.2;12.6;30.8;12.4;397.1
4;2018-11-12 09:00:00;458.8;76.0;9.5;4.2;82575.6;39.6;248.7;1213.7;40321.7;34.0;8.0;11.7;416.3
4;2018-11-12 10:00:00;858.4;68.4;11.0;3.5;89832.1;53.2;445.2;1174.4;15295.7;40.4;2.7;13.1;474.6
4;2018-11-12 11:00:00;1137.9;78.2;15.6;3.8;89260.8;48.9;543.2;1084.1;60255.1;134.2;4.7;14.6;755.3
4;2018-11-12 12:00:00;1046.7;60.7;10.1;0.8;75006.6;57.0;145.1;1202.4;35753.2;43.5;0.7;11.3;384.4
4;2018-11-12 13:00:00;536.5;76.8;11.4;4.7;78612.0;37.1;192.2;1137.1;23238.7;18.0;12.3;12.8;356.3
4;2018-11-12 14:00:00;432.5;88.7;8.0;11.4;72974.2;40.7;170.0;1326.4;22676.4;12.2;11.1;13.2;181.4
4;2018-11-12 15:00:00;353.0;85.1;9.0;12.9;75986.3;38.0;332.2;1224.7;17360.3;20.4;15.9;14.9;305.1
4;2018-11-12 16:00:00;351.0;62.8;9.3;1.6;73634.6;43.6;805.2;1232.6;17950.8;22.3;0.6;12.5;379.0
4;2018-11-12 17:00:00;276.9;70.9;9.0;2.5;70329.9;37.2;654.2;1174.6;17093.4;13.4;2.5;13.4;262.7
4;2018-11-12 18:00:00;493.4;61.8;11.1;2.7;67023.2;35.8;505.0;1196.1;19878.3;10.9;3.3;13.7;464.3
4;2018-11-12 19:00:00;302.3;58.9;7.5;1.2;101465.5;33.3;529.0;1099.6;16739.0;6.7;0.8;10.9;245.4
4;2018-11-12 20:00:00;704.7;58.8;11.4;1.4;58119.0;31.2;976.7;970.3;29246.3;14.5;1.7;10.5;510.6
4;2018-11-12 21:00:00;480.0;46.7;11.1;0.6;70409.0;28.7;814.8;946.1;19018.0;11.8;0.2;9.0;542.7
4;2018-11-12 22:00:00;984.9;54.5;14.5;0.7;76290.4;33.1;980.5;1196.8;16253.5;20.2;0.2;10.5;416.1
4;2018-11-12 23:00:00;274.3;38.0;11.9;0.7;68514.1;22.6;809.1;609.1;14515.8;6.8;0.4;8.3;275.9
4;2018-11-13 00:00:00;467.6;64.4;16.6;1.0;92929.4;87.1;779.3;1087.2;22679.9;10.7;4.9;13.4;211.1
4;2018-11-13 01:00:00;546.5;79.7;17.3;5.2;96083.9;78.1;419.9;1115.3;17431.2;1.7;9.2;16.1;339.4
4;2018-11-13 02:00:00;413.4;79.9;17.7;3.4;76057.8;65.7;235.0;1197.2;13850.4;2.1;14.8;15.6;456.3
4;2018-11-13 03:00:00;315.7;59.2;51.9;0.8;74057.7;40.7;291.9;805.1;100989.4;13.5;12.9;11.9;222.0
4;2018-11-13 04:00:00;315.3;73.4;25.7;2.2;84430.4;41.6;4996.9;955.9;33150.3;14.3;1.2;15.0;631.3
4;2018-11-13 05:00:00;235.5;53.5;18.5;0.7;87098.5;31.4;5069.5;822.1;25086.9;6.9;0.2;11.3;447.0
4;2018-11-13 06:00:00;277.5;46.6;11.5;0.7;84455.9;34.2;6689.8;858.4;22016.3;9.2;1.4;10.2;282.7
4;2018-11-13 07:00:00;360.5;63.1;23.5;1.5;77821.1;39.8;348.9;1001.1;29668.5;11.8;4.7;14.6;519.5
4;2018-11-13 08:00:00;256.3;40.1;15.2;0.7;76827.3;35.1;299.1;760.0;36120.7;19.0;1.4;10.1;216.6
4;2018-11-13 09:00:00;323.3;51.3;16.1;0.7;96509.9;33.7;190.9;816.6;40822.1;6.2;0.9;10.1;388.3
4;2018-11-13 10:00:00;299.4;48.0;14.1;0.7;58828.2;35.7;203.8;742.1;19719.9;12.8;8.7;11.2;425.8
4;2018-11-13 11:00:00;252.1;39.0;16.6;0.7;48011.5;36.6;235.3;780.1;45594.4;11.5;4.5;9.8;254.9
4;2018-11-13 12:00:00;335.9;79.3;6.2;6.1;92266.3;39.1;210.7;1004.5;31479.7;18.3;7.0;12.1;318.3
4;2018-11-13 13:00:00;290.8;53.0;8.9;1.3;138125.3;33.2;190.2;658.4;21640.8;6.5;21.1;11.4;363.4
4;2018-11-13 14:00:00;206.1;53.2;7.3;0.7;78812.2;35.1;241.8;723.8;19922.8;3.8;4.6;10.0;260.7
4;2018-11-13 15:00:00;236.4;48.5;8.4;0.8;77552.2;34.0;169.1;727.1;18187.5;6.9;8.2;9.8;288.6
4;2018-11-13 16:00:00;245.8;49.6;9.5;0.8;55823.5;33.9;184.6;600.0;18311.9;2.4;10.5;12.6;144.8
4;2018-11-13 17:00:00;243.3;45.1;11.7;0.8;48533.7;34.1;127.0;609.4;20755.3;0.7;5.0;13.0;94.3
4;2018-11-13 18:00:00;349.8;50.2;9.4;0.8;89389.5;29.8;172.2;562.7;21830.6;1.2;13.6;12.8;215.2
4;2018-11-13 19:00:00;252.8;41.9;11.8;0.6;66986.0;34.6;143.2;593.7;20093.8;2.5;22.5;9.3;159.5
4;2018-11-13 20:00:00;468.1;44.7;13.3;0.8;74603.7;33.8;170.2;812.3;17785.3;20.7;0.5;11.4;229.1
4;2018-11-13 21:00:00;294.1;60.7;22.4;2.6;62853.7;39.0;220.0;1060.2;18901.4;21.1;2.1;14.6;341.0
4;2018-11-13 22:00:00;289.2;57.3;14.3;1.5;75574.0;37.3;197.1;952.5;19628.6;21.4;0.4;12.8;276.0
4;2018-11-13 23:00:00;432.5;32.5;11.2;0.6;74062.5;38.3;137.1;939.0;19292.0;11.4;0.1;8.4;224.7
4;2018-11-14 00:00:00;442.2;63.4;13.3;1.2;97062.8;59.0;480.9;1068.6;20190.4;6.6;4.1;13.5;117.4
4;2018-11-14 01:00:00;540.8;74.3;18.0;1.4;117874.6;63.3;423.3;1169.7;24951.2;3.5;5.9;17.2;234.8
4;2018-11-14 02:00:00;465.4;71.7;20.6;1.6;112598.5;57.9;256.3;1075.8;15764.5;2.4;2.4;15.2;222.7
4;2018-11-14 03:00:00;420.9;79.6;26.3;2.0;103323.2;51.3;173.9;998.4;33042.8;7.7;9.1;17.0;346.5
4;2018-11-14 04:00:00;423.7;80.6;32.4;2.9;109111.8;55.5;465.6;1016.1;53195.4;12.5;0.8;16.3;387.8
4;2018-11-14 05:00:00;562.5;78.4;23.4;2.8;94942.8;52.1;676.0;1221.2;13474.0;11.2;0.1;15.0;427.0
4;2018-11-14 06:00:00;301.0;55.3;18.1;0.9;101296.5;47.8;536.0;1011.7;4209.1;8.5;0.0;12.0;231.8
4;2018-11-14 07:00:00;418.8;65.6;19.8;4.3;99290.0;45.2;177.8;1050.9;19977.2;25.7;1.6;15.6;432.8
4;2018-11-14 08:00:00;497.3;37.2;19.6;0.6;74377.6;37.2;171.2;821.3;21024.4;11.6;0.0;9.3;213.7
4;2018-11-14 09:00:00;353.5;59.5;18.0;1.1;105986.4;42.2;179.8;891.0;23712.7;15.1;0.2;15.3;411.7
4;2018-11-14 10:00:00;288.6;44.8;16.9;0.8;76864.2;42.7;257.8;770.1;37859.5;12.7;2.1;11.8;273.2
4;2018-11-14 11:00:00;408.5;62.4;23.0;0.9;80317.2;50.1;203.9;965.8;53232.8;5.7;0.9;15.3;176.2
4;2018-11-14 12:00:00;301.9;47.5;10.5;0.7;71383.6;41.0;213.6;915.2;28774.7;7.7;0.1;9.8;379.5
4;2018-11-14 13:00:00;276.1;37.5;11.5;0.7;89292.5;40.9;144.4;1023.9;4905.5;11.7;0.4;9.4;394.0
4;2018-11-14 14:00:00;316.4;40.9;9.9;0.6;91230.3;36.7;227.0;759.3;22778.7;8.2;0.1;9.4;215.0
4;2018-11-14 15:00:00;282.3;43.4;8.0;0.6;71957.2;38.0;209.3;720.5;19773.7;9.8;1.2;8.9;119.8
4;2018-11-14 16:00:00;260.4;32.3;6.4;0.6;59819.2;39.5;252.7;668.0;23270.4;10.3;0.1;8.3;126.0
4;2018-11-14 17:00:00;331.8;52.5;10.0;0.9;76480.6;47.7;218.8;1230.1;24727.6;21.5;0.7;12.4;454.5
4;2018-11-14 18:00:00;365.1;65.9;9.9;1.5;64362.4;44.1;185.9;1140.5;18226.9;13.2;1.2;13.2;247.4
4;2018-11-14 19:00:00;365.7;47.1;8.9;1.4;87381.8;38.7;245.2;852.9;20447.2;11.2;1.4;10.2;164.3
4;2018-11-14 20:00:00;278.6;38.4;8.0;0.6;63776.3;33.3;228.4;669.8;31333.2;7.7;0.3;9.8;182.4
4;2018-11-14 21:00:00;295.5;41.4;12.0;0.6;80926.2;29.6;284.9;604.1;49533.0;8.6;0.4;9.0;205.8
4;2018-11-14 22:00:00;214.1;25.8;9.4;0.5;54559.5;26.3;221.0;499.5;44935.5;1.8;0.1;7.1;25.9
4;2018-11-14 23:00:00;318.6;45.3;10.3;0.7;70069.4;27.4;250.0;604.3;64059.3;7.4;1.2;10.2;191.1
4;2018-11-16 00:00:00;355.8;43.2;33.7;0.6;68638.5;56.1;591.1;644.0;28831.5;7.4;0.0;9.0;107.7
4;2018-11-16 01:00:00;266.9;45.5;14.5;0.7;76649.6;37.2;278.3;598.2;21855.4;5.2;1.3;11.3;255.8
4;2018-11-16 02:00:00;281.7;50.0;20.5;0.7;73836.5;36.3;253.1;686.6;22121.9;7.4;0.1;11.6;243.4
4;2018-11-16 03:00:00;249.1;42.5;19.4;0.6;82384.5;25.4;327.0;556.2;49592.4;9.0;1.0;9.3;327.2
4;2018-11-16 04:00:00;270.4;67.3;15.8;2.4;68515.1;32.9;974.3;638.8;15366.7;8.6;0.0;12.1;562.6
4;2018-11-16 05:00:00;513.0;60.2;90.4;1.3;67674.0;41.2;1070.5;978.8;79467.2;19.1;0.3;12.7;405.6
4;2018-11-16 06:00:00;300.1;54.6;16.2;1.6;88543.3;33.3;539.3;955.1;34109.9;8.2;2.4;11.8;359.1
4;2018-11-16 07:00:00;231.5;43.5;17.7;0.6;73530.2;36.0;249.9;700.5;54724.4;23.4;0.2;9.8;278.3
4;2018-11-16 08:00:00;255.9;52.1;17.2;0.8;83692.8;35.4;275.1;775.4;43878.6;17.9;0.2;11.3;509.7
4;2018-11-16 09:00:00;269.8;57.5;15.3;0.9;83487.8;40.8;165.1;778.8;15441.3;17.4;4.0;10.7;464.5
4;2018-11-16 10:00:00;436.7;52.4;14.2;3.8;66927.4;46.8;254.4;1280.0;18094.9;15.4;3.9;10.9;404.5
4;2018-11-16 11:00:00;604.2;74.3;19.8;5.8;85912.2;45.4;261.6;1101.1;23099.6;21.4;4.9;15.9;636.6
4;2018-11-16 12:00:00;342.7;82.5;15.5;5.0;87303.0;44.1;262.7;1332.0;24951.9;28.4;4.6;14.1;412.2
4;2018-11-16 13:00:00;226.5;49.7;10.0;0.6;95856.4;40.5;274.3;1180.4;20608.5;14.0;0.0;9.1;278.3
4;2018-11-16 14:00:00;1353.4;76.4;11.1;3.3;114108.5;39.3;517.1;917.4;20656.5;17.4;1.8;11.1;383.6
4;2018-11-16 15:00:00;258.2;79.2;10.0;1.2;73273.5;36.6;503.0;914.4;21951.7;21.6;7.5;11.8;436.0
4;2018-11-16 16:00:00;503.8;59.8;7.4;3.1;60138.3;38.2;640.8;836.9;24043.7;19.2;1.1;9.9;344.8
4;2018-11-16 17:00:00;379.1;46.6;8.7;5.7;60281.6;32.1;587.2;643.7;24970.1;23.1;9.5;9.0;297.6
4;2018-11-16 18:00:00;384.0;38.2;8.9;1.1;68676.3;31.5;527.4;556.6;23876.1;22.4;0.9;8.3;223.0
4;2018-11-16 19:00:00;342.6;41.2;8.0;1.0;67996.6;32.1;489.7;543.9;24257.3;18.2;3.9;8.1;191.1
4;2018-11-16 20:00:00;158.9;24.5;10.4;0.5;54587.4;29.7;685.9;507.1;42564.2;15.8;0.0;6.1;147.1
4;2018-11-16 21:00:00;303.4;54.9;9.9;2.7;73170.3;29.5;683.5;689.2;31010.8;6.3;5.6;10.0;176.4
4;2018-11-16 22:00:00;152.5;36.1;5.3;0.5;37830.6;26.3;665.8;497.2;24044.4;7.9;0.1;7.2;229.3
4;2018-11-16 23:00:00;190.6;33.2;3.7;0.6;28147.6;18.6;626.7;376.0;23334.4;7.3;0.1;7.1;224.0
4;2018-11-17 00:00:00;149.5;26.5;14.0;0.5;49425.5;27.0;915.8;479.8;23236.5;7.4;0.1;6.5;88.3
4;2018-11-17 01:00:00;95.3;26.2;3.0;0.4;68675.8;18.5;760.6;387.2;18082.4;12.3;0.0;5.1;77.9
4;2018-11-17 02:00:00;183.4;33.3;5.9;0.5;58590.0;19.8;924.9;555.8;72843.0;13.5;0.2;7.0;122.6
4;2018-11-17 03:00:00;187.2;31.2;8.7;0.5;85574.8;18.6;979.2;492.7;79881.7;15.3;0.1;6.7;274.9
4;2018-11-17 04:00:00;225.6;53.9;9.1;0.8;65752.7;25.6;941.1;548.9;65801.6;12.9;0.2;9.2;340.2
4;2018-11-17 05:00:00;372.7;86.3;82.6;5.3;91159.2;34.0;395.1;893.7;115895.9;16.2;0.8;15.6;489.1
4;2018-11-17 06:00:00;245.3;47.9;8.2;0.6;88236.2;25.5;422.5;598.5;62580.4;22.9;2.3;8.8;479.0
4;2018-11-17 07:00:00;201.7;34.9;9.9;0.8;63075.4;20.8;587.2;510.3;61055.0;28.1;0.4;7.7;406.8
4;2018-11-17 08:00:00;231.2;41.4;7.6;1.0;72209.6;21.9;533.6;831.5;50912.9;22.2;0.7;9.9;463.6
4;2018-11-17 09:00:00;242.2;54.0;12.7;1.2;57274.5;27.8;433.9;1113.4;53089.3;16.8;1.5;11.8;532.1
4;2018-11-17 10:00:00;257.7;47.5;9.9;0.7;46815.9;23.1;1033.9;876.1;65598.3;24.2;0.4;8.5;206.3
4;2018-11-17 11:00:00;287.7;74.6;12.5;1.9;74285.3;23.3;1098.1;721.9;56965.2;18.8;2.8;12.9;437.3
4;2018-11-17 12:00:00;250.5;53.9;9.5;0.6;55710.4;20.0;1214.1;515.6;60674.5;6.2;1.9;9.9;246.3
4;2018-11-17 13:00:00;210.8;52.4;8.4;0.6;33798.4;18.0;1368.4;466.5;61260.7;7.8;0.9;9.1;328.2
4;2018-11-17 14:00:00;147.1;43.6;9.9;0.5;51344.4;13.5;1475.2;305.3;46594.2;5.2;6.6;9.2;382.3
4;2018-11-17 15:00:00;302.0;54.5;13.6;1.2;60445.4;18.9;1181.2;456.5;43844.7;4.9;28.9;12.0;365.0
4;2018-11-17 16:00:00;180.8;48.2;9.3;0.5;48512.6;21.1;282.3;419.5;17342.0;12.5;3.8;8.4;387.2
4;2018-11-17 17:00:00;142.5;39.3;2.3;0.4;49841.8;14.1;300.8;335.4;15158.5;10.2;0.2;5.0;453.5
4;2018-11-17 18:00:00;131.5;37.1;5.0;0.4;45803.9;14.5;291.0;375.5;18549.8;11.0;0.1;6.2;589.5
4;2018-11-17 19:00:00;175.2;37.0;2.0;0.5;30063.8;13.4;295.1;309.3;19473.1;8.3;0.1;6.1;603.9
4;2018-11-17 20:00:00;95.2;23.6;3.2;0.3;25330.5;11.0;315.4;276.9;19900.2;9.7;0.0;4.5;569.1
4;2018-11-17 21:00:00;331.3;35.8;12.2;0.5;21470.4;10.6;397.7;263.3;15525.7;9.2;0.7;7.5;381.6
4;2018-11-17 22:00:00;163.0;43.6;13.4;0.6;21781.1;11.1;335.0;216.1;18953.3;6.7;0.4;10.2;370.9
4;2018-11-17 23:00:00;193.6;46.8;12.9;0.7;21587.0;10.6;290.6;256.0;16940.1;2.1;0.5;11.0;551.6
4;2018-11-18 00:00:00;315.4;76.2;32.1;2.1;81755.8;43.5;1037.6;641.3;19633.0;1.7;8.0;17.9;402.4
4;2018-11-18 01:00:00;313.8;77.3;14.6;6.8;75892.7;37.3;629.7;610.6;18936.0;5.5;14.1;14.8;556.5
4;2018-11-18 02:00:00;288.3;65.2;14.0;2.4;41733.3;29.7;414.8;570.9;49795.5;7.0;0.5;12.5;640.4
4;2018-11-18 03:00:00;283.4;64.0;18.1;0.9;36784.3;24.2;447.2;486.6;17528.4;8.2;0.4;12.8;583.5
4;2018-11-18 04:00:00;288.3;79.9;19.9;6.1;94918.6;31.6;4845.7;474.5;28670.9;6.6;2.7;14.4;662.9
4;2018-11-18 05:00:00;556.5;79.0;98.7;2.3;91665.9;51.6;5959.3;1033.5;127762.1;8.9;0.1;14.3;427.5
4;2018-11-18 06:00:00;227.0;55.5;13.9;0.9;82040.1;29.6;440.4;561.3;21944.3;7.3;0.3;12.6;468.4
4;2018-11-18 07:00:00;213.9;56.5;7.5;0.7;70858.0;22.9;544.4;443.5;17926.9;4.2;0.0;10.4;498.1
4;2018-11-18 08:00:00;212.4;43.0;7.8;0.6;69575.6;20.8;324.2;386.5;23626.7;15.0;0.0;8.4;480.4
4;2018-11-18 09:00:00;173.3;40.3;8.5;0.5;51906.3;20.6;162.7;403.7;23680.2;7.2;0.0;7.1;467.2
4;2018-11-18 10:00:00;268.5;62.1;15.5;1.6;68076.6;20.9;185.8;383.9;33863.8;12.8;0.0;14.1;501.3
4;2018-11-18 11:00:00;1494.7;78.6;14.9;2.3;98561.2;27.0;285.0;830.7;23297.9;23.8;0.0;16.2;518.5
4;2018-11-18 12:00:00;421.6;89.1;8.3;15.9;93390.5;30.1;295.3;1164.5;11591.4;22.5;7.4;13.9;534.2
4;2018-11-18 13:00:00;294.8;66.0;4.5;2.3;43834.4;24.0;625.9;1073.8;20191.5;11.1;0.3;8.0;458.7
4;2018-11-18 14:00:00;327.7;93.8;7.5;14.0;81788.3;25.9;891.5;823.5;22525.5;13.3;1.4;11.9;409.2
4;2018-11-18 15:00:00;435.8;95.2;8.7;19.1;70928.5;23.8;819.4;849.2;21646.6;6.4;14.1;13.1;506.4
4;2018-11-18 16:00:00;244.9;70.2;8.0;1.0;61399.3;19.3;764.8;608.7;12971.1;15.2;0.0;10.1;507.7
4;2018-11-18 17:00:00;219.2;55.1;4.7;0.6;31174.2;16.3;1144.9;477.5;16773.6;10.8;0.3;6.5;361.2
4;2018-11-18 18:00:00;270.2;62.9;5.3;2.1;28275.8;16.5;782.7;445.2;14183.2;10.0;1.0;7.7;428.6
4;2018-11-18 19:00:00;282.9;53.9;4.0;0.4;27501.0;16.2;975.5;360.4;17526.8;8.4;4.5;5.7;371.9
4;2018-11-18 20:00:00;211.0;50.5;2.1;0.4;30114.9;11.0;139.9;285.5;14856.2;6.9;4.3;5.6;458.0
4;2018-11-18 21:00:00;205.2;51.9;3.4;0.4;38644.3;13.9;175.8;437.2;21183.7;7.6;5.1;5.6;459.4
4;2018-11-18 22:00:00;267.4;62.2;4.6;3.1;28020.0;17.1;145.7;434.0;22998.4;7.3;6.3;8.3;444.6
4;2018-11-18 23:00:00;215.7;57.6;5.2;0.5;28796.4;14.4;154.4;354.1;22870.2;12.0;3.5;6.8;338.0
4;2018-11-19 00:00:00;286.8;71.7;21.1;1.4;69496.0;32.7;587.2;495.4;25227.4;1.7;16.7;10.2;170.7
4;2018-11-19 01:00:00;276.1;62.8;6.9;2.2;83521.1;29.7;347.6;517.5;17063.2;1.1;16.9;10.7;542.4
4;2018-11-19 02:00:00;297.3;76.4;8.1;2.8;97339.5;28.4;146.8;680.1;12038.5;3.2;12.0;12.3;440.3
4;2018-11-19 03:00:00;311.1;50.8;13.9;0.7;77452.6;21.0;251.7;516.3;31747.7;5.1;0.8;8.7;430.2
4;2018-11-19 04:00:00;356.7;62.5;10.4;1.1;90127.1;34.1;6576.9;963.4;21289.1;7.7;2.5;11.6;365.8
4;2018-11-19 05:00:00;530.3;71.7;68.1;2.2;93069.8;38.1;2405.4;918.6;129863.1;14.7;0.4;16.4;161.3
4;2018-11-19 06:00:00;229.1;57.6;11.5;1.4;94622.5;24.1;383.0;717.5;17244.4;8.9;4.7;13.1;284.8
4;2018-11-19 07:00:00;525.5;87.2;14.2;10.3;68314.1;35.8;326.6;990.0;19473.3;20.7;7.3;18.2;405.7
4;2018-11-19 08:00:00;1782.0;62.1;12.4;1.8;71015.0;45.4;344.1;1152.6;22141.4;37.9;1.9;13.5;566.1
4;2018-11-19 09:00:00;657.8;67.0;15.9;1.5;50225.9;48.0;434.0;1247.1;24090.6;29.4;2.3;14.6;495.6
4;2018-11-19 10:00:00;441.9;70.9;16.3;3.2;76048.1;45.2;276.8;1180.0;6239.6;19.7;1.2;16.7;405.9
4;2018-11-19 11:00:00;744.0;77.3;15.8;5.7;85485.6;45.8;290.9;1210.8;41513.1;25.8;9.8;14.9;432.1
4;2018-11-19 12:00:00;433.1;84.4;17.6;8.5;123123.3;46.9;335.5;1312.6;21468.1;31.6;9.2;14.1;373.6
4;2018-11-19 13:00:00;398.6;88.4;19.0;8.4;63466.3;45.4;747.2;1322.2;23097.0;24.3;4.5;16.4;372.5
4;2018-11-19 14:00:00;404.0;67.5;17.7;5.0;59398.4;30.7;627.9;782.8;28113.4;22.9;7.2;13.8;368.9
4;2018-11-19 15:00:00;357.1;70.8;17.6;3.1;64677.1;30.0;797.5;898.6;18485.6;17.0;1.8;12.7;272.5
4;2018-11-19 16:00:00;482.7;76.8;12.9;2.4;67770.6;34.2;613.5;938.8;26692.0;13.5;1.2;13.4;557.0
4;2018-11-19 17:00:00;439.0;67.0;18.3;1.7;73568.4;32.6;955.0;821.5;31465.8;18.4;4.3;14.3;406.9
4;2018-11-19 18:00:00;363.0;55.8;11.9;0.7;76909.4;25.3;1104.3;609.3;23322.9;21.3;0.6;11.7;250.8
4;2018-11-19 19:00:00;203.1;41.7;7.6;0.6;47916.5;23.9;568.6;480.9;35750.2;14.2;0.0;8.2;167.6
4;2018-11-19 20:00:00;567.3;30.0;8.3;0.5;56312.0;24.9;247.7;459.7;38461.1;17.5;0.2;6.9;225.8
4;2018-11-19 21:00:00;242.6;41.9;17.6;0.7;32025.7;21.7;398.1;458.5;103739.1;9.9;0.1;10.5;53.6
4;2018-11-19 22:00:00;156.8;32.8;12.9;0.5;18253.4;19.7;287.9;396.8;107107.4;2.0;0.0;7.5;27.9
4;2018-11-19 23:00:00;166.9;25.2;15.1;0.5;16012.0;17.7;477.7;347.9;104405.3;3.3;0.0;6.9;29.7
4;2018-11-20 00:00:00;235.5;55.4;17.0;0.8;76949.2;45.0;550.3;684.6;96492.4;1.3;4.9;12.4;183.5
4;2018-11-20 01:00:00;331.5;64.1;20.5;0.9;85389.2;40.4;630.3;678.2;69806.9;1.8;6.1;15.6;171.7
4;2018-11-20 02:00:00;235.4;63.2;19.8;0.8;67937.9;36.9;399.4;691.9;69495.3;1.5;1.3;12.5;154.9
4;2018-11-20 03:00:00;261.9;55.4;23.5;0.8;77251.6;32.0;416.0;617.9;67077.5;8.3;0.3;12.2;277.2
4;2018-11-20 04:00:00;219.2;69.0;13.5;1.1;61095.5;39.0;434.2;625.3;76846.7;11.5;0.3;11.9;304.5
4;2018-11-20 05:00:00;424.1;64.7;70.4;2.0;66270.7;44.4;434.8;941.9;97490.1;11.6;5.7;13.3;325.2
4;2018-11-20 06:00:00;273.5;61.1;18.3;1.1;79766.8;32.4;362.5;773.0;60358.9;5.7;0.2;13.5;216.8
4;2018-11-20 07:00:00;257.9;67.8;17.2;1.1;81643.0;25.7;345.9;736.2;75601.5;7.6;1.5;15.1;440.5
4;2018-11-20 08:00:00;282.5;50.6;19.2;0.7;60197.5;30.6;389.8;645.5;74463.6;27.1;0.3;11.1;229.6
4;2018-11-20 09:00:00;398.8;74.6;23.4;5.0;95810.7;34.0;383.8;871.1;71353.9;12.9;7.6;15.7;368.3
4;2018-11-20 10:00:00;280.8;54.6;17.7;0.7;88611.7;35.0;427.5;721.9;54404.5;7.9;15.4;13.5;236.6
4;2018-11-20 11:00:00;2660.2;55.3;25.0;1.1;76945.1;43.4;312.3;1140.4;59108.1;26.5;0.5;14.0;235.8
4;2018-11-20 12:00:00;386.7;77.8;16.6;5.0;102925.0;51.7;383.7;1225.7;88813.7;20.4;19.9;14.6;416.8
4;2018-11-20 13:00:00;412.8;73.3;12.0;4.1;85601.6;52.0;303.2;1296.2;66889.4;25.7;16.1;13.6;330.4
4;2018-11-20 14:00:00;367.2;72.8;11.9;2.6;85197.7;49.5;670.8;1082.4;58543.2;29.1;1.1;14.3;400.7
4;2018-11-20 15:00:00;515.8;57.0;13.2;2.6;77495.7;44.1;678.3;1096.2;69101.2;26.0;2.8;12.9;299.4
4;2018-11-20 16:00:00;376.1;70.9;13.7;2.3;116466.7;39.8;661.1;1130.8;72727.9;27.7;1.2;13.6;350.8
4;2018-11-20 17:00:00;383.5;54.1;12.2;0.7;92403.9;39.3;836.6;1175.8;55025.3;20.0;0.5;10.8;419.9
4;2018-11-20 18:00:00;430.1;55.5;7.6;1.6;60307.5;28.0;1014.7;621.0;28271.7;14.3;8.5;10.2;357.9
4;2018-11-20 19:00:00;223.4;46.3;7.2;0.6;74632.4;27.1;839.0;551.7;31072.5;17.2;1.3;8.2;253.5
4;2018-11-20 20:00:00;255.9;23.5;7.6;0.4;74243.0;25.2;1151.2;481.1;37232.0;25.9;0.0;4.6;166.2
4;2018-11-20 21:00:00;168.1;33.7;6.8;0.5;74576.4;23.1;158.1;518.7;27582.2;8.7;0.1;6.3;270.9
4;2018-11-20 22:00:00;173.0;28.9;3.3;0.4;77589.3;17.1;84.1;399.3;24244.9;8.6;0.0;5.4;208.9
4;2018-11-20 23:00:00;212.9;22.5;5.1;0.4;40155.5;18.4;110.0;363.8;29236.1;9.4;0.0;5.3;54.0
4;2018-11-21 00:00:00;225.2;54.2;16.6;0.7;50317.4;45.8;530.7;490.6;28585.4;3.1;0.2;11.2;172.4
4;2018-11-21 01:00:00;271.6;49.8;8.5;0.7;99534.4;30.1;354.9;540.0;36550.6;4.9;0.6;9.7;234.6
4;2018-11-21 02:00:00;215.1;65.1;10.2;0.8;50087.0;27.7;180.9;575.0;44635.4;4.1;0.5;12.2;301.9
4;2018-11-21 03:00:00;260.1;44.9;8.1;0.7;46101.1;26.3;203.5;519.7;39340.2;6.5;6.4;7.2;217.4
4;2018-11-21 04:00:00;277.9;60.4;11.6;1.1;94644.9;31.3;469.2;893.1;12799.3;11.0;0.3;11.8;437.0
4;2018-11-21 05:00:00;449.7;48.4;35.6;0.6;108334.5;34.0;827.2;883.0;98377.7;19.0;0.3;8.7;470.6
4;2018-11-21 06:00:00;333.5;80.8;13.0;5.6;90365.4;29.7;215.0;967.0;34465.7;11.5;9.5;14.6;679.2
4;2018-11-21 07:00:00;302.2;68.4;15.0;2.3;71529.0;27.1;268.1;627.6;31513.3;18.7;6.2;16.0;264.6
4;2018-11-21 08:00:00;324.5;62.6;21.2;2.6;73407.0;28.8;201.4;685.9;17472.4;16.3;1.3;15.3;385.7
4;2018-11-21 09:00:00;301.8;60.1;28.2;1.6;83487.9;28.6;199.2;637.9;23494.9;13.1;4.1;14.4;269.9
4;2018-11-21 10:00:00;423.8;86.7;18.9;9.6;180017.3;42.6;163.4;1174.6;26761.2;20.0;4.4;19.5;654.9
4;2018-11-21 11:00:00;421.0;71.1;23.3;4.1;92957.4;48.5;253.0;1060.2;37675.5;23.7;3.9;17.8;321.6
4;2018-11-21 12:00:00;764.7;87.7;13.1;4.5;72820.8;39.9;139.7;1084.7;21709.5;13.7;3.0;12.4;544.2
4;2018-11-21 13:00:00;387.0;77.7;12.2;4.3;81609.7;39.1;672.6;970.3;14524.1;35.0;2.0;12.9;427.6
4;2018-11-21 14:00:00;281.6;70.4;12.9;2.1;51183.7;32.7;1092.6;878.3;19447.1;18.0;1.8;12.2;349.9
4;2018-11-21 15:00:00;371.5;65.5;10.7;1.5;55259.6;33.0;677.9;711.7;31541.7;14.2;1.2;11.2;324.4
4;2018-11-21 16:00:00;303.3;55.6;9.4;0.7;61248.1;30.9;854.8;620.3;46362.6;20.4;0.2;10.6;337.9
4;2018-11-21 17:00:00;277.7;49.8;10.3;0.6;78325.6;30.8;572.4;550.1;24443.3;4.5;7.6;10.3;178.4
4;2018-11-21 18:00:00;309.3;64.9;9.0;1.6;68778.2;33.9;1186.9;698.5;31215.8;16.7;1.2;10.5;385.2
4;2018-11-21 19:00:00;213.5;46.1;9.9;0.5;68396.3;27.9;463.8;482.8;60474.4;5.1;0.2;8.5;202.8
4;2018-11-21 20:00:00;282.4;28.4;9.8;0.5;62515.9;28.9;157.0;475.4;60819.4;6.9;0.0;6.7;234.7
4;2018-11-21 21:00:00;175.1;34.8;10.1;0.4;44398.6;27.4;207.5;435.6;47375.9;1.3;0.1;7.4;247.3
4;2018-11-21 22:00:00;193.7;37.6;9.9;0.6;35497.6;27.4;176.0;473.4;42813.7;1.7;0.2;9.1;240.8
4;2018-11-21 23:00:00;227.1;42.3;9.9;0.6;55904.2;24.7;196.2;502.2;42927.5;1.7;0.1;9.8;282.3
4;2018-11-22 00:00:00;446.2;76.8;16.0;1.0;74609.0;79.5;489.6;820.5;41968.2;1.7;7.4;13.1;232.4
4;2018-11-22 01:00:00;341.1;74.7;10.2;3.9;86184.3;57.8;379.3;749.9;29287.9;0.8;20.0;13.2;758.3
4;2018-11-22 02:00:00;367.1;81.6;15.9;10.1;86220.7;44.4;187.5;787.5;33927.6;3.6;23.1;16.3;761.7
4;2018-11-22 03:00:00;440.8;72.9;15.5;6.9;88819.6;40.2;182.8;734.3;36068.6;6.8;29.6;13.2;476.7
4;2018-11-22 04:00:00;388.8;83.6;18.9;4.6;132555.7;42.8;522.9;839.6;13565.6;6.9;0.4;16.9;787.4
4;2018-11-22 05:00:00;432.8;66.5;67.8;2.0;118846.8;42.9;782.0;914.2;114429.2;15.4;4.7;13.3;549.6
4;2018-11-22 06:00:00;183.4;51.4;13.2;0.7;90043.3;35.5;347.4;693.3;49281.0;10.3;0.6;10.9;411.7
4;2018-11-22 07:00:00;343.4;75.8;14.6;3.2;130321.9;39.1;255.2;917.7;26381.8;15.9;3.2;15.4;654.8
4;2018-11-22 08:00:00;339.3;73.2;11.6;1.3;62191.2;38.2;324.0;752.4;38577.9;5.8;15.8;12.5;286.5
4;2018-11-22 09:00:00;445.0;67.6;15.3;1.2;57674.8;33.8;190.7;675.1;20173.9;10.0;13.7;12.4;322.1
4;2018-11-22 10:00:00;412.2;78.3;13.9;4.5;154465.9;45.4;177.2;1378.2;24252.9;10.7;13.8;15.3;803.4
4;2018-11-22 11:00:00;308.7;70.3;14.6;3.1;57461.2;46.7;193.4;1221.6;19567.3;28.0;11.5;11.8;286.8
4;2018-11-22 12:00:00;345.4;64.2;14.7;1.2;72376.6;38.3;178.2;843.7;29972.5;25.4;22.2;12.3;270.3
4;2018-11-22 13:00:00;331.6;66.7;13.0;2.9;42367.0;28.0;185.0;713.4;40320.0;20.7;5.1;15.4;317.3
4;2018-11-22 14:00:00;323.4;66.3;12.3;2.4;94399.0;33.1;184.1;683.8;41464.5;21.8;0.4;13.6;412.0
4;2018-11-22 15:00:00;337.9;61.9;14.1;1.4;86288.8;34.3;140.0;729.8;34024.8;23.3;0.4;13.7;399.8
4;2018-11-22 16:00:00;285.7;53.3;10.9;1.4;58879.1;26.7;222.7;618.4;31777.8;19.7;1.7;10.9;420.2
4;2018-11-22 17:00:00;262.8;49.9;14.0;1.3;71414.6;27.1;301.1;572.9;56206.2;14.5;1.0;10.5;468.6
4;2018-11-22 18:00:00;232.2;35.7;14.5;0.6;47588.8;25.5;338.9;444.0;74405.9;17.0;0.1;9.1;312.9
4;2018-11-22 19:00:00;268.7;32.4;11.1;0.7;89270.7;26.8;263.8;491.2;40828.2;0.7;0.3;7.8;105.3
4;2018-11-22 20:00:00;215.1;23.6;12.7;0.5;46256.5;27.9;240.8;572.8;64209.6;5.9;0.0;6.1;296.6
4;2018-11-22 21:00:00;183.5;28.4;10.1;0.5;56061.9;24.6;247.8;566.4;60556.6;1.3;0.1;6.4;166.6
4;2018-11-22 22:00:00;142.0;19.9;8.3;0.5;37374.1;23.1;270.7;498.7;54420.2;7.0;0.0;6.2;69.1
4;2018-11-22 23:00:00;141.8;20.0;6.1;0.5;25676.9;20.5;318.6;375.0;44337.1;2.7;0.0;6.4;118.9
4;2018-11-23 00:00:00;329.3;66.2;19.1;1.0;78427.2;49.7;943.9;708.7;41034.4;1.6;9.2;11.7;290.4
4;2018-11-23 01:00:00;324.2;65.3;11.0;2.3;97422.2;45.2;555.5;731.3;28899.1;1.3;13.4;13.5;828.6
4;2018-11-23 02:00:00;346.5;68.3;12.9;2.1;119054.5;32.2;287.9;622.9;35072.2;4.5;6.7;13.8;695.9
4;2018-11-23 03:00:00;286.3;68.0;16.4;1.4;96664.9;31.1;221.1;664.7;32791.9;10.1;17.0;12.2;564.6
4;2018-11-23 04:00:00;431.6;70.4;26.0;2.1;92157.4;35.8;565.8;822.8;16115.4;8.0;0.7;12.2;382.5
4;2018-11-23 05:00:00;404.8;70.5;41.4;1.3;76643.9;39.0;642.7;798.4;119435.7;17.6;1.3;13.5;299.3
4;2018-11-23 06:00:00;303.4;70.3;15.0;1.4;109823.3;36.2;445.0;958.6;22055.8;9.5;0.3;13.5;533.9
4;2018-11-23 07:00:00;255.7;53.1;12.7;0.8;73312.0;32.3;206.7;835.5;25330.6;26.8;1.3;10.4;495.3
4;2018-11-23 08:00:00;272.0;43.8;14.5;1.2;110711.0;30.3;260.3;734.2;23175.7;28.5;0.6;9.2;294.4
4;2018-11-23 09:00:00;348.4;44.3;16.0;0.7;71416.5;32.4;335.5;696.5;37959.5;27.5;0.2;9.8;269.0
4;2018-11-23 10:00:00;255.4;56.7;14.6;0.9;95348.3;30.2;271.9;683.1;37684.1;6.6;2.5;11.9;396.6
4;2018-11-23 11:00:00;338.4;60.0;17.7;0.8;80968.2;33.9;196.1;847.0;62716.1;10.1;0.4;12.0;428.7
4;2018-11-23 12:00:00;408.0;44.2;14.7;1.7;100077.1;37.4;181.2;1098.3;41974.6;10.6;0.7;9.5;277.6
4;2018-11-23 13:00:00;331.7;64.5;11.4;1.6;90168.6;41.5;272.8;1245.8;34964.1;17.9;0.8;13.5;291.7
4;2018-11-23 14:00:00;263.6;49.3;12.4;0.7;78595.1;32.7;231.7;805.6;37594.2;6.9;1.1;12.0;205.1
4;2018-11-23 15:00:00;304.6;65.1;11.7;2.5;119112.7;31.5;304.5;723.9;33311.9;18.6;11.3;13.0;312.9
4;2018-11-23 16:00:00;203.8;34.4;11.8;0.6;49450.4;25.3;289.5;482.2;29440.8;8.1;0.1;8.8;226.8
4;2018-11-23 17:00:00;329.2;30.2;17.8;0.5;59186.6;28.9;355.0;522.5;27958.5;5.8;0.1;8.1;84.5
4;2018-11-23 18:00:00;202.2;39.2;15.6;0.8;27482.3;31.8;357.4;529.5;110682.6;3.1;0.1;12.2;41.1
4;2018-11-23 19:00:00;166.7;31.4;14.5;0.7;40194.1;23.8;326.6;391.6;130122.9;4.1;0.0;10.2;52.6
4;2018-11-23 20:00:00;238.9;36.3;19.9;0.8;66721.2;23.8;274.7;510.8;175447.1;6.5;0.1;12.2;92.6
4;2018-11-23 21:00:00;476.0;28.5;10.1;0.6;97919.9;19.7;163.5;451.5;17189.9;7.4;0.0;8.6;207.5
4;2018-11-23 22:00:00;116.3;23.3;6.8;0.4;25360.1;15.7;157.9;387.0;17687.8;7.1;0.0;6.0;207.5
4;2018-11-23 23:00:00;203.7;25.6;5.9;0.5;33653.3;15.0;170.0;320.8;21499.5;1.5;0.0;6.6;198.9
4;2018-11-24 00:00:00;202.7;27.4;18.5;0.5;30522.4;28.6;338.3;312.3;28814.6;3.1;0.0;6.5;139.2
4;2018-11-24 01:00:00;131.2;25.4;6.2;0.5;50429.4;16.8;165.8;285.0;28608.5;0.4;0.0;6.1;223.2
4;2018-11-24 02:00:00;161.8;30.3;6.7;0.5;23120.3;13.4;197.0;299.7;28510.8;3.1;0.1;7.2;203.1
4;2018-11-24 03:00:00;180.0;28.7;8.1;0.5;27686.0;14.0;214.8;392.0;23969.4;13.8;0.0;7.0;184.5
4;2018-11-24 04:00:00;235.1;62.4;9.1;1.1;81874.3;23.7;514.3;591.3;33324.9;10.6;0.3;11.6;547.4
4;2018-11-24 05:00:00;241.3;37.4;34.5;0.5;106014.5;21.6;170.7;615.8;92310.7;18.5;0.1;8.0;417.9
4;2018-11-24 06:00:00;221.5;44.7;7.3;0.9;76060.0;15.5;149.8;497.3;22624.1;21.1;0.6;9.9;633.8
4;2018-11-24 07:00:00;192.8;31.5;7.3;0.7;30332.4;14.6;369.1;469.5;22271.1;25.2;0.3;8.3;289.3
4;2018-11-24 08:00:00;209.3;33.2;8.6;0.6;30101.8;21.4;214.0;786.3;49386.7;20.9;0.6;8.4;206.3
4;2018-11-24 09:00:00;116.8;33.0;5.7;0.5;61221.9;16.8;169.7;636.8;27633.0;15.5;0.0;7.1;267.5
4;2018-11-24 10:00:00;119.9;22.7;4.4;0.4;32859.4;12.6;8633.3;447.5;21734.6;18.1;0.0;5.6;201.4
4;2018-11-24 11:00:00;191.0;43.9;6.3;0.6;34218.7;11.6;200.3;441.3;27706.9;15.2;0.6;7.3;376.0
4;2018-11-24 12:00:00;226.3;32.1;3.4;0.5;25643.1;8.8;264.1;227.0;23211.9;2.1;0.2;5.5;220.2
4;2018-11-24 13:00:00;165.1;25.3;3.2;0.4;8519.3;6.7;201.9;167.8;22397.8;1.7;0.0;4.8;240.1
4;2018-11-24 14:00:00;123.2;22.1;4.1;0.3;26684.3;9.2;9570.8;180.8;47620.8;0.5;0.0;3.9;371.9
4;2018-11-24 15:00:00;97.5;23.9;2.2;0.3;38170.8;5.5;9781.3;115.8;21600.8;0.1;0.0;3.4;333.9
4;2018-11-24 16:00:00;122.0;18.1;1.9;0.3;22291.3;4.9;11664.8;112.9;20126.6;1.0;0.0;3.7;438.6
4;2018-11-24 17:00:00;85.3;18.4;4.0;0.3;21758.5;5.0;10721.1;112.4;21192.0;0.4;0.0;4.0;460.2
4;2018-11-24 18:00:00;161.9;24.9;5.2;0.4;34501.2;6.5;10797.3;169.3;22549.4;0.4;0.0;5.3;428.3
4;2018-11-24 19:00:00;129.4;22.1;2.2;0.3;23829.2;6.7;9776.8;142.1;16633.8;0.9;0.0;4.2;532.7
4;2018-11-24 20:00:00;81.6;21.2;1.2;0.3;26781.0;7.8;13442.6;203.1;15940.7;2.8;0.0;3.9;591.9
4;2018-11-24 21:00:00;177.4;31.0;4.1;0.4;36297.8;7.6;16818.0;220.3;28134.8;2.9;0.1;4.9;831.6
4;2018-11-24 22:00:00;159.6;28.2;2.2;0.4;23941.3;8.3;12401.4;210.4;16454.6;1.3;0.1;4.7;786.2
4;2018-11-24 23:00:00;145.1;25.7;2.0;0.3;22799.1;6.7;16110.4;164.6;18896.9;1.9;0.1;4.7;547.2
4;2018-11-25 00:00:00;356.3;60.1;17.2;2.2;81627.5;37.2;16226.6;659.2;27650.3;2.1;30.4;10.9;535.4
4;2018-11-25 01:00:00;297.9;62.4;7.7;2.2;79388.1;33.3;11358.9;572.7;19449.8;0.5;22.8;10.9;865.0
4;2018-11-25 02:00:00;263.7;68.6;16.7;2.1;74454.3;29.3;13237.2;565.6;28615.3;0.7;19.3;11.1;870.4
4;2018-11-25 03:00:00;334.1;83.4;18.3;6.0;85728.4;23.4;12134.2;529.6;19573.6;7.3;8.4;11.4;709.8
4;2018-11-25 04:00:00;208.2;52.2;11.2;0.7;90858.7;20.8;16751.1;572.6;13834.0;19.9;0.0;10.9;712.0
4;2018-11-25 05:00:00;358.8;68.5;46.9;1.2;100463.5;29.9;19963.5;855.2;120193.6;14.7;0.2;13.2;928.8
4;2018-11-25 06:00:00;198.3;46.1;6.0;0.5;95330.6;19.0;14523.8;573.5;13078.3;17.4;1.9;8.2;839.5
4;2018-11-25 07:00:00;295.6;78.5;5.6;2.9;122653.5;19.3;12112.1;556.2;21338.1;10.6;0.0;11.7;820.1
4;2018-11-25 08:00:00;226.5;48.1;5.8;0.9;94087.4;18.2;11365.2;676.2;21562.7;16.7;0.2;8.8;703.6
4;2018-11-25 09:00:00;360.0;61.3;8.5;2.8;78755.4;27.8;14567.6;917.1;40212.0;15.6;0.3;10.9;857.8
4;2018-11-25 10:00:00;153.2;44.1;4.8;0.5;85974.8;19.7;13524.3;637.8;31706.5;27.1;0.0;8.3;744.0
4;2018-11-25 11:00:00;306.7;56.0;4.4;1.1;100187.7;21.1;16696.2;829.8;24018.4;11.9;0.0;8.8;815.5
4;2018-11-25 12:00:00;202.3;43.4;3.8;0.5;72743.9;12.1;18463.5;403.9;19800.3;4.8;0.0;7.7;726.7
4;2018-11-25 13:00:00;150.0;36.9;4.5;0.4;34045.5;10.3;16429.2;294.4;17588.9;2.8;0.0;6.3;852.1
4;2018-11-25 14:00:00;173.0;33.4;2.8;0.4;48097.9;7.1;16346.6;247.0;16877.4;0.4;0.0;6.0;815.3
4;2018-11-25 15:00:00;131.1;28.3;4.9;0.4;36070.8;12.3;18534.3;286.1;22913.2;0.7;0.0;5.7;627.5
4;2018-11-25 16:00:00;153.6;33.5;5.7;0.5;37830.1;9.4;14628.3;225.1;23957.5;1.6;0.0;6.9;674.9
4;2018-11-25 17:00:00;126.6;30.7;3.6;0.5;36303.6;7.3;12995.8;200.3;15743.5;1.3;0.0;6.8;562.8
4;2018-11-25 18:00:00;182.1;31.5;4.4;0.4;61764.1;14.5;13889.6;347.8;32897.9;1.4;6.0;6.4;446.6
4;2018-11-25 19:00:00;63.1;20.2;0.9;0.3;41291.4;10.4;14750.4;196.8;17732.0;0.3;0.0;4.1;767.4
4;2018-11-25 20:00:00;165.3;32.6;4.4;0.4;38842.3;11.3;17333.9;364.7;34886.0;3.7;0.0;6.1;711.3
4;2018-11-25 21:00:00;143.3;34.2;5.3;0.5;37361.0;11.3;12605.4;278.6;20088.2;2.3;0.0;7.3;481.1
4;2018-11-25 22:00:00;60.9;15.8;1.6;0.3;21924.8;8.0;13016.1;157.4;16222.0;15.2;0.0;3.4;554.0
4;2018-11-25 23:00:00;86.6;26.0;3.2;0.3;23735.8;6.6;14868.4;137.1;15662.5;10.3;0.1;3.4;736.7
4;2018-11-26 00:00:00;297.5;59.4;4.9;0.7;78930.4;36.0;14669.4;545.6;15486.4;2.7;21.9;9.9;677.6
4;2018-11-26 01:00:00;336.7;66.4;6.5;4.5;74710.9;34.2;12739.6;626.7;14930.6;2.9;20.4;12.2;1186.1
4;2018-11-26 02:00:00;281.3;64.6;11.3;1.6;111757.5;23.9;13644.3;520.5;15923.4;4.0;6.9;12.6;1032.6
4;2018-11-26 03:00:00;195.3;58.1;12.0;0.7;74314.9;20.4;13506.7;598.3;31760.4;7.1;0.5;9.4;851.1
4;2018-11-26 04:00:00;249.2;63.6;19.9;1.1;75550.9;22.8;12638.0;598.7;32097.2;10.8;0.1;12.6;611.5
4;2018-11-26 05:00:00;394.3;41.8;89.9;0.6;70787.7;25.6;15389.6;710.5;125546.4;17.3;0.0;9.0;784.6
4;2018-11-26 06:00:00;303.6;61.9;9.6;0.9;105530.4;24.0;14038.8;743.5;23962.5;17.8;1.1;12.6;782.6
4;2018-11-26 07:00:00;439.8;67.2;7.9;1.6;71619.1;25.0;17091.4;876.9;6093.4;25.2;4.7;11.5;434.8
4;2018-11-26 08:00:00;302.0;67.1;20.6;1.7;103900.7;25.3;234.7;719.8;25866.3;14.2;3.2;12.0;354.0
4;2018-11-26 09:00:00;360.2;76.3;14.6;5.3;86194.4;26.1;291.6;822.7;25840.4;17.2;16.4;13.8;598.1
4;2018-11-26 10:00:00;494.0;62.6;17.1;6.5;73779.1;29.1;222.9;849.6;17825.2;23.7;25.8;11.0;395.0
4;2018-11-26 11:00:00;322.0;61.7;17.3;1.8;58148.8;24.7;295.5;574.0;21716.3;30.9;20.3;10.6;324.0
4;2018-11-26 12:00:00;431.2;80.8;12.2;10.2;67230.7;33.3;177.5;839.5;16508.7;25.0;18.4;11.4;430.2
4;2018-11-26 13:00:00;289.8;58.7;8.5;1.1;87047.8;26.9;293.5;732.8;24597.6;24.0;1.2;10.7;423.3
4;2018-11-26 14:00:00;351.0;63.7;8.5;0.8;74817.2;22.3;184.2;556.7;30160.9;18.7;1.1;9.6;369.1
4;2018-11-26 15:00:00;337.8;69.4;8.3;1.5;60788.2;21.4;189.3;647.9;31341.9;19.5;4.3;11.0;326.3
4;2018-11-26 16:00:00;379.1;60.0;7.1;1.3;57842.4;23.8;251.9;601.8;27789.3;19.2;0.5;10.3;385.8
4;2018-11-26 17:00:00;532.0;48.6;8.9;1.3;66353.1;19.9;217.9;531.9;136899.6;20.6;1.5;10.0;167.9
4;2018-11-26 18:00:00;218.6;44.0;7.3;0.5;48238.6;18.9;299.8;505.0;82590.8;20.6;0.0;8.8;317.6
4;2018-11-26 19:00:00;166.4;35.4;7.5;0.5;42099.2;22.9;244.3;435.2;72400.5;7.3;0.0;7.5;217.8
4;2018-11-26 20:00:00;138.8;32.6;7.2;0.5;21419.7;16.1;248.8;361.8;34844.6;10.0;0.0;6.4;290.8
4;2018-11-26 21:00:00;262.1;42.6;7.2;1.3;99849.9;14.8;250.8;463.0;41175.5;7.5;1.9;7.9;143.5
4;2018-11-26 22:00:00;138.0;28.9;5.1;0.4;31146.9;14.5;173.6;336.9;35197.6;8.4;0.1;6.3;187.7
4;2018-11-26 23:00:00;149.4;24.3;5.6;0.4;32776.4;15.7;169.0;407.7;39116.3;8.4;0.0;5.5;77.6
4;2018-11-27 00:00:00;495.6;56.4;25.5;1.1;67826.0;38.0;606.3;538.0;39891.8;3.9;25.1;9.5;313.8
4;2018-11-27 01:00:00;255.6;66.9;8.7;1.2;55757.0;36.6;361.9;604.6;34638.2;1.0;14.9;12.5;737.6
4;2018-11-27 02:00:00;339.3;68.6;14.9;0.8;61652.5;31.5;192.6;639.6;37638.4;3.3;9.2;12.8;552.1
4;2018-11-27 03:00:00;331.9;58.9;16.5;1.0;65937.2;25.4;201.2;640.1;34776.4;8.6;1.7;10.0;535.9
4;2018-11-27 04:00:00;343.0;84.0;21.5;2.8;89302.7;30.8;924.8;764.2;19790.7;5.6;0.6;16.6;486.7
4;2018-11-27 05:00:00;341.0;49.4;45.0;0.7;76506.5;24.7;1306.0;679.2;107634.3;11.9;0.1;9.4;441.1
4;2018-11-27 06:00:00;334.1;61.1;11.1;1.9;87257.8;32.6;264.1;904.7;29165.1;12.4;0.6;12.2;411.0
4;2018-11-27 07:00:00;271.7;77.3;10.2;1.5;68436.3;30.1;157.9;729.0;24371.9;9.8;0.5;12.4;371.3
4;2018-11-27 08:00:00;1117.5;51.4;10.7;1.1;75605.1;28.9;239.0;673.8;52905.0;23.1;2.1;9.7;358.1
4;2018-11-27 09:00:00;323.1;58.3;12.0;0.9;103392.7;35.2;615.1;782.1;40691.8;17.9;17.8;10.4;193.1
4;2018-11-27 10:00:00;326.1;60.2;13.7;1.0;108131.5;34.5;328.7;760.9;22391.3;22.1;0.2;11.4;348.8
4;2018-11-27 11:00:00;426.9;57.7;8.6;1.0;105970.2;32.8;357.6;678.1;33679.6;9.3;18.6;9.6;196.2
4;2018-11-27 12:00:00;660.1;72.6;15.0;4.5;114449.8;48.3;4418.4;1288.4;34287.8;11.5;29.4;12.2;246.0
4;2018-11-27 13:00:00;366.3;67.9;12.4;4.1;80306.0;44.0;354.5;1223.1;32966.8;8.8;17.7;12.8;262.7
4;2018-11-27 14:00:00;451.5;87.6;10.6;16.7;108071.6;46.9;1091.2;1370.6;16222.8;17.3;24.8;13.6;320.9
4;2018-11-27 15:00:00;332.7;81.4;8.0;1.7;111384.6;40.4;374.5;928.9;22093.3;15.1;7.1;13.4;276.3
4;2018-11-27 16:00:00;310.4;77.5;8.6;4.6;128899.8;39.3;202.8;918.8;18084.3;13.4;1.8;13.4;439.2
4;2018-11-27 17:00:00;387.0;42.4;5.8;0.6;75277.7;33.8;511.9;599.2;19643.5;6.8;0.2;9.2;199.1
4;2018-11-27 18:00:00;306.3;55.4;7.2;0.7;87402.7;34.1;1142.7;668.7;31473.7;7.1;1.1;9.4;254.1
4;2018-11-27 19:00:00;200.1;41.4;7.5;0.5;74375.4;41.2;1707.9;645.8;28951.1;1.3;0.3;8.0;88.0
4;2018-11-27 20:00:00;260.4;33.3;7.7;0.5;77360.6;37.2;1552.9;536.3;45618.1;7.5;0.0;7.7;284.2
4;2018-11-27 21:00:00;235.9;35.2;9.9;0.5;73314.2;44.6;1346.4;612.6;24561.4;3.0;0.0;7.9;185.4
4;2018-11-27 22:00:00;187.9;37.3;11.3;0.6;35546.7;33.9;1134.8;472.1;24882.2;0.9;0.0;8.6;83.4
4;2018-11-27 23:00:00;325.3;36.4;6.8;0.5;51146.9;32.9;1076.3;590.9;19384.5;1.3;0.0;7.8;198.3
4;2018-11-28 00:00:00;326.1;80.1;18.0;1.7;73856.5;55.1;575.5;784.5;21758.3;3.5;10.5;15.3;335.0
4;2018-11-28 01:00:00;387.6;77.9;11.4;2.6;74453.4;52.4;401.3;815.2;20830.2;1.8;13.8;15.2;710.4
4;2018-11-28 02:00:00;305.0;77.2;12.8;1.4;74047.3;42.5;202.6;732.3;34920.6;2.7;3.7;14.7;560.3
4;2018-11-28 03:00:00;370.4;78.9;17.5;2.9;84903.1;38.9;196.1;785.8;16664.8;8.2;12.8;14.5;487.9
4;2018-11-28 04:00:00;253.9;56.9;14.7;0.7;103531.3;35.4;327.9;697.6;26397.3;9.0;0.0;11.1;501.6
4;2018-11-28 05:00:00;419.3;54.7;65.3;0.7;84368.7;40.0;278.9;748.2;109749.4;13.1;0.0;10.9;414.4
4;2018-11-28 06:00:00;279.0;48.3;7.7;0.7;102441.1;34.4;276.4;756.2;33196.1;8.6;0.9;11.3;239.4
4;2018-11-28 07:00:00;281.4;62.5;10.0;0.8;78789.4;32.4;279.0;659.2;30139.2;8.4;0.8;11.7;336.7
4;2018-11-28 08:00:00;262.3;45.5;10.7;0.7;97869.2;29.9;180.4;610.7;22769.0;7.9;0.2;9.9;341.7
4;2018-11-28 09:00:00;380.8;73.8;15.0;1.4;55188.2;38.0;365.5;638.4;47030.0;12.8;5.0;14.7;317.2
4;2018-11-28 10:00:00;375.3;68.9;16.1;1.8;96049.0;40.9;365.6;860.5;45622.1;9.5;4.3;15.0;328.8
4;2018-11-28 11:00:00;357.9;57.7;12.9;1.0;71192.8;47.0;191.5;1236.5;25272.2;13.0;4.2;11.9;230.9
4;2018-11-28 12:00:00;257.2;49.0;11.4;0.8;84862.9;38.4;487.2;888.5;42655.1;15.5;0.1;10.3;310.4
4;2018-11-28 13:00:00;1348.1;55.8;10.1;0.6;63577.3;32.6;325.1;894.1;18528.8;9.9;0.0;9.9;349.0
4;2018-11-28 14:00:00;286.9;47.5;7.2;0.6;72234.7;29.1;243.3;665.2;20431.6;21.3;0.1;8.6;291.7
4;2018-11-28 15:00:00;255.4;51.7;11.3;0.7;67957.2;33.0;506.4;633.3;25868.1;8.6;0.4;10.8;152.4
4;2018-11-28 16:00:00;384.4;71.0;10.9;1.8;55793.3;32.6;619.7;775.7;22785.7;4.9;2.0;10.9;444.1
4;2018-11-28 17:00:00;254.3;66.8;12.5;1.5;104183.9;23.6;398.1;550.6;27577.2;1.5;0.2;10.8;527.6
4;2018-11-28 18:00:00;278.4;50.6;8.1;0.7;59770.4;23.1;700.5;521.6;27139.2;5.7;0.2;9.8;340.3
4;2018-11-28 19:00:00;182.1;29.0;7.8;0.4;34707.9;25.9;820.7;383.4;24021.2;3.4;0.0;5.1;59.1
4;2018-11-28 20:00:00;202.0;29.5;6.8;0.4;57566.9;27.2;651.5;376.6;33418.3;7.0;0.0;5.6;90.0
4;2018-11-28 21:00:00;145.1;33.4;7.6;0.4;74028.4;22.5;722.1;357.5;21072.3;5.5;0.0;6.2;78.0
4;2018-11-28 22:00:00;136.3;29.9;5.4;0.4;31148.4;22.2;678.9;322.9;25689.2;6.7;0.0;6.0;48.8
4;2018-11-28 23:00:00;111.0;27.6;3.6;0.4;29224.4;17.6;974.8;253.4;23965.0;4.3;0.0;5.4;89.3
4;2018-11-29 00:00:00;385.0;63.9;10.4;0.6;67984.4;57.0;756.3;656.2;29314.6;1.1;3.3;10.2;217.9
4;2018-11-29 01:00:00;327.4;71.1;11.1;1.5;94066.9;43.6;657.7;669.7;27501.8;3.4;14.4;13.2;627.7
4;2018-11-29 02:00:00;465.2;75.0;9.3;2.8;97041.7;37.4;542.4;640.4;30644.4;5.7;12.0;12.7;516.4
4;2018-11-29 03:00:00;428.2;69.1;57.8;1.4;74275.9;31.3;272.4;681.2;109013.6;8.9;5.4;11.2;308.2
4;2018-11-29 04:00:00;280.5;58.9;14.6;0.7;55888.6;32.2;289.9;607.0;34311.3;9.1;0.2;10.7;218.4
4;2018-11-29 05:00:00;220.3;51.4;11.7;0.7;95306.7;26.6;323.0;503.8;29172.0;6.1;0.0;9.6;269.9
4;2018-11-29 06:00:00;253.3;66.1;11.6;1.1;83693.5;29.9;192.2;662.6;20877.3;9.1;0.0;12.1;696.7
4;2018-11-29 07:00:00;261.4;51.5;14.3;1.1;63538.5;26.0;407.2;518.4;29153.7;28.2;0.2;9.4;257.1
4;2018-11-29 08:00:00;453.2;65.9;12.4;2.3;92220.1;40.5;336.5;1117.6;37817.5;37.0;1.3;13.5;545.0
4;2018-11-29 09:00:00;320.2;56.1;9.7;0.9;99213.1;38.8;1781.3;1020.6;22680.3;13.7;0.1;10.6;208.1
4;2018-11-29 10:00:00;319.2;63.4;9.4;1.0;87080.1;35.7;1515.8;904.4;31686.0;10.7;0.4;12.1;384.5
4;2018-11-29 11:00:00;392.7;57.6;10.3;1.3;75493.8;40.5;1638.7;959.7;36447.8;11.0;0.4;11.1;248.6
4;2018-11-29 12:00:00;381.1;84.1;11.0;3.6;121397.5;34.8;1593.2;898.1;30883.3;19.1;2.2;12.2;254.7
4;2018-11-29 13:00:00;277.3;68.0;12.4;1.0;118934.9;29.4;1905.7;673.5;28892.1;33.7;0.2;10.7;341.7
4;2018-11-29 14:00:00;298.8;51.8;16.3;0.7;100718.7;35.0;2282.7;745.4;32086.6;3.4;0.1;11.0;281.1
4;2018-11-29 15:00:00;184.1;48.3;11.0;0.6;88007.5;28.6;2553.9;561.9;28755.7;2.6;0.0;9.6;202.4
4;2018-11-29 16:00:00;369.1;63.1;5.4;0.5;74032.7;28.5;2117.6;698.7;40765.3;2.6;0.2;9.2;334.6
4;2018-11-29 17:00:00;358.4;54.0;7.8;0.6;94925.3;33.2;1913.8;810.0;14080.2;2.0;0.1;10.8;275.0
4;2018-11-29 18:00:00;233.0;51.4;10.9;0.6;78074.1;31.7;2327.0;769.7;58376.0;2.1;0.0;10.0;274.1
4;2018-11-29 19:00:00;231.6;46.5;9.0;0.5;73874.8;30.1;2252.9;570.8;66664.9;2.4;0.0;8.4;159.5
4;2018-11-29 20:00:00;312.2;35.6;8.3;0.4;116667.1;28.1;1401.2;525.8;62726.7;1.4;0.0;7.2;169.9
4;2018-11-29 21:00:00;266.0;70.5;12.6;1.2;83362.2;30.4;1617.4;681.6;58689.9;3.0;0.8;11.1;84.7
4;2018-11-29 22:00:00;164.3;36.8;6.8;0.5;61679.7;27.1;1422.8;612.5;45019.5;10.2;0.0;7.6;216.6
4;2018-11-29 23:00:00;200.9;34.9;4.1;0.4;34355.1;21.5;1338.7;473.6;28675.7;9.1;0.0;7.1;235.4
4;2018-11-30 00:00:00;371.1;55.0;6.9;0.6;86517.0;67.5;782.4;758.0;26171.1;3.1;5.7;10.7;195.1
4;2018-11-30 01:00:00;332.4;61.4;9.2;0.8;81793.6;48.4;758.7;722.5;9313.0;2.0;10.2;11.5;710.0
4;2018-11-30 02:00:00;241.8;60.4;11.0;0.7;62922.6;36.2;329.9;637.4;22905.5;2.5;9.4;12.1;473.0
4;2018-11-30 03:00:00;5328.8;63.4;62.1;1.4;104050.5;31.7;210.6;695.2;127511.9;14.3;0.4;12.3;458.6
4;2018-11-30 04:00:00;267.3;63.3;13.7;1.1;75905.7;34.7;199.1;713.1;8144.7;9.2;0.1;11.8;419.2
4;2018-11-30 05:00:00;1081.1;50.1;8.5;0.8;86457.1;31.3;182.1;695.5;17097.2;8.5;0.4;10.3;593.1
4;2018-11-30 06:00:00;193.7;49.5;6.4;0.6;74320.4;25.7;155.1;598.2;13491.8;6.6;0.0;9.0;291.8
4;2018-11-30 07:00:00;277.1;51.3;8.6;0.6;82205.9;30.0;261.4;663.4;22853.6;27.7;0.4;10.4;233.0
4;2018-11-30 08:00:00;398.4;65.8;9.4;2.3;111711.3;38.7;223.6;1198.5;15341.0;17.9;5.9;12.5;607.9
4;2018-11-30 09:00:00;457.2;60.9;11.9;1.8;89584.3;33.4;316.4;829.0;30626.6;25.1;1.3;10.5;416.9
4;2018-11-30 10:00:00;296.6;58.0;11.8;1.0;64910.9;32.6;172.3;787.9;31687.1;15.4;0.4;11.4;433.3
4;2018-11-30 11:00:00;377.4;60.2;8.1;0.6;89494.6;27.0;204.8;663.2;45844.1;21.9;0.1;9.5;325.5
4;2018-11-30 12:00:00;381.0;88.8;11.9;7.6;89493.7;36.2;252.1;873.8;23880.7;12.5;3.2;14.4;323.5
4;2018-11-30 13:00:00;278.5;68.3;8.8;1.1;65764.5;26.6;154.0;698.0;21050.5;11.8;9.8;10.7;365.3
4;2018-11-30 14:00:00;301.0;67.5;6.8;1.4;73436.2;24.8;168.3;614.7;25120.8;8.8;16.6;10.1;428.4
4;2018-11-30 15:00:00;302.5;65.9;7.2;3.0;67847.4;19.7;174.0;664.9;20259.5;20.0;0.4;10.9;342.5
4;2018-11-30 16:00:00;251.3;59.3;7.1;1.0;61608.7;17.4;187.2;547.0;20640.9;6.7;0.0;10.0;512.4
4;2018-11-30 17:00:00;220.0;32.1;5.3;0.4;75454.5;16.8;170.1;351.9;22281.2;3.1;0.0;5.4;317.2
4;2018-11-30 18:00:00;200.6;49.3;8.7;0.6;57353.8;20.2;123.0;408.2;20074.2;9.9;0.2;9.6;442.0
4;2018-11-30 19:00:00;121.8;24.9;3.9;0.3;23480.4;16.2;147.9;262.5;21817.4;1.3;0.0;3.9;166.3
4;2018-11-30 20:00:00;107.6;21.8;4.9;0.4;51012.7;14.2;132.5;259.1;36764.6;9.6;0.0;4.3;242.6
4;2018-11-30 21:00:00;141.3;33.4;7.9;0.4;77291.3;12.2;295.8;343.2;26265.4;7.5;0.0;5.8;53.5
4;2018-11-30 22:00:00;105.9;21.4;4.4;0.4;37186.1;9.8;141.2;208.9;19769.2;6.4;0.0;4.9;50.4
4;2018-11-30 23:00:00;111.4;23.4;5.9;0.4;23942.1;10.7;139.2;224.1;22053.8;5.3;0.0;5.0;42.8
4;2018-12-01 00:00:00;237.5;42.1;5.1;0.4;57747.7;48.0;328.7;338.5;19830.8;0.8;0.0;5.1;96.7
4;2018-12-01 01:00:00;167.1;41.9;2.5;0.4;42636.7;18.6;228.2;248.2;19042.3;0.7;0.0;5.2;205.1
4;2018-12-01 02:00:00;248.8;45.9;4.0;0.4;21390.6;14.5;159.0;275.8;19365.7;3.6;0.1;6.4;259.1
4;2018-12-01 03:00:00;320.2;48.2;30.9;0.6;64666.7;18.0;316.6;455.1;63902.8;18.4;0.8;7.9;203.6
4;2018-12-01 04:00:00;230.2;63.2;4.7;1.7;75474.8;21.0;189.5;454.2;18635.6;32.5;0.0;9.5;388.1
4;2018-12-01 05:00:00;258.9;68.0;7.9;1.3;99440.7;21.7;176.8;602.1;26409.0;11.6;0.2;11.3;801.1
4;2018-12-01 06:00:00;157.8;39.8;5.0;0.5;70872.5;16.6;151.7;527.7;21348.0;17.0;0.0;8.2;334.1
4;2018-12-01 07:00:00;136.1;28.8;2.8;0.4;65268.9;15.0;402.2;430.4;17674.5;21.9;0.1;5.0;154.9
4;2018-12-01 08:00:00;328.7;39.5;6.7;1.7;43752.4;24.1;415.5;665.5;29011.1;37.3;2.4;7.1;318.7
4;2018-12-01 09:00:00;219.7;53.3;8.5;0.6;64337.9;18.2;171.4;622.6;27643.4;23.1;0.2;9.5;359.9
4;2018-12-01 10:00:00;236.6;47.3;5.8;0.5;44377.6;14.8;174.7;448.7;21170.4;29.6;0.2;8.4;414.6
4;2018-12-01 11:00:00;1016.4;90.7;17.6;14.5;86186.1;27.2;112.8;1198.9;33293.9;5.6;32.4;12.5;848.5
4;2018-12-01 12:00:00;397.5;75.2;11.0;16.8;90004.1;24.4;78.1;969.5;11335.4;9.5;49.7;10.0;683.9
4;2018-12-01 13:00:00;271.2;44.2;3.0;0.6;82150.5;16.5;98.0;484.3;14017.9;17.1;1.2;6.1;317.9
4;2018-12-01 14:00:00;210.0;34.6;3.3;0.5;21487.8;11.2;141.8;274.1;13962.2;19.8;0.9;5.5;306.5
4;2018-12-01 15:00:00;158.3;27.1;2.2;0.3;32061.2;8.8;147.0;207.6;13261.2;4.2;0.0;4.4;241.8
4;2018-12-01 16:00:00;132.8;28.6;2.5;0.3;16254.4;9.4;146.8;208.6;16888.4;3.5;0.0;4.2;178.9
4;2018-12-01 17:00:00;169.2;42.3;4.1;0.6;30934.9;10.3;136.8;346.8;15993.4;1.1;0.1;7.4;390.9
4;2018-12-01 18:00:00;145.0;34.5;5.2;0.4;49149.2;9.8;124.1;311.6;14984.6;1.3;0.0;5.9;313.4
4;2018-12-01 19:00:00;118.0;22.9;2.1;0.3;14949.5;10.3;157.1;156.8;20849.8;1.6;0.0;3.5;200.6
4;2018-12-01 20:00:00;140.3;29.2;2.3;0.3;14534.9;8.5;143.6;144.5;26142.9;1.3;0.0;4.2;197.4
4;2018-12-01 21:00:00;120.5;31.5;3.4;0.4;40425.4;9.4;202.9;265.0;16154.3;1.9;0.0;4.7;57.5
4;2018-12-01 22:00:00;79.0;17.2;1.3;0.2;13050.1;8.0;170.1;122.7;14931.0;1.4;0.0;2.6;53.1
4;2018-12-01 23:00:00;120.3;26.0;2.3;0.3;12420.5;7.7;147.9;147.7;16701.8;0.6;0.0;4.2;190.4
4;2018-12-02 00:00:00;408.3;72.4;10.9;0.9;79752.6;55.3;418.7;613.0;17248.8;0.9;4.7;12.9;191.6
4;2018-12-02 01:00:00;465.4;70.2;11.9;0.7;79247.0;51.5;463.9;627.3;18855.3;1.1;10.7;11.9;505.0
4;2018-12-02 02:00:00;302.7;81.8;11.5;5.8;71208.0;29.4;249.3;548.7;31673.5;1.8;6.1;13.8;623.3
4;2018-12-02 03:00:00;400.3;76.5;76.0;2.8;89379.2;23.3;262.1;548.0;115443.0;7.1;1.1;12.5;459.4
4;2018-12-02 04:00:00;303.4;61.0;11.2;0.6;95123.6;26.9;271.6;509.7;15284.8;20.1;0.1;8.8;409.0
4;2018-12-02 05:00:00;1633.8;82.7;9.3;3.4;74447.5;27.4;174.0;785.4;21775.0;13.5;0.3;13.2;479.1
4;2018-12-02 06:00:00;244.0;54.6;8.9;0.7;84606.3;24.7;267.2;608.0;18924.7;17.8;0.9;9.8;414.7
4;2018-12-02 07:00:00;323.6;76.6;8.0;1.7;91665.6;22.7;325.2;651.1;24666.6;16.1;0.0;12.9;476.6
4;2018-12-02 08:00:00;302.0;56.1;9.2;0.9;90420.2;24.8;189.2;1029.4;21699.4;18.1;0.0;10.5;449.0
4;2018-12-02 09:00:00;271.9;71.7;5.1;1.3;73010.8;21.1;1000.5;670.6;23000.8;12.8;0.0;10.3;444.1
4;2018-12-02 10:00:00;255.7;63.2;5.9;1.1;57179.0;23.2;987.9;646.9;30015.3;18.4;0.0;9.8;377.2
4;2018-12-02 11:00:00;259.3;56.2;6.5;0.9;27238.1;16.5;1002.3;438.0;48341.4;21.1;0.0;9.0;357.8
4;2018-12-02 12:00:00;240.5;48.4;4.0;0.6;47952.4;14.9;1143.2;438.6;30345.3;16.3;0.0;7.2;216.2
4;2018-12-02 13:00:00;223.9;36.2;3.0;0.6;57622.5;13.0;1322.4;481.2;20764.5;16.7;0.0;5.2;154.7
4;2018-12-02 14:00:00;219.9;32.4;2.9;0.4;28189.8;9.8;1240.0;255.3;19311.4;24.5;0.0;5.0;280.9
4;2018-12-02 15:00:00;178.3;37.3;9.6;0.4;79486.7;9.8;180.8;345.3;20312.8;11.3;0.0;5.6;344.3
4;2018-12-02 16:00:00;117.2;24.0;12.6;0.3;52226.1;8.2;196.2;248.3;17400.9;1.8;0.0;4.1;102.0
4;2018-12-02 17:00:00;149.6;23.4;14.6;0.4;72556.0;9.0;197.4;275.6;22422.2;2.1;0.1;5.5;52.3
4;2018-12-02 18:00:00;221.1;37.3;16.5;0.4;76453.4;12.4;179.9;336.1;43828.4;1.6;0.0;6.5;194.5
4;2018-12-02 19:00:00;142.6;21.6;13.5;0.3;64695.6;11.4;211.7;318.2;20682.5;1.6;0.0;4.3;73.6
4;2018-12-02 20:00:00;146.2;22.5;11.5;0.3;32465.6;8.3;131.9;234.8;17077.1;1.3;0.0;4.2;170.7
4;2018-12-02 21:00:00;166.8;39.4;3.2;0.6;22627.2;9.6;239.0;311.8;19766.7;1.7;0.3;6.5;189.9
4;2018-12-02 22:00:00;120.2;22.0;2.1;0.4;25797.1;7.2;146.0;186.5;19128.4;1.6;0.0;4.9;111.0
4;2018-12-02 23:00:00;125.5;29.6;4.2;0.4;19908.2;10.4;159.0;231.7;4612.3;2.3;0.0;6.0;186.4
4;2018-12-03 00:00:00;380.6;76.0;6.3;2.9;94659.5;41.7;427.0;573.9;18356.9;0.8;21.7;10.0;283.1
4;2018-12-03 01:00:00;324.8;67.9;10.5;1.5;74592.5;34.8;324.7;622.3;21063.5;1.3;17.4;13.1;566.0
4;2018-12-03 02:00:00;363.0;69.5;12.5;1.0;51402.2;23.3;193.1;511.4;30930.2;1.4;2.4;10.6;553.5
4;2018-12-03 03:00:00;509.0;64.4;55.5;2.3;54632.5;27.1;250.9;551.1;83074.3;5.1;14.9;11.5;134.8
4;2018-12-03 04:00:00;230.7;67.8;10.1;1.1;91347.9;23.6;354.8;584.7;22219.7;17.5;0.7;12.1;482.4
4;2018-12-03 05:00:00;320.1;48.6;6.4;0.8;77536.1;22.1;156.3;823.1;13785.9;17.5;0.8;9.1;247.4
4;2018-12-03 06:00:00;356.9;74.9;11.6;6.5;102479.8;35.8;232.5;1160.5;17952.8;16.9;6.2;13.8;750.1
4;2018-12-03 07:00:00;292.5;57.4;9.0;0.8;84697.9;36.5;376.5;1179.6;24572.5;19.4;0.3;10.7;326.9
4;2018-12-03 08:00:00;260.1;64.7;8.9;0.9;47441.5;32.2;518.5;803.6;36759.5;20.3;3.7;11.0;284.2
4;2018-12-03 09:00:00;341.7;69.0;9.2;3.1;67394.1;38.5;347.1;887.0;18540.1;19.7;26.5;12.9;292.9
4;2018-12-03 10:00:00;367.2;62.1;8.8;1.7;62657.7;40.1;452.7;847.7;30598.6;27.0;1.1;12.4;332.2
4;2018-12-03 11:00:00;318.1;74.5;10.2;1.9;87879.2;32.6;385.1;790.2;52352.8;28.3;1.8;13.0;338.5
4;2018-12-03 12:00:00;349.5;74.4;10.1;1.7;92449.1;39.3;282.1;866.5;29944.7;22.1;13.0;13.3;343.9
4;2018-12-03 13:00:00;369.6;68.4;10.0;1.9;95267.9;38.0;344.3;880.8;23797.2;27.8;1.6;12.7;328.1
4;2018-12-03 14:00:00;422.5;55.3;7.7;0.7;90549.7;28.8;218.9;567.2;25279.9;31.3;0.9;10.7;265.1
4;2018-12-03 15:00:00;445.0;69.4;13.2;6.3;86046.6;33.4;742.5;776.7;18969.0;23.2;4.0;13.3;162.2
4;2018-12-03 16:00:00;341.5;73.3;12.3;2.3;147034.7;32.5;1552.2;677.3;20979.0;19.6;23.5;13.7;299.4
4;2018-12-03 17:00:00;290.1;64.5;6.1;1.8;109917.2;25.0;305.6;587.6;15283.2;20.4;15.5;9.2;355.8
4;2018-12-03 18:00:00;230.5;45.3;5.4;0.5;41442.7;20.4;166.9;450.1;15680.2;11.6;0.5;7.9;304.6
4;2018-12-03 19:00:00;374.7;45.1;7.6;0.5;55444.5;21.5;208.2;417.0;16718.3;4.2;0.1;10.3;254.4
4;2018-12-03 20:00:00;263.0;37.1;10.3;0.6;64975.6;23.1;188.0;425.1;28164.5;6.3;0.1;8.4;141.7
4;2018-12-03 21:00:00;267.6;38.2;13.7;0.8;102298.0;25.4;215.0;550.7;16838.9;4.0;0.5;9.3;227.0
4;2018-12-03 22:00:00;164.6;34.4;10.9;0.5;56885.3;22.6;152.3;493.2;16945.0;7.6;0.0;6.5;88.3
4;2018-12-03 23:00:00;206.4;43.2;5.1;0.4;41129.1;18.6;160.7;475.6;12836.7;7.4;0.2;6.4;210.1
4;2018-12-04 00:00:00;525.3;67.0;10.2;0.9;95784.5;65.5;556.5;816.8;20068.2;7.3;1.5;10.8;237.8
4;2018-12-04 01:00:00;442.7;69.6;10.5;2.9;74593.8;64.9;271.5;784.4;25524.9;2.7;2.1;13.8;694.0
4;2018-12-04 02:00:00;344.5;86.7;14.6;7.4;82167.6;51.3;247.7;769.1;38650.7;3.6;9.9;15.8;555.1
4;2018-12-04 03:00:00;516.0;75.2;47.3;4.2;102648.3;37.8;251.7;955.9;81581.7;10.6;2.3;14.2;475.1
4;2018-12-04 04:00:00;382.8;84.5;20.1;1.5;108640.6;37.9;2693.3;893.4;21424.7;10.8;10.7;15.0;366.2
4;2018-12-04 05:00:00;377.6;75.6;10.6;3.1;110678.5;39.2;2117.6;866.0;30304.6;8.0;0.7;13.1;501.2
4;2018-12-04 06:00:00;382.6;64.2;19.6;1.3;79337.6;27.4;149.0;559.3;25511.5;6.6;27.1;14.4;279.6
4;2018-12-04 07:00:00;367.0;71.9;18.5;3.7;105221.6;27.7;277.2;786.5;21785.2;18.2;4.5;13.5;379.0
4;2018-12-04 08:00:00;389.5;82.4;21.9;4.4;96369.6;33.8;123.8;889.6;48383.7;15.8;1.2;17.0;417.8
4;2018-12-04 09:00:00;299.4;65.5;14.6;1.1;119257.0;28.2;394.1;646.2;23074.5;24.2;6.9;15.2;253.1
4;2018-12-04 10:00:00;1262.9;75.0;14.4;2.7;136457.3;32.3;184.8;778.1;20617.0;18.2;12.6;13.7;455.8
4;2018-12-04 11:00:00;303.2;57.6;10.1;0.6;99359.1;29.9;147.6;789.7;5150.6;6.9;0.1;10.5;197.8
4;2018-12-04 12:00:00;343.3;83.5;11.5;6.1;118688.7;36.2;162.8;942.9;42125.2;6.5;9.7;12.3;344.0
4;2018-12-04 13:00:00;270.7;76.3;12.5;1.6;119326.3;33.8;228.6;965.3;30949.7;8.3;5.4;13.4;409.6
4;2018-12-04 14:00:00;440.9;74.1;15.1;3.9;94383.0;39.7;278.9;1254.4;20081.9;20.9;2.7;13.0;339.3
4;2018-12-04 15:00:00;343.0;86.9;13.2;9.4;119794.2;43.9;179.9;1268.3;18690.4;25.6;5.7;16.7;383.6
4;2018-12-04 16:00:00;334.7;82.0;9.7;3.1;90775.5;40.0;236.1;1242.3;23403.7;7.5;1.5;14.2;391.7
4;2018-12-04 17:00:00;364.7;59.5;9.6;1.3;103642.6;34.0;191.6;1105.1;12211.7;18.5;0.9;10.8;389.5
4;2018-12-04 18:00:00;284.3;63.3;9.8;1.5;149205.2;33.9;256.7;847.2;22636.3;11.6;18.9;12.7;678.1
4;2018-12-04 19:00:00;262.1;48.4;7.1;0.6;71709.1;31.9;213.5;785.6;17724.4;5.5;0.3;8.7;380.7
4;2018-12-04 20:00:00;243.6;53.5;8.1;0.8;99653.1;26.0;149.0;677.4;34139.9;10.3;1.0;8.6;378.6
4;2018-12-04 21:00:00;576.5;70.7;13.2;3.1;151092.1;35.9;248.9;897.3;28063.5;3.2;9.9;13.8;270.9
4;2018-12-04 22:00:00;272.7;57.9;9.6;1.6;49705.2;21.2;203.0;509.8;27580.5;7.7;1.3;11.4;291.1
4;2018-12-04 23:00:00;175.1;31.1;6.6;0.4;76968.1;18.8;207.2;459.2;15385.7;10.6;0.2;6.3;192.1
4;2018-12-05 00:00:00;353.1;84.4;30.4;7.8;88959.8;47.9;888.2;760.8;43078.6;7.5;19.3;13.4;220.9
4;2018-12-05 01:00:00;360.8;76.9;14.3;5.5;95251.1;44.9;621.4;752.4;40880.1;4.4;24.0;15.0;495.7
4;2018-12-05 02:00:00;412.0;85.4;14.0;5.8;97678.6;40.7;190.8;854.1;19329.6;6.4;26.9;15.4;462.8
4;2018-12-05 03:00:00;480.6;87.4;34.6;5.9;104410.7;37.9;257.2;884.9;60588.0;10.3;7.9;16.5;339.6
4;2018-12-05 04:00:00;367.0;89.6;19.8;9.4;160335.7;42.0;200.0;839.2;32523.6;8.0;4.9;19.9;439.7
4;2018-12-05 05:00:00;309.3;87.2;21.2;4.4;115201.8;37.5;213.0;852.7;14501.8;8.3;0.8;17.6;439.8
4;2018-12-05 06:00:00;420.7;89.2;16.5;5.6;154319.0;37.8;193.3;1142.4;15941.9;10.4;27.6;18.1;313.1
4;2018-12-05 07:00:00;313.1;78.0;13.5;1.9;127843.3;39.8;201.2;816.5;16257.3;7.1;13.0;15.4;364.6
4;2018-12-05 08:00:00;356.7;77.9;13.7;4.4;139385.9;45.4;167.7;990.6;14449.1;10.4;20.9;12.3;371.3
4;2018-12-05 09:00:00;490.7;78.1;14.7;4.7;113294.7;55.8;373.2;1093.2;36483.9;15.9;14.4;15.0;336.2
4;2018-12-05 10:00:00;513.8;76.7;15.2;4.1;124206.1;53.7;340.8;958.5;21258.9;16.3;26.4;14.2;397.8
4;2018-12-05 11:00:00;425.1;73.0;12.6;2.6;134882.3;54.0;366.8;906.6;53318.2;23.9;35.0;13.2;508.3
4;2018-12-05 12:00:00;489.9;73.6;8.7;12.4;152189.5;57.1;150.8;1125.7;22658.2;21.1;58.7;11.2;249.9
4;2018-12-05 13:00:00;683.1;78.0;11.9;15.0;160247.2;57.2;445.2;1249.0;20587.3;20.2;45.9;12.9;437.5
4;2018-12-05 14:00:00;7178.2;71.8;10.9;1.9;135541.8;57.7;458.6;1243.5;14848.4;22.2;7.8;12.5;408.9
4;2018-12-05 15:00:00;716.3;79.3;10.2;12.4;182869.8;60.3;215.1;1270.5;35655.6;12.0;27.5;13.5;403.5
4;2018-12-05 16:00:00;551.0;78.1;9.4;3.8;135069.2;54.9;212.8;1291.9;23425.3;20.2;21.6;12.8;295.5
4;2018-12-05 17:00:00;582.6;85.9;9.5;6.0;86912.8;54.9;247.2;1294.4;16323.7;18.5;14.1;14.0;439.6
4;2018-12-05 18:00:00;367.0;76.0;7.3;3.2;111324.5;47.8;604.6;1265.2;15871.1;21.4;23.3;12.0;512.1
4;2018-12-05 19:00:00;212.1;52.2;8.0;0.6;78354.4;40.8;627.6;949.6;13148.0;14.3;0.4;9.1;281.8
4;2018-12-05 20:00:00;309.7;55.0;8.0;1.9;77442.0;31.3;871.5;673.0;15756.7;22.0;1.5;8.5;247.3
4;2018-12-05 21:00:00;335.5;52.1;8.4;1.2;91244.3;34.0;730.3;719.6;23848.8;14.9;0.7;8.6;223.7
4;2018-12-05 22:00:00;191.3;43.8;5.9;0.5;81688.9;26.3;914.4;513.4;12802.5;20.8;0.0;7.3;201.8
4;2018-12-05 23:00:00;327.3;42.6;6.6;0.5;63249.4;26.6;923.9;600.5;17034.5;7.3;0.3;7.2;158.2
4;2018-12-06 00:00:00;319.2;73.3;27.5;3.1;115681.3;52.1;1682.6;689.1;20635.6;2.8;26.3;10.9;274.0
4;2018-12-06 01:00:00;319.9;65.5;10.6;1.6;117799.7;45.6;407.6;736.3;22460.2;2.0;20.2;11.8;684.9
4;2018-12-06 02:00:00;420.8;72.0;13.7;1.6;103855.0;41.9;173.0;802.9;20885.6;6.1;10.4;12.1;684.2
4;2018-12-06 03:00:00;573.0;77.9;47.0;5.5;152141.7;43.2;240.3;824.9;70899.8;9.0;18.6;12.6;550.1
4;2018-12-06 04:00:00;298.6;72.1;17.2;3.3;150289.0;45.9;4988.4;725.2;13950.2;8.0;5.8;11.2;432.2
4;2018-12-06 05:00:00;330.8;77.3;18.5;3.9;118393.6;45.3;6878.2;916.4;30757.6;4.7;3.3;12.7;433.9
4;2018-12-06 06:00:00;421.8;76.2;11.8;6.0;149162.8;46.9;249.2;1021.7;17074.1;10.9;29.0;11.8;382.0
4;2018-12-06 07:00:00;235.8;60.8;18.0;0.7;133859.2;43.7;278.7;841.0;13086.7;24.8;3.4;11.8;547.4
4;2018-12-06 08:00:00;399.6;67.8;12.0;3.0;116451.8;42.5;468.8;940.7;32614.7;23.4;15.1;12.2;415.4
4;2018-12-06 09:00:00;647.7;79.2;14.4;20.7;119606.1;65.9;332.6;1177.8;35813.4;15.7;49.8;14.4;442.4
4;2018-12-06 10:00:00;430.7;70.4;16.2;2.7;152505.6;59.6;443.5;1271.2;19943.9;22.3;12.2;13.1;225.1
4;2018-12-06 11:00:00;467.0;77.5;16.8;9.1;165206.4;65.5;487.4;1323.0;42217.2;24.9;46.5;15.2;436.9
4;2018-12-06 12:00:00;472.8;69.3;18.3;10.9;103303.0;63.3;363.6;1393.1;18925.6;19.2;41.4;13.6;462.9
4;2018-12-06 13:00:00;531.1;71.2;13.3;10.9;136142.7;58.3;283.3;1256.7;17272.8;42.3;50.1;13.4;401.3
4;2018-12-06 14:00:00;358.7;65.7;13.9;2.3;96392.9;57.7;222.7;1264.9;15171.0;23.6;42.0;13.8;308.1
4;2018-12-06 15:00:00;473.5;79.7;17.8;7.3;128451.2;48.8;174.7;1076.6;38716.9;15.6;13.3;15.3;439.9
4;2018-12-06 16:00:00;298.3;82.3;14.9;1.5;114989.3;42.7;754.4;1062.4;41673.8;15.1;7.6;14.0;435.7
4;2018-12-06 17:00:00;449.6;73.1;12.0;5.6;130394.5;42.2;938.4;1110.8;19423.8;23.0;5.7;12.6;324.8
4;2018-12-06 18:00:00;287.3;52.8;12.7;0.8;80326.2;32.2;756.8;711.6;17261.4;23.2;0.4;10.1;237.1
4;2018-12-06 19:00:00;357.7;54.3;9.9;0.6;66918.3;24.9;698.0;485.2;16047.8;14.8;2.3;9.7;208.1
4;2018-12-06 20:00:00;336.9;52.2;9.0;1.0;75528.9;27.2;749.6;489.9;20889.6;15.8;0.6;9.2;203.3
4;2018-12-06 21:00:00;268.1;52.0;14.4;0.9;80674.1;31.9;1214.9;614.4;22546.8;17.5;0.4;10.1;315.2
4;2018-12-06 22:00:00;188.4;49.4;7.5;0.5;76549.7;27.7;938.7;531.5;17607.1;8.8;0.1;8.4;277.0
4;2018-12-06 23:00:00;195.5;40.8;7.5;0.5;72597.6;24.0;1107.8;436.6;20261.4;7.3;0.1;7.1;271.2
4;2018-12-10 00:00:00;285.1;69.7;25.6;3.7;118696.4;41.8;787.5;591.8;24318.9;2.2;29.1;8.8;549.5
4;2018-12-10 01:00:00;259.2;69.3;5.7;1.6;103179.4;40.4;423.4;640.9;19263.1;1.0;21.5;12.3;790.8
4;2018-12-10 02:00:00;324.8;81.2;9.5;5.3;87371.8;38.0;180.0;729.1;16627.9;3.0;12.4;14.0;595.4
4;2018-12-10 03:00:00;597.0;66.4;59.4;1.9;86152.5;38.8;307.0;1021.7;101582.8;11.9;5.7;12.3;533.4
4;2018-12-10 04:00:00;306.6;76.6;17.0;1.4;109131.9;31.9;207.6;689.4;17042.0;7.1;0.2;13.2;623.0
4;2018-12-10 05:00:00;228.8;55.9;14.6;0.9;94936.0;32.7;347.6;759.9;18878.7;10.2;0.2;10.6;285.6
4;2018-12-10 06:00:00;324.4;91.2;16.0;7.8;85260.1;38.2;177.9;903.8;17446.7;12.5;5.3;16.6;545.9
4;2018-12-10 07:00:00;321.6;74.8;12.7;3.4;84045.1;39.5;193.1;1123.1;25313.5;20.5;1.6;13.2;426.5
4;2018-12-10 08:00:00;439.0;70.2;12.4;3.4;94419.7;43.8;394.7;1177.5;19703.6;28.1;1.6;12.5;391.0
4;2018-12-10 09:00:00;390.7;68.8;12.7;2.4;94454.0;44.4;375.3;1225.7;25547.3;17.7;10.2;10.6;309.4
4;2018-12-10 10:00:00;349.2;72.6;15.6;2.1;87653.7;44.8;445.8;1181.8;19123.1;15.4;2.3;13.7;534.0
4;2018-12-10 11:00:00;348.3;77.6;15.6;2.9;93458.3;43.7;462.2;1149.4;27640.9;14.4;3.7;13.0;416.0
4;2018-12-10 12:00:00;409.3;72.8;14.2;1.6;105712.8;44.1;501.6;1036.6;27783.3;11.5;7.5;11.8;262.8
4;2018-12-10 13:00:00;309.1;79.4;19.8;3.1;97562.2;46.2;411.1;1129.1;22800.6;19.1;3.8;13.4;407.7
4;2018-12-10 14:00:00;270.6;54.1;17.5;0.7;85899.2;36.1;416.4;860.9;33759.8;3.2;3.1;9.8;413.7
4;2018-12-10 15:00:00;488.9;59.9;9.2;2.4;102575.4;35.5;329.9;917.8;20463.1;7.3;42.0;9.8;538.2
4;2018-12-10 16:00:00;307.4;54.6;13.3;1.4;91839.6;36.5;347.0;728.5;27216.0;5.1;36.8;10.4;386.4
4;2018-12-10 17:00:00;596.6;68.2;9.3;1.6;88228.5;36.9;266.3;681.8;22914.1;4.0;38.2;11.9;423.2
4;2018-12-10 18:00:00;340.1;65.1;12.4;1.9;72976.1;39.1;176.7;977.0;15598.7;7.0;9.5;12.5;400.4
4;2018-12-10 19:00:00;378.9;68.1;20.9;1.6;78803.1;46.0;176.2;998.3;16011.8;3.4;12.2;13.9;337.3
4;2018-12-10 20:00:00;265.4;54.3;15.0;0.7;72521.1;42.3;124.1;864.1;12447.9;3.3;12.6;10.3;453.5
4;2018-12-10 21:00:00;284.0;66.5;11.5;0.8;73984.9;41.4;130.9;811.8;14413.4;3.0;1.5;11.0;395.2
4;2018-12-10 22:00:00;249.7;56.5;7.0;0.6;106888.3;33.3;132.6;729.2;17480.9;2.2;0.0;8.8;348.5
4;2018-12-10 23:00:00;220.8;46.6;11.6;0.7;101803.1;35.1;121.8;712.4;26134.4;3.5;0.0;9.5;354.6
4;2018-12-11 00:00:00;299.7;56.5;17.3;0.8;105140.7;58.1;353.3;1009.0;19881.8;4.7;18.5;10.5;288.3
4;2018-12-11 01:00:00;355.9;66.2;14.5;1.1;109691.5;50.5;423.0;899.0;22244.4;1.0;22.0;12.2;486.4
4;2018-12-11 02:00:00;354.2;79.8;16.8;5.2;104870.2;52.5;158.1;902.2;20321.6;3.3;15.0;16.3;506.4
4;2018-12-11 03:00:00;333.2;77.5;26.9;3.1;121896.0;42.2;230.8;874.6;68229.6;11.2;13.0;12.6;409.0
4;2018-12-11 04:00:00;412.8;86.0;16.7;2.6;106314.7;48.8;251.4;925.1;36138.1;7.1;2.3;13.5;403.0
4;2018-12-11 05:00:00;272.4;73.4;11.5;1.4;91688.6;42.7;209.8;770.3;22563.8;8.8;2.3;12.3;558.4
4;2018-12-11 06:00:00;332.7;66.2;9.1;1.4;98876.6;42.0;195.9;1080.1;16507.8;2.8;35.0;11.2;598.4
4;2018-12-11 07:00:00;280.3;65.1;9.2;0.8;118149.0;42.2;285.7;840.6;25978.6;4.1;6.3;10.8;390.7
4;2018-12-11 08:00:00;378.4;64.8;9.2;1.4;105932.3;47.3;252.2;913.2;27704.9;9.2;4.2;12.0;260.3
4;2018-12-11 09:00:00;375.2;62.5;8.5;1.3;108372.1;36.8;230.7;821.7;20632.3;7.8;12.8;11.9;226.7
4;2018-12-11 10:00:00;434.1;76.2;13.7;7.5;137747.3;42.5;223.5;970.2;24162.0;5.7;25.9;16.3;438.3
4;2018-12-11 11:00:00;438.6;80.6;11.4;4.5;99279.4;45.0;174.1;948.5;29287.1;6.8;13.5;13.5;260.7
4;2018-12-11 12:00:00;402.6;84.6;14.0;8.7;152993.8;42.8;114.9;1039.8;21816.3;17.2;21.7;14.2;225.2
4;2018-12-11 13:00:00;331.5;68.0;12.6;1.6;116018.4;45.2;130.2;1026.6;17450.2;8.4;2.6;15.1;297.1
4;2018-12-11 14:00:00;436.6;72.2;11.4;4.5;131973.0;43.0;135.9;927.2;36411.0;7.1;22.7;13.1;470.7
4;2018-12-11 15:00:00;574.7;72.9;14.2;7.6;126970.0;40.0;164.8;1027.0;36159.7;14.2;10.8;15.0;527.5
4;2018-12-11 16:00:00;361.4;83.6;13.2;5.5;103773.6;47.2;270.1;1309.9;20067.3;16.1;9.1;17.0;445.1
4;2018-12-11 17:00:00;365.7;67.6;13.1;1.7;101754.5;51.4;326.5;1362.0;20138.2;15.0;3.6;13.8;305.3
4;2018-12-11 18:00:00;367.8;70.3;12.7;1.9;92088.5;49.6;766.5;1127.9;28120.1;6.5;16.2;13.8;223.4
4;2018-12-11 19:00:00;215.9;52.1;10.8;0.8;103772.0;46.5;937.9;869.3;25127.1;12.5;1.3;11.4;315.1
4;2018-12-11 20:00:00;189.1;37.3;9.9;0.5;76665.2;37.7;773.3;663.9;21795.0;8.6;0.0;7.5;150.2
4;2018-12-11 21:00:00;243.7;49.5;10.6;1.4;94241.7;39.0;688.8;844.3;19450.8;4.6;1.2;10.6;194.0
4;2018-12-11 22:00:00;203.7;47.4;10.8;0.7;75351.5;35.9;1043.1;692.9;19051.1;4.3;0.0;9.9;135.1
4;2018-12-11 23:00:00;210.2;36.5;10.3;0.5;67691.1;32.9;1217.4;575.2;21304.1;6.2;0.0;7.9;101.4
4;2018-12-12 00:00:00;457.4;87.4;10.0;16.3;104013.1;69.5;1549.6;948.7;27218.9;2.5;41.0;13.7;225.1
4;2018-12-12 01:00:00;406.1;74.7;11.7;8.2;109565.7;58.8;302.9;879.7;20369.4;0.7;39.9;12.6;457.4
4;2018-12-12 02:00:00;371.9;77.2;8.9;8.5;158503.7;52.1;243.3;841.0;21326.7;3.8;30.4;12.0;433.0
4;2018-12-12 03:00:00;447.2;79.2;44.7;6.2;131208.0;52.3;199.9;1031.5;94020.2;14.7;20.3;13.5;338.0
4;2018-12-12 04:00:00;432.6;83.8;9.7;12.1;151598.3;56.8;215.5;955.6;9801.1;2.9;44.4;13.3;383.7
4;2018-12-12 05:00:00;345.2;78.7;13.4;4.2;158040.5;51.1;211.2;919.5;33334.0;3.8;15.4;13.6;323.9
4;2018-12-12 06:00:00;366.6;80.9;15.9;7.0;150488.8;48.7;229.1;983.6;6352.3;10.8;27.2;13.8;477.4
4;2018-12-12 07:00:00;539.3;82.8;20.8;6.7;156254.7;50.3;204.1;1169.9;21909.8;6.9;42.3;16.0;441.7
4;2018-12-12 08:00:00;388.9;63.7;22.0;1.1;126079.4;38.2;328.7;912.0;43904.0;12.6;5.0;12.6;336.5
4;2018-12-12 09:00:00;510.1;67.9;18.7;4.6;147658.0;45.5;1486.2;1059.2;43778.0;12.8;27.2;15.3;293.0
4;2018-12-12 10:00:00;484.0;80.8;23.0;5.6;137742.4;46.0;498.6;1138.9;29610.6;20.6;26.1;17.2;426.7
4;2018-12-12 11:00:00;327.2;57.1;20.8;1.6;159356.4;42.6;876.4;1074.8;39169.9;19.5;18.3;14.1;155.0
4;2018-12-12 12:00:00;333.5;57.1;16.3;0.9;154374.9;48.3;642.6;1086.7;52038.1;9.9;30.4;12.4;212.1
4;2018-12-12 13:00:00;357.3;71.2;14.4;2.0;152848.6;37.7;1046.0;1140.4;32158.9;12.7;2.8;12.9;426.9
4;2018-12-12 14:00:00;395.9;52.7;16.2;0.7;115366.0;41.3;2066.5;1223.5;63169.4;10.6;6.8;12.2;369.9
4;2018-12-12 15:00:00;383.4;69.5;24.1;2.2;114199.5;43.8;1546.4;1227.4;145346.2;21.0;13.8;18.0;266.4
4;2018-12-12 16:00:00;341.8;69.0;20.6;1.7;192906.2;41.7;2384.3;1160.0;41288.4;9.7;4.7;16.9;288.0
4;2018-12-12 17:00:00;365.1;62.3;14.8;1.2;111476.4;37.8;1134.5;1128.8;39434.3;7.5;1.8;12.4;296.7
4;2018-12-12 18:00:00;255.9;51.2;9.9;0.7;99191.1;27.2;219.4;806.1;14558.4;8.4;0.7;11.0;396.5
4;2018-12-12 19:00:00;250.3;41.6;7.3;0.6;115610.5;31.0;167.2;778.0;35907.3;11.2;0.0;8.6;195.9
4;2018-12-12 20:00:00;216.8;34.8;11.4;0.5;92146.3;27.1;146.0;731.7;26219.3;13.9;0.0;7.2;163.7
4;2018-12-12 21:00:00;224.0;23.3;6.9;0.4;73927.4;23.1;114.7;704.9;2588.9;7.1;0.0;5.3;95.2
4;2018-12-12 22:00:00;393.6;29.5;9.7;0.5;63347.2;22.7;177.7;627.9;20601.8;4.6;0.0;7.8;67.1
4;2018-12-12 23:00:00;1132.0;43.3;13.7;0.7;62371.3;25.0;178.9;704.3;19889.9;4.8;2.3;11.8;225.2
4;2018-12-13 00:00:00;711.5;64.7;14.6;0.8;67611.0;49.2;600.6;938.1;18753.3;4.8;4.9;13.4;262.2
4;2018-12-13 01:00:00;369.5;73.1;17.4;1.8;95381.3;44.0;523.1;863.8;40183.3;3.4;11.3;16.5;520.8
4;2018-12-13 02:00:00;332.9;79.4;20.1;2.0;78952.6;39.9;201.0;897.4;15251.3;4.1;6.0;16.7;543.9
4;2018-12-13 03:00:00;543.2;65.1;46.3;4.0;87131.5;37.5;294.4;837.1;73312.7;6.9;19.3;14.5;298.9
4;2018-12-13 04:00:00;452.4;76.0;23.9;2.0;98555.7;39.5;5246.5;944.0;24437.2;9.8;3.0;17.8;360.9
4;2018-12-13 05:00:00;292.5;48.5;18.0;0.8;97201.6;31.3;3085.4;739.0;23538.4;10.2;3.5;13.6;333.8
4;2018-12-13 06:00:00;411.0;61.2;21.2;1.7;109714.0;36.3;7813.4;898.8;6299.2;14.3;2.9;14.9;311.3
4;2018-12-13 07:00:00;307.9;53.6;13.7;0.7;86688.2;35.8;278.8;897.6;22551.8;9.0;5.8;12.2;360.6
4;2018-12-13 08:00:00;211.4;42.8;15.3;0.6;88431.6;29.1;206.3;648.3;22967.5;8.4;1.3;9.4;414.2
4;2018-12-13 09:00:00;293.5;59.0;8.3;0.8;129404.0;34.1;173.8;864.5;34586.7;11.6;12.6;10.2;257.1
4;2018-12-13 10:00:00;472.2;83.8;9.8;8.0;116548.2;40.6;206.0;1126.7;17713.0;17.7;20.9;15.8;431.7
4;2018-12-13 11:00:00;482.2;61.4;13.7;3.4;107600.1;47.5;227.1;1296.4;32001.9;16.8;13.3;13.4;345.8
4;2018-12-13 12:00:00;341.1;58.0;11.0;1.0;68828.6;45.3;240.7;1202.1;21020.2;24.2;3.1;13.1;309.0
4;2018-12-13 13:00:00;354.5;50.2;11.5;1.3;75596.8;35.0;748.9;1079.2;27267.4;10.8;1.7;11.2;292.0
4;2018-12-13 14:00:00;317.8;50.1;13.0;0.8;60793.5;30.8;753.1;950.0;39938.8;8.6;0.6;9.8;226.0
4;2018-12-13 15:00:00;219.1;42.8;11.2;0.7;45226.0;28.3;979.1;852.9;23287.7;6.1;1.2;10.1;60.8
4;2018-12-13 16:00:00;294.9;62.6;12.4;1.3;88789.8;26.9;524.1;831.5;19741.5;19.0;1.7;11.2;333.6
4;2018-12-13 17:00:00;263.6;49.9;9.4;0.6;56699.6;28.9;870.6;805.3;24558.4;14.6;0.1;9.6;194.8
4;2018-12-13 18:00:00;318.7;44.9;8.9;0.6;91662.5;27.5;820.7;728.3;22633.6;5.9;0.1;8.5;289.1
4;2018-12-13 19:00:00;217.4;51.5;9.4;0.7;72650.7;22.3;690.5;646.4;21860.6;3.6;0.1;10.9;346.7
4;2018-12-13 20:00:00;534.8;35.1;11.1;0.6;55134.9;22.7;1363.8;591.1;38519.0;6.7;0.1;9.0;225.3
4;2018-12-13 21:00:00;192.1;44.0;9.6;0.6;56840.9;20.3;409.9;553.1;28498.0;3.1;0.2;8.5;36.2
4;2018-12-13 22:00:00;400.9;34.9;10.0;0.6;65703.3;20.1;162.5;564.8;22573.1;5.9;0.1;9.1;58.8
4;2018-12-13 23:00:00;200.5;28.6;7.6;0.5;30824.3;20.0;127.2;539.1;14011.4;6.0;0.3;6.9;96.1
4;2018-12-14 00:00:00;354.3;72.9;11.5;1.8;67012.2;60.6;627.3;1004.0;23279.0;4.8;14.0;14.1;281.6
4;2018-12-14 01:00:00;518.4;78.1;13.5;6.4;76773.9;59.9;238.6;1116.0;26630.9;2.3;35.0;15.1;722.5
4;2018-12-14 02:00:00;435.6;80.4;16.0;11.2;85320.1;47.2;168.7;1127.5;18227.9;4.5;28.7;16.5;731.7
4;2018-12-14 03:00:00;600.7;76.6;57.5;11.1;103563.3;41.4;192.2;934.3;64121.3;5.7;31.5;15.5;525.4
4;2018-12-14 04:00:00;430.1;80.2;34.1;8.0;134763.4;46.7;4885.7;1101.2;83881.0;9.1;25.7;16.0;626.7
4;2018-12-14 05:00:00;305.1;76.3;17.6;1.9;97957.9;35.1;2818.3;968.3;16440.2;5.9;1.6;14.5;457.6
4;2018-12-14 06:00:00;178.6;44.6;10.7;0.6;75158.2;27.8;6686.7;815.4;14923.0;8.0;0.1;9.6;363.7
4;2018-12-14 07:00:00;418.5;73.4;16.6;17.6;111931.5;36.7;369.9;1062.5;25962.2;11.7;16.6;15.7;343.5
4;2018-12-14 08:00:00;424.9;78.3;23.0;14.7;128463.9;34.4;167.0;1182.0;16798.5;20.3;16.2;16.8;800.9
4;2018-12-14 09:00:00;328.7;67.3;10.2;3.0;86409.2;33.1;158.1;848.2;20874.2;4.7;13.0;13.1;362.1
4;2018-12-14 10:00:00;452.5;60.6;9.8;1.0;66759.2;42.7;518.4;980.8;28234.1;2.1;15.8;12.9;601.8
4;2018-12-14 11:00:00;454.3;57.9;11.5;1.4;94274.5;44.7;258.2;1059.1;55279.1;7.9;9.7;12.0;410.3
4;2018-12-14 12:00:00;425.5;49.1;10.1;0.6;72318.0;39.6;191.0;973.7;4028.9;24.8;0.4;8.5;399.1
4;2018-12-14 13:00:00;324.5;51.1;9.7;0.9;96858.4;33.8;242.3;698.3;33542.6;20.0;0.8;11.5;449.2
4;2018-12-14 14:00:00;1604.4;76.5;10.7;7.4;93417.9;45.1;204.1;1299.2;17920.7;26.4;14.3;14.7;493.3
4;2018-12-14 15:00:00;450.5;76.4;13.7;1.5;68190.3;41.8;202.9;1218.9;19702.9;21.1;5.1;15.3;306.6
4;2018-12-14 16:00:00;431.0;80.5;12.9;8.7;113054.5;43.7;157.4;1249.7;25159.9;19.2;18.7;14.9;370.2
4;2018-12-14 17:00:00;312.6;47.8;10.8;0.7;61137.3;29.4;266.5;750.4;20087.8;18.4;0.2;10.3;211.4
4;2018-12-14 18:00:00;376.9;61.8;13.8;2.0;68256.9;30.2;158.0;723.1;24089.6;16.9;6.0;12.6;326.4
4;2018-12-14 19:00:00;164.4;32.2;7.8;0.5;33281.6;22.5;186.2;486.6;20622.5;16.8;0.0;7.1;190.4
4;2018-12-14 20:00:00;251.6;37.4;11.0;0.7;50925.3;20.7;162.5;383.7;36208.4;25.4;1.0;8.9;172.3
4;2018-12-14 21:00:00;366.2;57.6;13.5;1.7;32941.7;19.9;248.9;435.2;28920.1;2.4;1.5;11.8;157.8
4;2018-12-14 22:00:00;252.5;33.4;5.7;0.6;32216.4;16.1;202.9;329.2;19084.7;2.3;0.3;7.5;127.1
4;2018-12-14 23:00:00;171.1;31.0;13.5;0.5;36540.8;16.9;256.6;382.2;25126.3;3.3;0.0;6.8;108.9
4;2018-12-15 00:00:00;290.4;38.9;11.9;0.8;41919.8;55.1;349.3;534.7;20217.0;3.7;0.2;7.8;157.9
4;2018-12-15 01:00:00;168.1;40.7;5.3;0.6;74645.8;23.4;319.1;375.9;25971.3;1.1;0.2;7.3;281.8
4;2018-12-15 02:00:00;219.7;51.5;6.0;0.7;42089.4;19.8;208.7;370.6;31643.7;5.4;1.3;9.1;428.1
4;2018-12-15 03:00:00;351.0;61.2;42.6;1.9;75896.2;24.5;309.2;629.1;96569.3;10.2;1.9;13.7;280.9
4;2018-12-15 04:00:00;233.1;70.4;9.3;1.4;101923.9;26.4;2148.0;588.7;30025.8;17.9;0.7;15.2;398.6
4;2018-12-15 05:00:00;294.0;71.3;5.7;1.5;94974.2;22.5;196.1;636.3;17747.4;11.8;2.0;14.3;501.3
4;2018-12-15 06:00:00;202.1;45.1;10.4;1.1;51377.2;16.9;109.4;696.6;16714.4;11.4;2.0;10.9;220.2
4;2018-12-15 09:00:00;199.1;49.5;10.0;0.6;54244.0;15.1;125.2;579.9;1668.2;23.1;0.1;10.6;165.2
4;2018-12-15 10:00:00;200.2;39.3;10.1;0.7;43004.8;12.4;190.8;480.2;19288.6;14.8;0.5;9.3;257.2
4;2018-12-15 11:00:00;255.9;55.0;13.0;1.3;38212.8;13.1;201.0;517.1;36607.6;7.2;3.8;10.1;272.9
4;2018-12-15 12:00:00;279.0;37.6;5.7;0.6;44064.7;16.4;559.2;479.1;18684.7;14.5;2.1;6.9;312.3
4;2018-12-16 09:00:00;209.0;45.2;4.5;0.7;72976.2;13.4;493.6;590.7;8438.5;9.3;0.0;7.9;492.5
4;2018-12-16 11:00:00;220.8;37.7;3.6;0.4;84897.8;10.5;572.9;321.7;11107.1;8.6;0.0;6.1;310.4
4;2018-12-16 12:00:00;277.2;30.7;4.5;0.5;19981.4;11.0;576.2;302.8;11831.7;6.0;0.0;6.6;154.3
4;2018-12-16 14:00:00;133.8;37.4;9.3;0.5;38925.4;13.1;666.7;387.5;7232.0;4.7;0.0;7.9;203.2
4;2018-12-16 15:00:00;335.7;36.5;7.3;0.8;65757.7;35.8;638.2;1042.1;13135.7;19.2;2.2;7.0;400.4
4;2018-12-17 09:00:00;347.3;67.3;7.4;3.0;88027.9;36.3;1011.6;1002.8;24186.2;24.8;3.9;12.6;501.3
4;2018-12-17 11:00:00;327.9;55.8;6.1;1.3;52434.5;24.2;1047.6;639.5;10155.5;16.5;1.7;9.7;295.4
4;2018-12-19 04:00:00;259.0;63.7;19.0;1.0;119022.5;35.1;4918.6;973.2;6716.5;7.8;6.3;11.4;411.0
4;2018-12-19 05:00:00;262.0;56.4;9.3;0.7;103531.5;36.8;4853.9;812.5;38595.5;12.6;4.3;10.3;448.3
4;2018-12-19 06:00:00;296.5;62.8;9.2;1.0;163822.3;46.8;1426.4;956.4;24392.1;14.7;23.8;12.5;447.9
4;2018-12-19 07:00:00;337.2;57.6;9.6;1.0;123448.0;40.5;6453.3;993.8;21226.7;12.5;37.7;10.5;501.9
4;2018-12-19 08:00:00;1123.6;61.2;10.6;3.4;103381.8;52.5;351.1;1172.8;17946.0;28.8;39.8;11.6;492.3
4;2018-12-19 09:00:00;567.7;73.2;13.8;9.1;116734.1;62.6;309.3;1370.0;21352.4;19.2;101.8;13.6;441.6
4;2018-12-19 10:00:00;581.0;63.9;13.8;9.0;132661.5;64.1;187.8;1368.2;17386.7;23.3;97.8;13.3;476.7
4;2018-12-19 11:00:00;566.6;49.7;17.6;4.1;113809.2;62.6;861.0;1322.3;54775.0;27.3;92.1;12.1;267.0
4;2018-12-19 12:00:00;541.1;51.8;13.3;5.3;100203.5;59.7;817.7;1274.9;21617.1;21.1;96.0;10.8;320.7
4;2018-12-19 16:00:00;474.9;45.4;15.4;1.5;96425.8;51.8;1150.9;1061.7;28993.7;2.6;70.4;10.7;181.4
4;2018-12-19 17:00:00;464.7;40.5;6.9;3.0;82694.7;52.1;1085.4;940.7;15949.1;1.1;74.9;7.7;211.4
4;2018-12-19 18:00:00;803.4;39.4;10.7;0.8;71916.6;53.0;171.1;1280.3;19404.1;2.0;53.9;9.8;167.2
4;2018-12-19 19:00:00;784.9;48.8;14.2;0.8;74082.4;56.6;172.0;1399.1;19547.9;22.8;60.4;12.6;315.9
4;2018-12-19 20:00:00;1138.9;45.3;9.8;0.7;88694.0;57.6;164.7;1363.8;26219.0;36.2;54.5;8.8;291.0
4;2018-12-19 21:00:00;741.3;37.7;17.3;0.6;73969.3;48.9;184.7;1310.5;25340.9;43.9;31.1;8.6;266.7
4;2018-12-19 22:00:00;690.7;54.8;17.0;1.0;85407.1;45.5;185.8;1347.5;13541.0;29.5;15.0;12.2;297.9
4;2018-12-19 23:00:00;766.2;49.4;18.1;0.9;84220.2;43.2;244.8;1326.8;14953.7;46.2;18.8;11.7;329.5
4;2018-12-20 00:00:00;979.3;67.3;20.6;1.6;92448.8;86.1;443.7;1354.2;12942.3;19.6;25.9;14.2;256.8
4;2018-12-20 01:00:00;1014.3;67.3;16.0;1.5;93324.3;74.2;212.2;1380.3;15223.3;2.6;31.1;14.4;479.0
4;2018-12-20 02:00:00;987.4;74.3;15.7;6.6;74462.8;51.7;306.4;1364.7;15571.7;2.6;40.2;15.6;595.1
4;2018-12-20 03:00:00;896.1;72.5;42.4;6.2;69358.8;50.4;470.1;1434.1;85973.3;9.3;46.0;14.8;318.5
4;2018-12-20 04:00:00;727.6;78.7;20.5;6.7;99105.7;50.5;3818.2;1393.0;40549.0;6.6;46.2;16.5;626.1
4;2018-12-20 05:00:00;869.3;72.5;16.5;6.2;107052.1;51.4;296.8;1434.1;26216.8;5.4;50.3;13.8;626.1
4;2018-12-20 06:00:00;819.3;60.2;8.2;0.9;76043.1;45.4;257.7;1381.1;21020.8;8.4;35.4;12.2;439.8
4;2018-12-20 07:00:00;819.9;71.4;11.5;1.6;84126.4;47.9;205.1;1357.5;4860.5;10.2;40.0;14.8;350.2
4;2018-12-20 08:00:00;771.7;59.5;10.1;0.9;93492.9;45.7;310.0;1334.9;13578.0;17.0;35.0;11.9;284.0
4;2018-12-20 09:00:00;2306.8;66.7;13.0;1.5;117054.3;48.1;199.3;1417.6;16159.8;22.8;45.7;13.9;307.7
4;2018-12-20 10:00:00;1172.0;56.9;12.1;1.3;96441.9;48.4;119.3;1453.6;1554.4;12.4;48.6;12.4;195.0
4;2018-12-20 12:00:00;803.7;46.7;14.9;2.7;107913.7;54.9;169.0;1379.7;17470.4;36.3;88.9;10.6;288.6
4;2018-12-20 13:00:00;810.4;37.5;11.9;2.8;143259.3;49.6;127.7;1410.0;3556.8;6.8;90.4;6.8;133.4
4;2018-12-20 14:00:00;1066.9;51.9;7.0;7.3;166919.9;50.8;110.8;1435.9;13359.7;12.6;95.8;9.3;381.0
4;2018-12-20 15:00:00;824.1;34.9;6.0;1.1;117271.1;48.9;129.1;1390.5;16592.1;24.0;85.7;6.9;167.2
4;2018-12-20 16:00:00;746.8;34.0;7.9;2.4;101171.2;52.2;214.9;1374.6;15064.9;6.4;93.5;7.1;104.0
4;2018-12-20 17:00:00;694.8;48.2;6.7;0.7;116330.7;42.5;113.7;1364.9;4777.5;2.1;49.8;8.7;269.6
4;2018-12-20 18:00:00;689.7;37.7;7.4;0.5;78490.6;41.5;1178.6;1291.8;6958.6;3.9;58.3;8.1;96.0
4;2018-12-20 19:00:00;913.2;43.0;10.0;0.8;100216.7;44.8;856.7;1308.9;17993.4;4.7;55.9;10.2;98.0
4;2018-12-20 20:00:00;709.6;41.0;6.8;0.8;86155.3;44.2;602.9;1284.2;14695.5;4.5;40.3;7.7;157.1
4;2018-12-20 21:00:00;686.1;48.2;11.1;0.7;94782.4;39.0;1188.9;1292.0;15491.6;5.3;46.0;10.0;199.4
4;2018-12-20 22:00:00;711.5;42.3;13.4;0.5;87637.6;33.4;1622.4;1220.9;5624.7;7.1;31.3;7.9;169.3
4;2018-12-20 23:00:00;1683.7;40.1;15.5;0.6;72983.6;34.1;1469.8;1235.4;17849.2;6.7;18.9;9.3;129.2
4;2018-12-21 00:00:00;785.5;73.1;14.6;1.3;84836.3;61.7;1068.7;1325.8;27423.9;6.8;25.6;16.6;227.0
4;2018-12-21 01:00:00;745.0;77.2;10.1;4.3;102437.4;51.7;395.7;1285.0;26810.0;3.7;39.4;14.5;196.2
4;2018-12-21 02:00:00;700.2;51.9;19.0;1.1;99876.4;34.2;145.8;1369.5;29681.1;4.3;36.3;11.5;189.6
4;2018-12-21 03:00:00;928.3;48.3;44.8;0.9;88333.5;35.8;3761.1;1288.0;131276.6;17.3;44.9;10.7;267.0
4;2018-12-21 04:00:00;670.5;58.9;8.5;2.4;114064.2;36.8;226.3;1423.0;35546.2;4.4;41.0;11.7;333.1
4;2018-12-21 05:00:00;660.0;65.4;10.6;0.9;102746.3;34.6;119.2;1463.3;19568.3;6.1;33.5;13.2;287.2
4;2018-12-21 06:00:00;633.2;51.7;10.0;1.2;84581.5;35.9;127.4;1298.7;24557.3;7.1;40.9;10.6;340.5
4;2018-12-21 07:00:00;715.0;62.6;11.6;2.9;84075.1;33.8;163.1;1282.0;38165.2;16.1;35.7;12.3;544.0
4;2018-12-21 08:00:00;650.2;42.7;9.9;0.8;80357.8;42.1;314.4;1195.9;20223.4;31.1;34.7;10.9;290.4
4;2018-12-21 09:00:00;740.9;55.4;7.5;3.5;128829.3;45.7;234.5;1388.6;16380.1;20.8;57.2;11.0;462.6
4;2018-12-21 10:00:00;688.7;56.8;11.0;3.0;82974.2;48.0;145.1;1544.4;19107.0;20.1;58.2;12.0;531.1
4;2018-12-21 11:00:00;998.8;48.6;8.1;3.5;83868.0;47.4;175.5;1499.2;20806.7;18.0;78.5;9.1;437.2
4;2018-12-21 12:00:00;1080.0;60.9;8.5;5.7;82296.9;49.6;156.6;1597.3;16270.5;18.7;71.8;10.1;380.6
4;2018-12-21 13:00:00;1106.8;68.4;8.6;5.2;89391.7;45.4;216.1;1574.9;16856.3;18.4;53.0;12.6;316.5
4;2018-12-21 14:00:00;1064.5;74.6;9.7;10.5;90403.9;48.0;317.7;1638.1;14427.8;23.8;61.2;14.4;418.5
4;2018-12-21 15:00:00;1910.3;56.9;8.3;1.6;81208.6;47.5;205.7;1278.9;17081.8;29.0;51.6;10.8;443.6
4;2018-12-21 16:00:00;471.7;56.2;7.9;1.0;54408.0;38.6;273.7;1013.2;24204.9;27.7;44.0;11.2;347.2
4;2018-12-21 17:00:00;466.2;49.7;12.1;2.8;58637.6;34.4;186.8;904.5;16676.2;4.5;20.9;10.7;385.7
4;2018-12-21 18:00:00;555.7;43.3;10.8;1.1;37484.3;31.6;132.4;954.8;17054.9;5.8;15.3;9.4;607.7
4;2018-12-21 19:00:00;387.0;39.2;8.8;0.7;61940.8;28.9;122.9;815.2;12505.9;4.9;13.9;9.2;371.7
4;2018-12-21 20:00:00;527.9;34.6;13.3;0.6;48955.8;23.1;162.4;712.4;29382.9;13.3;12.0;8.1;252.8
4;2018-12-21 21:00:00;376.1;31.5;6.3;0.5;62938.4;29.1;271.3;789.9;27014.6;3.8;22.9;5.9;125.3
4;2018-12-21 22:00:00;357.7;45.8;8.5;0.7;37280.1;24.1;216.7;725.9;17821.2;3.8;10.5;8.6;293.5
4;2018-12-21 23:00:00;388.5;43.8;6.9;0.7;45867.0;21.5;165.8;691.9;17398.1;4.7;19.9;8.6;274.4
4;2018-12-22 00:00:00;457.7;47.0;7.0;0.5;94112.6;67.0;254.2;849.9;15715.5;3.6;29.6;7.9;225.2
4;2018-12-22 01:00:00;439.8;57.6;5.1;0.8;88189.3;59.5;152.9;890.0;15332.2;3.8;11.7;9.8;278.9
4;2018-12-22 02:00:00;378.3;36.8;5.8;0.5;43560.8;22.6;194.5;664.9;21868.7;4.4;9.2;7.2;840.6
4;2018-12-22 03:00:00;507.6;39.9;45.7;0.6;50551.0;29.6;233.8;799.8;99172.8;13.0;29.6;8.0;89.4
4;2018-12-22 04:00:00;394.9;58.4;5.7;1.0;96689.8;33.9;311.5;812.6;21348.6;10.2;23.0;9.7;353.3
4;2018-12-22 05:00:00;464.2;75.6;8.0;3.5;98070.4;32.5;164.8;948.8;15863.3;10.5;13.4;13.9;381.8
4;2018-12-22 06:00:00;311.9;40.2;5.9;0.5;73193.0;24.8;163.9;750.2;12324.4;16.7;9.8;6.9;362.3
4;2018-12-22 07:00:00;511.6;65.3;8.8;4.0;64331.8;28.5;218.8;1215.4;13916.2;28.3;6.6;15.0;590.5
4;2018-12-22 08:00:00;439.1;61.0;11.2;1.3;47761.0;32.3;289.4;1364.9;27268.0;35.3;6.9;13.2;452.6
4;2018-12-22 09:00:00;332.7;49.5;6.2;0.7;71808.3;25.6;156.8;1038.2;32722.3;31.5;8.2;9.5;307.9
4;2018-12-22 10:00:00;456.2;56.8;4.2;1.5;49227.7;24.9;7875.3;1007.3;13981.7;23.0;20.9;10.1;399.5
4;2018-12-22 11:00:00;539.3;64.4;5.9;5.3;69193.0;26.7;10574.1;1022.8;33018.8;19.2;44.7;9.4;638.5
4;2018-12-22 12:00:00;487.3;51.5;3.2;1.0;73862.2;25.6;8448.7;944.6;18869.2;16.6;57.2;6.8;657.9
4;2018-12-22 13:00:00;534.7;62.9;2.7;4.0;78819.8;21.7;10235.4;872.7;12987.9;19.6;44.3;8.6;700.1
4;2018-12-22 14:00:00;440.0;57.9;3.7;2.0;75683.2;17.8;9009.6;798.9;15033.6;11.7;11.8;8.6;680.8
4;2018-12-22 15:00:00;334.8;48.9;7.2;0.6;61600.2;16.2;10880.0;674.0;14777.6;15.7;4.8;8.6;887.2
4;2018-12-22 16:00:00;307.4;50.7;14.8;0.7;46369.0;16.2;12339.6;720.0;15964.7;5.1;0.3;9.0;613.3
4;2018-12-22 17:00:00;323.7;47.2;8.6;0.5;41295.4;12.7;13639.0;582.9;17760.4;5.0;3.5;6.5;635.4
4;2018-12-22 18:00:00;314.9;55.3;4.1;0.5;35414.7;11.8;14565.1;574.2;15468.1;4.2;1.0;7.3;632.0
4;2018-12-22 19:00:00;122.9;38.4;4.2;0.3;47647.7;15.5;17345.3;349.4;19421.2;4.8;0.5;5.0;605.5
4;2018-12-22 20:00:00;113.9;27.0;2.7;0.3;25997.6;10.6;14275.4;290.2;27306.1;5.7;0.1;4.3;670.8
4;2018-12-22 21:00:00;128.9;44.3;3.6;0.4;47394.0;12.0;17344.4;354.9;24704.6;2.0;0.9;6.0;702.1
4;2018-12-22 22:00:00;173.3;41.1;2.8;0.6;26039.6;9.1;17817.2;251.9;19930.6;1.3;0.8;6.4;637.4
4;2018-12-22 23:00:00;80.1;28.6;1.9;0.3;31993.4;8.6;15266.6;189.0;17916.5;1.6;0.0;4.1;747.4
4;2018-12-23 00:00:00;400.0;51.7;4.7;0.7;67675.4;59.5;12339.3;647.3;21801.6;1.8;8.2;9.4;550.4
4;2018-12-23 01:00:00;665.1;64.6;9.5;2.3;117615.4;63.4;11149.3;763.0;20239.9;1.6;8.7;11.3;864.0
4;2018-12-23 02:00:00;328.7;75.6;13.5;1.1;80257.1;59.8;12413.8;751.5;25076.5;1.0;13.3;14.9;702.5
4;2018-12-23 03:00:00;366.7;75.9;53.1;3.1;78033.4;30.4;11491.6;756.5;85918.7;6.7;8.9;12.9;576.1
4;2018-12-23 04:00:00;265.0;80.5;6.2;3.0;123935.1;33.2;17408.5;708.6;21946.6;12.1;1.1;12.1;806.4
4;2018-12-23 05:00:00;194.5;63.6;6.2;0.8;73981.3;30.1;18989.3;816.3;22134.1;11.3;2.1;10.7;645.3
4;2018-12-23 06:00:00;244.0;50.9;9.8;0.7;79190.2;25.6;13267.9;742.8;14441.6;14.1;3.5;9.8;931.8
4;2018-12-23 07:00:00;439.3;91.1;13.8;22.4;75949.1;29.8;10885.7;1167.7;16931.9;14.4;6.2;15.3;910.3
4;2018-12-23 08:00:00;1208.5;92.1;11.6;13.5;108744.6;47.0;11702.2;1439.6;34122.9;13.8;5.7;14.9;872.2
4;2018-12-23 09:00:00;356.8;82.4;8.2;5.6;78277.1;33.2;12049.6;984.6;20004.1;18.8;0.1;11.7;636.8
4;2018-12-23 10:00:00;323.1;83.1;11.9;5.4;125646.1;33.1;15548.6;922.0;27892.0;20.4;0.6;13.6;616.4
4;2018-12-23 11:00:00;315.1;95.9;10.2;16.3;96545.2;27.3;13711.2;864.6;42467.6;15.0;2.1;15.1;849.8
4;2018-12-23 12:00:00;332.7;76.9;7.5;2.5;103944.2;27.7;13511.3;702.6;21838.4;17.5;0.0;10.6;542.5
4;2018-12-23 13:00:00;178.9;62.5;7.9;0.7;85765.2;18.0;13939.0;564.0;17581.2;8.8;0.0;10.9;692.4
4;2018-12-23 14:00:00;201.8;63.1;6.7;0.9;78879.3;15.9;14340.9;535.4;16605.8;5.6;0.0;10.0;708.5
4;2018-12-23 15:00:00;128.8;52.2;3.9;0.5;92097.7;15.9;13913.4;540.0;13987.5;1.7;0.0;7.1;769.4
4;2018-12-23 16:00:00;223.1;35.3;6.6;0.6;35974.9;14.1;16877.1;373.7;12306.4;10.6;0.0;7.5;721.0
4;2018-12-23 17:00:00;73.9;26.5;1.5;0.3;30764.3;13.7;16012.4;300.5;12448.4;2.7;0.0;3.8;785.5
4;2018-12-23 18:00:00;149.9;40.2;3.4;0.4;78199.1;13.1;15823.5;355.4;14307.2;3.4;2.0;6.2;706.8
4;2018-12-23 19:00:00;46.3;26.1;1.6;0.3;64522.0;12.4;15877.7;281.6;14318.6;3.2;0.0;3.8;775.9
4;2018-12-23 20:00:00;117.5;29.3;3.0;0.3;29590.1;10.2;14649.7;274.1;28179.0;2.2;0.0;4.8;782.3
4;2018-12-23 21:00:00;149.5;47.8;4.6;0.7;59184.6;12.5;15435.2;301.2;26097.3;6.7;0.2;6.9;630.2
4;2018-12-23 22:00:00;133.2;24.9;2.6;0.3;57088.9;10.7;14279.6;240.1;13539.0;2.3;1.5;4.1;628.9
4;2018-12-23 23:00:00;118.2;31.3;1.8;0.3;32949.6;9.8;16820.9;233.8;15012.1;2.9;0.0;4.4;777.9
4;2018-12-24 00:00:00;395.5;76.7;12.4;2.7;92408.7;46.9;790.1;892.7;26538.6;2.1;25.0;13.2;295.3
4;2018-12-24 01:00:00;396.2;70.6;7.3;4.1;80513.6;39.2;358.1;855.0;20126.5;1.4;30.0;11.8;692.7
4;2018-12-24 02:00:00;305.6;64.7;9.7;2.0;103336.2;39.0;287.8;700.1;18337.9;3.2;29.9;12.5;652.9
4;2018-12-24 03:00:00;369.1;56.1;41.6;0.9;72038.2;26.2;232.9;639.0;82529.5;10.5;27.0;9.4;500.0
4;2018-12-24 04:00:00;363.5;79.8;38.5;4.4;97047.2;33.9;2671.5;782.9;83896.7;11.0;4.8;14.4;486.8
4;2018-12-24 05:00:00;248.9;56.9;9.8;0.7;89850.4;27.2;345.7;680.1;31923.9;14.2;9.3;10.7;398.3
4;2018-12-24 06:00:00;353.6;60.8;7.9;1.3;88201.4;30.6;207.3;959.3;16187.7;13.2;22.4;11.1;660.9
4;2018-12-24 07:00:00;407.0;69.8;11.8;1.7;129990.0;37.9;216.6;1266.8;23405.9;18.1;30.5;12.5;333.2
4;2018-12-24 08:00:00;421.1;60.3;10.3;5.8;73608.8;41.9;294.4;1252.3;22930.3;19.1;8.5;10.9;341.5
4;2018-12-24 09:00:00;366.9;68.7;10.7;3.7;105884.1;36.3;310.2;1240.5;26395.2;29.5;6.0;12.8;459.2
4;2018-12-24 10:00:00;538.1;81.7;13.3;13.8;91180.9;41.2;344.9;1185.4;39963.0;25.3;27.7;14.3;447.3
4;2018-12-24 11:00:00;338.7;61.6;6.7;1.4;69967.9;36.5;228.5;995.7;23707.7;19.3;40.1;10.1;297.8
4;2018-12-24 12:00:00;540.8;79.2;7.4;9.9;112739.7;45.9;196.8;1250.9;33149.6;28.3;53.0;12.8;342.4
4;2018-12-24 13:00:00;472.1;55.8;6.7;2.0;99538.5;42.9;195.0;1185.7;35983.9;28.7;58.0;9.4;459.9
4;2018-12-24 14:00:00;371.2;61.1;8.9;1.8;59200.2;34.2;360.4;932.7;38674.2;26.4;36.0;10.2;473.9
4;2018-12-24 15:00:00;570.4;68.2;8.6;4.2;122820.8;36.4;267.8;920.6;34463.5;19.2;73.3;10.7;298.1
4;2018-12-24 16:00:00;568.6;45.6;7.8;2.8;67062.4;43.4;412.5;956.5;14839.0;25.4;82.7;9.1;223.3
4;2018-12-24 17:00:00;557.9;56.6;5.3;6.1;86317.6;43.8;134.5;1059.8;14174.8;26.3;98.6;8.6;429.1
4;2018-12-24 18:00:00;789.0;51.1;5.5;2.4;88363.2;45.9;167.4;1279.0;19838.9;14.8;81.2;8.5;260.6
4;2018-12-24 19:00:00;747.8;37.2;6.0;0.5;90728.9;41.2;130.1;916.2;13903.6;2.1;69.2;7.2;306.5
4;2018-12-24 20:00:00;373.4;30.3;8.6;0.5;93308.3;38.1;99.0;937.0;19228.7;4.6;48.9;7.2;58.7
4;2018-12-24 21:00:00;377.2;51.4;11.5;1.2;77080.0;32.3;216.7;911.3;19022.3;4.0;40.6;10.6;82.2
4;2018-12-24 22:00:00;154.0;26.3;10.9;0.4;74339.5;21.7;141.1;633.9;16643.9;4.2;0.1;6.0;72.1
4;2018-12-24 23:00:00;186.8;17.3;5.4;0.4;49377.2;20.1;152.1;576.7;16761.3;7.1;0.0;4.1;51.8
4;2018-12-25 00:00:00;378.5;65.0;9.5;1.4;87489.1;61.3;615.8;926.1;22840.1;7.8;7.0;13.2;146.0
4;2018-12-25 01:00:00;685.9;68.0;12.7;1.9;95687.1;53.2;383.1;925.0;17675.2;0.8;20.8;13.2;186.5
4;2018-12-25 02:00:00;388.6;67.9;9.2;6.2;85969.1;47.0;231.6;931.3;25313.6;2.7;44.6;13.7;711.1
4;2018-12-25 03:00:00;460.5;65.9;57.0;5.9;87298.3;40.4;197.7;997.9;112399.7;10.6;34.7;14.1;521.0
4;2018-12-25 04:00:00;324.4;81.0;14.3;5.4;109777.0;44.1;5348.8;958.5;33203.4;8.8;22.8;14.7;571.4
4;2018-12-25 05:00:00;300.6;64.6;14.6;0.9;121980.8;36.0;4565.5;920.6;16467.0;10.2;20.7;12.3;557.5
4;2018-12-25 06:00:00;279.8;46.4;10.7;0.7;88227.1;36.5;3070.5;870.7;22541.6;9.5;24.8;8.6;307.9
4;2018-12-25 07:00:00;344.2;50.9;7.0;1.0;87138.0;33.9;277.0;877.6;22275.3;6.0;27.7;10.0;430.0
4;2018-12-25 08:00:00;306.9;61.9;10.8;1.1;115039.6;33.4;142.5;943.6;33563.6;12.7;32.9;11.5;586.3
4;2018-12-25 09:00:00;420.1;53.0;10.9;2.1;90884.6;41.5;246.4;1334.9;32141.6;18.5;41.4;10.5;236.7
4;2018-12-25 10:00:00;729.2;66.9;8.8;8.0;98419.3;55.3;374.4;1437.9;41785.3;21.5;67.1;12.1;391.5
4;2018-12-25 11:00:00;692.8;68.3;8.3;6.2;111772.0;45.6;188.8;1336.9;27660.5;19.5;33.3;11.9;319.5
4;2018-12-25 12:00:00;548.9;80.4;13.9;23.0;105499.7;37.7;269.3;1489.9;16620.3;23.3;48.3;15.0;418.8
4;2018-12-25 13:00:00;503.4;81.1;14.7;13.0;77719.8;40.1;651.9;1291.8;24513.8;20.7;20.5;15.5;382.0
4;2018-12-25 14:00:00;391.4;60.8;8.3;1.6;79088.4;34.8;846.4;1079.1;27740.6;15.4;21.0;11.3;214.4
4;2018-12-25 15:00:00;371.3;62.3;8.8;4.6;107664.8;31.0;958.2;869.3;16966.7;13.0;28.8;11.5;379.7
4;2018-12-25 16:00:00;373.1;53.8;8.6;0.6;76582.6;27.3;803.9;813.9;18115.4;17.6;13.7;9.8;267.3
4;2018-12-25 17:00:00;293.4;37.0;6.0;0.8;77657.5;19.9;1130.0;527.3;14092.6;6.1;3.4;6.8;116.7
4;2018-12-25 18:00:00;255.5;53.8;7.0;0.7;75181.3;22.7;1164.2;652.2;13823.9;22.6;6.4;9.5;317.0
4;2018-12-25 19:00:00;501.5;46.6;7.7;4.4;79988.8;24.4;630.9;790.9;15253.0;49.3;21.2;9.7;269.8
4;2018-12-25 20:00:00;1837.5;52.9;13.5;5.5;45999.0;31.8;837.8;1302.7;30487.5;85.5;29.8;8.8;375.2
4;2018-12-25 21:00:00;539.6;49.9;17.3;4.6;43199.2;23.3;195.2;1003.5;11736.7;91.5;35.8;6.9;417.7
4;2018-12-25 22:00:00;228.4;42.6;5.6;0.5;39538.4;18.5;163.1;492.6;24050.5;11.3;13.5;8.1;300.6
4;2018-12-25 23:00:00;106.8;24.4;4.9;0.4;35183.6;12.6;114.1;281.5;23160.1;5.1;0.8;5.2;111.3
4;2018-12-26 00:00:00;380.0;74.6;11.4;1.2;72756.3;53.3;511.6;687.2;25294.6;7.3;2.6;16.2;280.6
4;2018-12-26 01:00:00;438.0;65.3;8.8;0.9;86702.7;53.3;280.7;819.5;24960.0;3.2;22.0;12.7;544.3
4;2018-12-26 02:00:00;467.9;59.4;11.8;1.6;87886.2;39.4;273.0;789.6;27456.9;1.0;8.3;11.8;586.7
4;2018-12-26 03:00:00;399.4;67.1;41.6;1.0;76433.6;37.8;374.9;870.1;98026.9;12.7;9.7;11.3;519.1
4;2018-12-26 04:00:00;316.0;70.5;10.4;1.0;85922.6;33.6;8486.8;824.5;20163.4;6.6;4.9;13.1;611.1
4;2018-12-26 05:00:00;336.9;63.7;12.5;0.8;94985.9;29.1;3059.0;923.6;35572.2;11.2;14.1;12.1;585.8
4;2018-12-26 06:00:00;343.3;65.5;8.4;0.9;76694.4;32.3;6770.8;868.4;21874.5;12.3;30.1;10.6;622.8
4;2018-12-26 07:00:00;236.9;46.4;12.2;0.8;73035.2;30.8;394.8;785.9;18088.7;8.1;9.5;10.7;320.9
4;2018-12-26 08:00:00;403.6;81.2;15.2;7.9;79010.1;41.2;186.3;1050.1;50399.7;9.3;25.7;17.0;577.5
4;2018-12-26 09:00:00;442.5;55.9;9.3;2.9;83685.3;55.2;251.2;1316.9;23593.8;17.5;72.0;10.6;371.9
4;2018-12-26 10:00:00;456.7;59.2;11.0;5.7;120835.0;49.8;274.6;1266.6;35514.1;10.1;72.8;10.7;302.6
4;2018-12-26 11:00:00;684.6;63.8;11.4;9.6;106200.3;55.4;224.7;1342.9;28205.2;28.9;104.4;11.3;395.4
4;2018-12-26 12:00:00;1251.8;59.8;8.6;5.0;121812.2;49.4;210.9;1214.4;15289.3;19.8;87.9;11.1;433.0
4;2018-12-26 13:00:00;1242.8;58.3;9.7;5.5;102107.3;43.4;160.3;1026.4;4187.5;7.9;74.3;11.9;342.6
4;2018-12-26 14:00:00;408.2;47.1;8.9;0.8;91303.4;44.1;188.7;953.3;20756.2;10.3;42.4;11.3;251.4
4;2018-12-26 15:00:00;314.5;38.6;6.0;0.9;92241.6;36.6;136.7;650.5;25025.0;17.7;50.7;8.0;235.9
4;2018-12-26 16:00:00;320.1;34.6;5.9;0.6;70459.7;41.4;194.5;646.5;19549.3;9.6;54.3;8.3;118.3
4;2018-12-26 17:00:00;382.0;47.7;11.1;0.6;97708.9;34.2;155.9;676.1;20525.3;2.6;36.4;9.2;205.9
4;2018-12-26 18:00:00;254.6;52.5;7.9;0.6;74476.5;30.3;171.3;637.8;22220.4;18.9;18.8;9.3;374.0
4;2018-12-26 19:00:00;306.1;50.3;10.1;59809589942507.7;91509.2;35.3;166.1;631.6;37268.7;9.5;18.2;11.3;250.6
4;2018-12-26 20:00:00;512.0;50.2;16.4;4.9;69829.9;39.7;111.3;944.8;35117.4;74.8;17.7;9.5;414.3
4;2018-12-26 21:00:00;493.5;41.7;16.0;3.6;37284.8;30.1;164.5;714.0;12252.0;54.7;14.2;8.7;278.1
4;2018-12-26 22:00:00;505.0;53.9;16.8;6.3;37000.7;31.2;118.8;1016.9;22060.1;90.2;28.4;9.4;406.8
4;2018-12-26 23:00:00;155.1;30.1;8.4;0.5;25223.2;19.7;141.2;347.3;21393.1;6.6;0.0;7.1;238.7
4;2018-12-27 00:00:00;379.8;70.8;9.4;1.2;81082.1;58.3;417.3;897.7;19252.2;6.5;15.9;14.6;220.3
4;2018-12-27 01:00:00;378.3;68.2;10.9;1.6;72898.5;53.6;263.2;950.0;23598.8;3.5;21.5;12.8;408.4
4;2018-12-27 02:00:00;674.7;55.5;14.2;0.8;73130.9;47.8;383.3;850.5;29484.8;1.6;13.1;13.0;488.4
4;2018-12-27 03:00:00;558.2;69.2;73.3;2.9;73610.2;45.1;175.9;945.2;164410.9;12.7;23.9;14.3;616.8
4;2018-12-27 04:00:00;307.5;79.3;18.0;2.2;99501.0;43.4;5217.9;878.6;16984.3;12.0;8.3;15.4;494.4
4;2018-12-27 05:00:00;279.1;59.7;16.5;0.8;78648.9;38.6;3293.9;768.4;30762.2;10.5;2.7;12.8;352.2
4;2018-12-27 06:00:00;266.4;59.7;14.3;2.0;82277.2;32.4;4173.8;692.4;12049.3;12.4;4.7;11.4;471.5
4;2018-12-27 07:00:00;420.8;67.2;16.0;1.9;99087.1;33.9;393.4;814.4;35043.4;9.7;10.9;14.7;592.9
4;2018-12-27 08:00:00;260.1;55.1;13.9;0.8;107452.6;33.3;185.7;576.8;22623.1;6.9;15.1;12.8;220.8
4;2018-12-27 09:00:00;460.9;60.4;17.5;3.6;63261.3;38.7;178.4;1152.7;32802.5;14.6;8.8;14.7;182.0
4;2018-12-27 10:00:00;373.9;69.3;17.9;2.9;77324.4;45.1;192.0;1091.0;30917.4;16.7;11.9;17.2;233.6
4;2018-12-27 11:00:00;281.1;63.0;11.5;0.9;79040.5;34.6;956.1;746.5;23975.5;26.3;5.5;14.1;258.4
4;2018-12-27 12:00:00;371.5;85.9;18.1;5.6;96750.0;42.0;705.5;854.6;22223.0;31.0;15.5;19.2;462.5
4;2018-12-27 13:00:00;275.7;60.3;10.4;3.1;70748.8;33.0;1017.0;711.3;19288.8;20.7;7.4;12.1;303.0
4;2018-12-27 14:00:00;306.3;71.9;7.9;1.0;64661.7;30.9;724.3;795.8;21976.1;22.9;4.3;12.2;280.7
4;2018-12-27 15:00:00;382.8;58.7;7.8;0.8;81335.1;28.6;838.2;776.4;23596.5;20.6;8.3;9.9;300.6
4;2018-12-27 16:00:00;359.6;48.2;12.0;2.3;46217.9;22.8;1220.0;544.1;20050.3;23.5;6.8;9.5;342.2
4;2018-12-27 17:00:00;310.0;54.6;11.3;1.0;86699.2;23.7;310.9;573.7;18504.5;17.8;2.0;10.5;350.4
4;2018-12-27 18:00:00;189.6;37.9;11.5;0.5;33755.2;21.1;1102.5;431.7;23401.9;12.4;3.8;8.0;226.4
4;2018-12-27 19:00:00;469.5;41.5;15.0;3.4;55368.1;25.8;176.3;629.0;21432.2;48.2;10.2;8.5;399.2
4;2018-12-27 20:00:00;488.9;50.9;12.6;5.1;52716.9;23.4;159.1;894.0;17147.3;85.4;26.9;7.7;368.3
4;2018-12-27 21:00:00;594.7;35.9;18.6;1.0;41511.4;24.1;99.2;958.7;17054.3;42.8;8.5;7.4;351.0
4;2018-12-27 22:00:00;528.2;48.2;10.7;5.0;47118.7;22.4;156.2;918.0;16205.8;81.1;29.7;7.3;363.1
4;2018-12-27 23:00:00;539.5;28.8;11.9;0.6;27016.2;22.7;178.9;932.9;22069.5;28.9;1.3;7.3;140.2
4;2018-12-28 00:00:00;622.8;62.3;35.7;6.4;58934.4;42.1;379.6;1164.7;20160.8;72.5;20.8;10.9;304.7
4;2018-12-28 01:00:00;812.8;54.5;10.6;4.9;91227.7;35.9;697.1;1113.3;13618.2;40.5;14.7;12.0;277.6
4;2018-12-28 02:00:00;359.5;58.4;8.9;2.8;80333.4;40.4;266.9;690.1;24073.8;1.3;36.5;12.0;652.8
4;2018-12-28 03:00:00;309.6;62.4;14.7;1.4;43155.6;32.4;222.9;605.7;21023.4;4.3;21.4;12.6;506.8
4;2018-12-28 04:00:00;363.1;80.6;37.2;2.0;81449.5;47.1;5132.6;860.5;70088.7;12.0;11.1;13.2;284.7
4;2018-12-28 05:00:00;401.3;69.0;11.3;1.2;78510.6;37.1;6982.6;738.6;25904.3;10.2;5.1;13.2;394.0
4;2018-12-28 06:00:00;310.7;42.9;12.4;0.8;64858.0;25.7;7416.9;592.5;21034.7;8.7;3.7;11.8;315.4
4;2018-12-28 07:00:00;323.1;59.5;10.9;0.7;84764.0;27.8;489.3;606.7;26077.1;13.3;15.1;12.0;352.5
4;2018-12-28 08:00:00;242.7;67.6;9.3;1.1;68043.2;25.9;276.0;623.1;35861.4;15.1;8.1;11.2;469.6
4;2018-12-28 09:00:00;401.9;74.5;7.6;6.0;83069.5;34.0;273.7;892.5;21811.6;17.0;28.0;13.6;696.5
4;2018-12-28 10:00:00;385.5;57.5;7.3;1.0;117862.8;31.3;250.8;732.0;25916.8;8.0;28.9;11.1;286.1
4;2018-12-28 11:00:00;402.6;62.8;8.5;0.9;56376.5;41.6;315.0;1151.4;26873.9;15.1;25.7;11.2;317.0
4;2018-12-28 12:00:00;360.3;62.9;6.7;3.4;101200.6;40.1;509.2;914.3;27584.6;17.8;40.2;9.6;242.6
4;2018-12-28 13:00:00;436.0;68.7;6.5;6.8;144631.3;47.9;293.9;1066.8;23631.4;15.2;54.7;12.5;493.5
4;2018-12-28 14:00:00;260.6;43.6;7.7;0.6;83179.1;40.9;198.9;754.0;18300.2;9.2;20.6;9.0;442.4
4;2018-12-28 15:00:00;218.3;38.7;14.9;0.6;49229.4;31.6;167.8;550.8;18937.7;4.3;18.5;9.0;121.0
4;2018-12-28 16:00:00;265.9;41.2;11.8;0.7;79103.8;29.0;186.1;496.7;240602.0;4.2;4.9;10.8;189.1
4;2018-12-28 17:00:00;199.1;44.7;10.3;0.7;38730.5;24.4;278.0;457.3;252927.9;2.1;2.6;11.8;120.9
4;2018-12-28 18:00:00;210.2;49.8;9.9;0.7;54045.2;21.5;122.6;418.4;227319.4;4.5;7.8;12.1;162.4
4;2018-12-28 19:00:00;233.6;53.0;10.2;0.8;89560.5;20.2;152.5;478.5;237367.6;9.9;0.6;13.3;232.8
4;2018-12-28 20:00:00;498.8;51.3;12.3;4.0;57632.6;28.6;101.0;720.2;245920.4;44.4;10.2;13.1;238.6
4;2018-12-28 21:00:00;472.5;56.5;15.8;1.7;40469.2;25.2;166.2;661.1;230047.4;23.5;3.5;14.0;168.6
4;2018-12-28 22:00:00;523.1;51.9;14.7;5.8;67078.7;29.1;114.2;1054.6;25132.6;91.6;28.5;9.1;418.1
4;2018-12-28 23:00:00;492.7;46.7;10.7;3.7;70646.4;26.9;133.8;1075.3;11743.0;80.2;32.1;7.2;339.8
4;2018-12-29 00:00:00;351.9;40.2;8.2;0.5;75690.1;55.3;390.5;605.9;12748.9;7.1;0.0;7.9;128.1
4;2018-12-29 01:00:00;272.8;38.2;8.4;0.6;56268.5;39.2;358.1;465.1;22184.0;2.7;0.7;8.4;172.0
4;2018-12-29 02:00:00;190.7;53.5;9.1;0.6;38380.5;30.3;197.9;488.0;22433.7;2.9;4.2;9.6;154.4
4;2018-12-29 03:00:00;310.8;39.4;5.1;1.0;72565.2;28.0;185.7;424.9;24269.5;10.3;34.9;9.3;137.9
4;2018-12-29 04:00:00;364.1;74.1;14.7;1.4;96549.2;36.0;1614.5;604.8;90926.8;13.9;23.5;13.8;365.5
4;2018-12-29 05:00:00;261.2;52.6;4.4;0.6;113342.1;29.6;232.0;452.8;31014.0;6.2;30.2;10.2;488.3
4;2018-12-29 06:00:00;1630.2;62.2;8.3;4.1;145663.9;36.4;192.1;705.2;15019.3;17.3;47.4;13.8;646.1
4;2018-12-29 07:00:00;302.5;40.7;11.7;0.7;106223.6;29.5;133.6;603.9;24030.0;11.4;12.3;10.8;478.3
4;2018-12-29 08:00:00;204.8;43.5;10.4;0.6;46388.5;28.3;133.8;537.1;36408.6;7.3;18.1;8.7;310.4
4;2018-12-29 09:00:00;250.3;35.9;8.5;0.8;88655.9;28.4;200.8;512.1;20192.4;10.5;22.2;8.2;206.7
4;2018-12-29 10:00:00;188.0;37.3;8.8;0.7;97130.4;22.4;8568.5;447.4;14287.7;8.4;7.5;8.0;198.0
4;2018-12-29 11:00:00;630.4;71.5;13.9;3.5;111759.8;40.2;271.0;1180.6;20566.7;24.2;20.1;13.5;417.6
4;2018-12-29 12:00:00;258.5;58.9;11.6;0.8;95272.9;34.5;152.8;884.7;20586.5;7.6;0.6;12.9;415.8
4;2018-12-29 13:00:00;239.6;71.6;10.4;0.8;62131.3;30.0;171.5;799.8;17928.9;14.2;1.1;12.9;360.3
4;2018-12-29 14:00:00;1335.2;44.2;5.6;0.7;71476.4;25.3;1908.4;690.4;15038.6;8.3;1.2;8.5;294.1
4;2018-12-29 15:00:00;111.1;35.7;6.7;0.5;48341.6;20.2;12284.9;443.7;22995.8;4.5;0.6;6.7;371.8
4;2018-12-29 16:00:00;138.2;30.7;7.1;0.5;30122.2;17.9;11777.6;275.7;22579.8;5.0;0.0;6.8;376.4
4;2018-12-29 17:00:00;134.7;35.3;7.0;0.6;68361.4;17.3;11850.3;291.4;20206.6;2.2;0.4;8.6;360.7
4;2018-12-29 18:00:00;222.3;25.0;4.4;0.4;39582.4;17.2;10616.9;258.9;17042.8;6.5;0.0;5.5;393.9
4;2018-12-29 19:00:00;85.6;25.1;7.1;0.4;63829.8;14.2;12726.4;253.2;35711.3;10.6;0.0;5.1;607.4
4;2018-12-29 20:00:00;91.1;26.7;4.0;0.4;53341.3;13.4;14627.4;311.2;16795.8;9.2;0.0;6.1;435.6
4;2018-12-29 21:00:00;158.0;46.6;6.4;0.5;62314.1;15.2;14057.0;408.1;18331.8;9.1;0.2;8.3;431.4
4;2018-12-29 22:00:00;124.9;31.1;5.0;0.4;62103.3;14.3;14710.3;385.5;20457.3;9.2;0.2;5.6;436.7
4;2018-12-29 23:00:00;128.9;34.3;3.4;0.4;32508.6;13.2;19080.2;261.6;18200.9;4.8;0.0;6.1;523.0
4;2018-12-30 00:00:00;299.0;58.5;4.7;0.5;70671.8;60.7;13937.0;592.6;20451.8;4.4;0.3;8.9;502.0
4;2018-12-30 01:00:00;488.6;55.8;6.6;0.6;82009.0;50.6;13850.9;575.9;23799.1;3.6;0.2;8.8;623.6
4;2018-12-30 02:00:00;232.2;64.2;8.4;0.7;66324.8;34.5;13653.0;526.7;28371.2;2.3;1.8;11.2;593.1
4;2018-12-30 03:00:00;343.5;60.8;35.9;1.0;74205.0;29.2;17277.3;608.0;91059.1;15.7;2.1;10.9;551.9
4;2018-12-30 04:00:00;250.1;58.7;9.1;0.7;118912.1;32.0;20195.8;715.5;6988.1;6.6;1.6;10.0;874.6
4;2018-12-30 05:00:00;199.2;43.0;5.3;0.5;102033.1;25.4;19764.4;619.6;28178.6;13.3;0.0;7.7;890.3
4;2018-12-30 06:00:00;251.6;66.7;5.2;1.4;94265.4;22.5;21514.9;666.3;22673.8;17.3;6.9;11.8;708.8
4;2018-12-30 07:00:00;187.7;48.9;6.3;0.6;72999.0;22.1;13931.5;551.7;15171.3;12.9;0.0;8.9;729.5
4;2018-12-30 08:00:00;227.2;54.0;5.9;0.9;75053.2;26.1;13695.8;607.0;35578.4;19.0;0.0;8.7;705.0
4;2018-12-30 09:00:00;391.8;78.2;6.9;2.6;74082.6;24.6;13461.4;739.7;23680.1;19.7;0.6;11.9;681.5
4;2018-12-30 10:00:00;259.5;57.0;8.4;0.8;79073.6;33.4;14168.2;1139.8;23528.7;23.7;0.0;11.5;580.1
4;2018-12-30 11:00:00;299.7;70.4;6.5;4.9;73771.1;29.9;17657.2;990.1;46297.2;26.7;0.3;11.9;490.4
4;2018-12-30 12:00:00;358.3;67.8;6.4;4.6;71822.8;24.3;14190.6;774.3;21976.1;23.9;0.2;11.0;623.8
4;2018-12-30 13:00:00;197.9;59.4;6.4;0.6;44285.8;19.3;16816.1;620.5;20341.8;34.9;0.0;9.4;611.0
4;2018-12-30 14:00:00;243.8;57.1;6.0;1.7;61518.8;20.1;17348.7;590.9;21867.2;23.7;0.0;10.1;616.9
4;2018-12-30 15:00:00;209.2;43.9;4.9;0.9;71999.5;13.7;17377.0;383.1;18518.7;20.0;0.0;7.7;528.4
4;2018-12-30 16:00:00;187.1;37.7;3.3;0.7;31981.6;13.6;18032.1;367.1;18316.9;20.3;0.0;5.7;435.1
4;2018-12-30 17:00:00;80.9;26.2;2.0;0.3;22594.8;15.0;15755.7;370.6;16538.9;4.3;0.0;3.8;395.5
4;2018-12-30 18:00:00;110.4;28.3;3.5;0.4;20948.1;9.0;14028.5;224.3;17246.6;2.4;0.0;5.1;523.4
4;2018-12-30 19:00:00;100.5;32.0;3.7;0.4;40893.7;15.7;16461.2;323.8;40370.7;5.5;0.2;6.0;532.7
4;2018-12-30 20:00:00;162.3;30.9;3.2;0.4;25762.6;11.2;16686.7;267.7;17375.7;3.4;0.0;5.9;542.7
4;2018-12-30 21:00:00;125.1;42.0;4.1;0.4;52511.8;14.0;15292.2;447.7;31691.5;1.1;0.1;6.4;391.8
4;2018-12-30 22:00:00;101.1;31.3;2.3;0.3;20457.4;11.3;18110.1;290.1;18899.1;1.2;0.1;5.1;493.9
4;2018-12-30 23:00:00;82.7;33.8;2.2;0.3;29719.1;11.5;14469.8;297.8;20241.1;0.7;0.0;4.7;386.3
4;2018-12-31 00:00:00;396.1;63.4;4.2;0.9;72575.3;64.0;15252.1;708.8;21240.6;1.4;8.6;9.9;547.1
4;2018-12-31 01:00:00;340.7;57.9;7.7;0.7;61517.8;56.1;13523.6;672.9;20786.7;2.2;2.2;10.6;658.0
4;2018-12-31 02:00:00;195.4;57.0;12.3;0.7;73560.9;29.8;14515.6;598.2;33656.6;1.1;0.4;12.5;574.4
4;2018-12-31 03:00:00;314.5;62.2;50.4;1.0;74053.4;30.7;14866.2;631.5;90798.0;4.8;1.8;10.1;639.3
4;2018-12-31 04:00:00;247.4;58.4;9.9;0.9;100439.8;26.9;14341.8;619.8;23125.0;7.8;0.7;11.2;792.0
4;2018-12-31 05:00:00;1387.1;43.3;5.2;0.7;80602.3;20.1;18127.0;495.9;21799.6;5.6;0.6;7.6;663.4
4;2018-12-31 06:00:00;910.1;79.7;9.1;11.5;102711.3;32.2;14365.2;1288.1;19645.7;13.1;29.1;14.2;1073.9
4;2018-12-31 07:00:00;352.6;81.4;7.3;7.3;75548.2;38.4;14382.6;1199.4;19119.0;15.1;15.3;13.9;743.2
4;2018-12-31 08:00:00;296.4;64.2;7.2;0.8;81230.8;25.5;21260.6;778.1;19227.3;11.3;0.4;10.6;432.5
4;2018-12-31 09:00:00;282.8;71.1;8.4;1.2;91110.2;22.8;929.2;678.4;21456.4;11.4;2.6;11.9;370.3
4;2018-12-31 10:00:00;166.4;52.9;5.8;0.5;63576.9;18.0;1258.5;489.6;17699.1;20.3;0.6;8.7;322.7
4;2018-12-31 11:00:00;291.7;67.3;7.5;1.0;86287.3;23.3;694.9;544.2;18861.6;15.9;4.8;11.3;444.9
4;2018-12-31 12:00:00;169.7;42.0;2.8;0.4;63666.4;14.5;1206.4;392.8;19611.0;7.7;0.0;5.6;270.8
4;2018-12-31 13:00:00;103.1;27.0;2.3;0.3;29991.2;11.3;1470.2;268.0;17439.8;6.4;0.0;4.6;94.1
4;2018-12-31 14:00:00;131.0;24.1;2.6;0.3;12532.0;9.9;1798.2;196.8;21785.1;3.7;0.0;4.5;126.6
4;2018-12-31 15:00:00;90.1;21.1;2.7;0.4;31612.0;8.7;111.8;174.1;14922.5;0.5;0.0;4.3;141.2
4;2018-12-31 16:00:00;122.6;21.1;2.3;0.3;19733.2;7.4;117.2;170.0;21257.0;0.8;0.1;3.7;164.5
4;2018-12-31 17:00:00;67.2;19.0;2.7;0.3;40923.0;9.5;116.1;242.1;21162.1;1.4;0.0;4.0;30.6
4;2018-12-31 18:00:00;75.2;19.3;2.3;0.2;21971.6;7.7;132.9;128.8;23184.9;3.1;0.0;3.1;43.7
4;2018-12-31 19:00:00;113.5;26.5;3.0;0.3;24454.9;9.2;145.0;245.2;37623.0;4.5;0.1;4.8;215.3
4;2018-12-31 20:00:00;106.3;19.9;0.9;0.2;19564.1;7.1;111.8;149.7;22240.4;0.2;0.2;3.6;179.6
4;2018-12-31 21:00:00;125.1;22.6;2.4;0.2;27661.4;9.4;125.0;171.3;26628.2;0.1;0.0;3.9;171.6
4;2018-12-31 22:00:00;45.6;19.6;1.5;0.2;36775.4;7.7;109.5;131.2;16908.2;0.5;0.0;2.5;35.5
4;2018-12-31 23:00:00;99.0;18.0;1.4;0.2;30571.9;6.5;106.9;109.3;15812.0;0.2;0.0;3.2;165.0
4;2019-01-01 00:00:00;277.2;61.6;7.2;0.7;58747.3;40.7;887.2;362.1;28779.7;1.0;0.6;11.3;111.5
4;2019-01-01 01:00:00;270.6;56.7;5.8;0.7;77043.5;38.6;345.7;569.0;18530.9;0.7;25.4;9.4;499.4
4;2019-01-01 02:00:00;273.1;60.1;12.7;1.6;53089.8;26.8;199.7;464.8;18625.1;0.9;14.8;10.3;757.6
4;2019-01-01 03:00:00;375.8;62.2;67.0;2.2;79601.5;28.8;269.8;591.4;102013.8;7.5;4.9;10.8;365.2
4;2019-01-01 04:00:00;221.5;58.9;10.5;0.7;90044.4;25.8;6924.2;564.1;39360.5;16.5;0.8;11.0;528.8
4;2019-01-01 05:00:00;204.0;40.9;7.0;0.7;74610.7;18.1;255.8;488.6;22271.9;13.9;1.3;9.0;519.8
4;2019-01-01 06:00:00;331.9;72.2;11.8;5.9;117534.8;30.6;203.2;975.4;22953.6;18.4;9.6;15.5;564.4
4;2019-01-01 07:00:00;405.6;56.9;6.6;1.0;102793.1;28.7;245.3;912.6;18159.5;39.1;8.9;10.2;397.8
4;2019-01-01 08:00:00;282.8;63.7;7.7;2.0;72342.0;32.0;269.1;1031.1;24101.0;34.4;4.1;11.0;368.7
4;2019-01-01 09:00:00;329.5;59.7;5.5;2.1;71096.1;16.5;203.1;525.8;18532.2;19.2;4.1;9.0;571.5
4;2019-01-01 10:00:00;284.2;54.7;6.1;0.8;58820.1;18.5;119.0;558.7;14087.1;24.5;3.4;9.8;365.5
4;2019-01-01 11:00:00;283.1;58.7;3.6;0.8;49692.1;17.8;128.3;676.5;45479.7;25.6;2.8;8.1;411.6
4;2019-01-01 12:00:00;252.7;47.1;3.0;0.5;48329.0;15.0;109.6;516.8;25970.5;17.4;2.0;6.5;382.0
4;2019-01-01 13:00:00;253.8;39.0;3.5;0.5;31268.8;12.7;168.7;396.2;23178.1;17.9;2.3;6.3;345.1
4;2019-01-01 14:00:00;217.9;45.8;3.7;0.7;55026.0;13.9;186.5;293.6;23508.7;19.5;2.5;7.3;349.1
4;2019-01-01 15:00:00;112.7;23.8;2.8;0.3;33849.3;11.0;140.0;270.2;18355.6;4.6;0.0;4.3;144.4
4;2019-01-01 16:00:00;127.9;28.2;2.8;0.3;26981.0;10.3;89.0;294.5;18251.3;6.5;0.0;4.9;333.0
4;2019-01-01 17:00:00;136.3;28.8;4.8;0.4;44532.0;9.9;124.9;216.4;5603.3;2.8;0.0;5.3;191.4
4;2019-01-01 18:00:00;167.7;44.5;5.6;0.5;74281.8;11.9;103.0;287.6;20954.5;1.6;1.7;6.7;381.2
4;2019-01-01 19:00:00;134.5;31.2;3.5;0.4;49563.0;13.1;110.0;331.8;21657.1;1.2;0.0;5.9;354.1
4;2019-01-01 20:00:00;85.7;15.6;1.8;0.2;27944.6;7.3;142.7;153.2;20016.7;2.0;0.0;2.8;41.3
4;2019-01-01 21:00:00;89.1;27.8;3.2;0.3;30656.9;8.5;220.9;238.8;19245.5;0.2;0.2;4.9;7.0
4;2019-01-01 22:00:00;155.9;27.8;3.0;0.3;26094.3;7.5;108.8;165.6;20258.2;0.3;2.1;4.2;83.6
4;2019-01-01 23:00:00;49.7;15.3;1.8;0.2;22625.0;7.1;108.1;118.7;21176.8;0.1;0.0;2.9;24.6
4;2019-01-02 00:00:00;261.5;45.7;4.5;0.5;74046.3;48.6;372.2;428.0;24592.2;0.5;0.3;8.3;75.9
4;2019-01-02 01:00:00;214.8;39.2;4.8;0.5;69257.3;44.2;192.3;386.3;20281.5;1.4;0.0;7.1;90.4
4;2019-01-02 02:00:00;146.7;45.6;6.3;0.6;47373.3;17.5;256.8;325.4;27920.9;2.6;0.8;9.4;180.8
4;2019-01-02 03:00:00;286.8;36.5;39.2;0.5;60471.5;23.1;320.7;396.2;76940.1;3.8;4.0;7.2;88.0
4;2019-01-02 04:00:00;170.5;47.5;5.1;0.5;83138.3;23.6;6256.4;507.7;27511.9;21.6;0.5;8.8;481.3
4;2019-01-02 05:00:00;335.1;62.7;8.7;3.3;92212.0;26.6;289.8;932.6;37077.8;26.1;10.2;11.4;535.4
4;2019-01-02 06:00:00;194.3;46.6;4.9;0.5;55998.3;24.0;201.0;563.2;24734.5;15.0;3.6;8.4;475.5
4;2019-01-02 07:00:00;226.3;64.2;8.5;1.0;70971.1;22.0;146.9;707.9;18597.4;18.1;2.4;13.4;524.2
4;2019-01-02 08:00:00;226.7;50.4;7.6;0.8;74114.5;22.2;203.4;610.9;15043.3;16.4;1.1;10.2;661.9
4;2019-01-02 09:00:00;240.9;54.9;7.1;0.7;59057.1;25.6;209.3;486.0;21479.0;22.5;0.3;10.4;483.4
4;2019-01-02 10:00:00;263.6;43.7;4.1;0.5;44173.1;21.0;230.9;392.0;20012.9;11.2;0.0;7.5;190.7
4;2019-01-02 11:00:00;289.8;63.7;4.4;1.2;47667.7;19.4;222.1;447.7;19354.8;14.4;3.8;9.5;493.9
4;2019-01-02 12:00:00;248.9;66.5;2.6;0.7;75177.1;17.4;120.8;373.9;29324.6;2.2;0.3;9.2;329.5
4;2019-01-02 13:00:00;144.9;34.3;2.4;0.3;28062.3;15.4;108.0;326.3;22564.4;4.5;0.4;5.1;299.1
4;2019-01-02 14:00:00;123.7;23.4;1.6;0.2;22341.6;9.0;128.1;165.9;20029.0;1.5;0.1;3.6;224.0
4;2019-01-02 15:00:00;116.2;24.2;1.6;0.3;26435.4;9.1;107.9;178.0;21735.6;2.5;0.0;4.0;186.8
4;2019-01-02 16:00:00;86.7;22.2;1.6;0.2;14679.3;6.7;98.9;147.9;22256.5;2.3;0.0;3.4;317.3
4;2019-01-02 17:00:00;66.5;20.2;2.7;0.3;35782.8;8.9;99.8;137.0;22475.8;2.4;0.0;3.9;28.4
4;2019-01-02 18:00:00;119.4;22.8;1.8;0.3;29918.4;8.2;95.1;161.1;19096.7;2.8;0.0;3.7;200.0
4;2019-01-02 19:00:00;128.2;22.7;2.9;0.3;17513.1;10.3;104.8;180.8;36978.6;2.1;0.1;3.9;309.7
4;2019-01-02 20:00:00;100.9;18.4;1.8;0.3;10327.3;7.4;98.7;138.9;24543.2;0.0;0.0;3.5;161.9
4;2019-01-02 21:00:00;127.6;35.7;3.3;0.3;27663.8;9.5;225.2;219.7;31155.1;0.4;0.3;5.9;111.2
4;2019-01-02 22:00:00;68.4;25.4;1.2;0.2;21790.0;9.2;87.9;181.7;17659.1;0.2;0.0;2.5;41.7
4;2019-01-02 23:00:00;94.2;19.0;2.2;0.2;18467.0;8.4;109.2;167.0;19552.8;0.1;0.0;3.4;162.4
4;2019-01-03 00:00:00;188.4;48.2;5.2;0.6;46653.1;40.1;802.6;341.4;26755.5;0.8;0.1;8.9;164.7
4;2019-01-03 01:00:00;231.6;53.2;8.8;0.8;92280.9;33.9;1609.5;431.1;23368.7;0.8;16.1;10.9;265.9
4;2019-01-03 02:00:00;233.6;51.5;5.7;1.2;86539.9;22.9;815.6;378.8;20250.1;12.4;3.1;8.3;314.8
4;2019-01-03 03:00:00;299.1;44.2;60.8;0.5;70318.6;26.9;610.9;473.8;108591.0;7.7;3.3;8.4;271.2
4;2019-01-03 04:00:00;215.4;49.2;5.6;0.7;82685.0;25.8;3824.6;668.3;16028.6;11.3;1.1;10.0;420.5
4;2019-01-03 05:00:00;222.8;43.4;4.5;0.6;78983.7;24.9;298.2;688.3;34762.9;17.1;0.8;8.5;425.1
4;2019-01-03 06:00:00;222.5;45.1;5.6;0.6;78438.3;28.2;373.9;667.0;21401.0;24.6;2.0;8.5;585.3
4;2019-01-03 07:00:00;248.4;55.4;9.5;0.8;73463.8;31.2;429.4;901.1;23110.9;13.6;0.2;13.1;254.1
4;2019-01-03 08:00:00;338.4;68.4;14.9;5.2;55132.8;27.9;362.0;713.5;26583.4;12.6;3.8;16.0;497.7
4;2019-01-03 09:00:00;146.8;35.7;5.0;0.5;46414.6;21.9;333.5;679.4;21095.9;5.1;1.7;9.4;414.0
4;2019-01-03 10:00:00;264.5;48.0;4.9;0.9;51685.1;18.3;370.3;517.8;19490.2;14.7;4.6;10.8;311.0
4;2019-01-03 11:00:00;213.9;71.6;2.5;0.9;74585.5;17.6;184.3;553.4;16077.5;15.6;1.3;12.9;251.6
4;2019-01-03 12:00:00;251.4;67.3;3.0;0.9;54491.8;16.8;157.6;497.8;18614.7;8.4;2.2;13.1;352.8
4;2019-01-03 13:00:00;238.5;37.0;2.1;0.4;42634.8;14.3;204.8;403.8;23267.4;2.1;0.1;6.1;436.4
4;2019-01-03 14:00:00;193.2;36.7;3.6;0.5;29028.6;13.3;113.2;261.5;22774.1;62.4;0.1;6.4;478.5
4;2019-01-03 15:00:00;71.7;28.3;4.0;0.4;24332.9;17.5;125.8;294.3;16888.0;71.7;0.0;5.6;306.0
4;2019-01-03 16:00:00;69.2;22.8;4.6;0.4;15090.4;8.4;106.9;141.4;19201.8;68.1;0.0;4.5;386.8
4;2019-01-03 17:00:00;115.3;30.0;5.7;0.5;46499.5;10.3;115.9;178.0;20494.6;52.0;1.3;6.6;257.9
4;2019-01-03 18:00:00;72.7;18.9;4.4;0.3;21326.8;10.4;108.9;133.0;19557.3;14.2;0.0;4.0;75.0
4;2019-01-03 19:00:00;73.2;19.6;4.9;0.3;27583.7;10.3;127.0;186.5;21825.1;17.6;0.0;3.9;132.7
4;2019-01-03 20:00:00;57.7;16.8;2.8;0.2;33694.4;7.1;114.3;115.6;19734.9;10.3;0.0;3.2;87.0
4;2019-01-03 21:00:00;140.5;24.4;2.2;0.3;25536.3;9.2;117.7;170.2;23388.6;0.4;0.1;4.2;185.0
4;2019-01-03 22:00:00;70.3;18.4;1.9;0.2;12230.7;8.6;136.2;137.2;18647.4;0.5;0.0;3.0;13.8
4;2019-01-03 23:00:00;25.2;10.2;0.9;0.2;10051.2;8.0;105.1;108.4;11748.5;0.1;0.0;2.0;1.6
4;2019-01-04 00:00:00;223.4;48.1;5.9;0.6;60833.3;40.5;710.3;370.7;22604.1;0.9;0.4;8.8;41.9
4;2019-01-04 01:00:00;146.6;43.2;4.7;0.5;58913.1;30.8;233.1;340.9;20072.5;0.7;0.1;8.0;65.3
4;2019-01-04 02:00:00;153.2;36.4;4.1;0.4;36278.2;14.1;174.9;270.9;16317.7;2.2;0.0;6.4;280.6
4;2019-01-04 03:00:00;322.3;30.9;57.5;0.6;44534.0;22.9;3833.2;445.1;104304.0;11.3;1.5;5.9;74.1
4;2019-01-04 04:00:00;212.4;50.0;4.7;0.6;70483.1;18.4;7976.8;643.9;22202.5;18.9;0.6;9.2;652.1
4;2019-01-04 05:00:00;208.2;47.7;4.8;0.7;50470.7;17.5;219.3;671.9;29963.5;9.0;3.2;9.2;400.1
4;2019-01-04 06:00:00;304.0;42.8;5.6;1.7;57933.4;21.4;308.8;665.6;14684.2;24.6;3.4;9.2;503.3
4;2019-01-04 07:00:00;262.1;58.0;12.0;1.4;43076.5;22.3;222.7;772.5;28938.2;14.4;2.6;12.1;316.3
4;2019-01-04 08:00:00;267.4;54.3;8.6;0.9;38289.6;24.8;1034.4;669.3;37153.6;21.7;0.5;10.4;432.6
4;2019-01-04 09:00:00;356.1;53.5;8.5;0.8;50100.1;15.7;1156.7;405.4;16463.6;25.5;2.6;10.2;342.5
4;2019-01-04 10:00:00;256.1;43.6;5.0;1.6;65769.8;13.4;1061.8;362.9;21357.0;22.9;3.3;7.7;280.3
4;2019-01-04 11:00:00;376.8;57.1;4.1;3.5;40918.6;18.6;1073.8;606.3;34077.2;24.5;7.5;8.5;483.5
4;2019-01-04 12:00:00;248.2;49.7;3.5;1.0;65027.2;14.1;1418.9;415.5;25833.4;17.2;5.2;7.4;406.1
4;2019-01-04 13:00:00;264.8;38.3;5.8;1.4;21077.7;12.7;1007.9;373.8;19319.9;19.9;3.1;5.7;192.9
4;2019-01-04 14:00:00;60.2;16.1;3.9;0.2;12214.8;8.3;141.1;137.7;17946.7;2.8;0.0;2.2;39.6
4;2019-01-04 15:00:00;116.7;29.8;4.2;0.3;52597.2;7.0;106.8;176.4;12731.7;0.2;0.1;4.1;259.3
4;2019-01-04 16:00:00;111.5;28.0;2.4;0.4;29216.3;7.4;90.8;218.7;17255.4;2.9;0.5;5.2;332.7
4;2019-01-04 17:00:00;83.8;17.4;1.9;0.3;45172.3;10.1;111.1;146.2;18208.0;2.4;0.0;3.7;36.1
4;2019-01-04 18:00:00;58.5;14.0;1.5;0.2;25788.3;9.7;145.5;139.5;22235.2;0.4;0.0;2.5;21.1
4;2019-01-04 19:00:00;104.2;18.9;3.3;0.2;14070.7;9.9;156.3;150.2;39107.0;0.3;0.2;3.3;268.9
4;2019-01-04 20:00:00;65.7;12.9;1.3;0.2;30546.7;6.8;130.2;106.9;18365.6;0.2;0.0;2.8;14.0
4;2019-01-04 21:00:00;98.5;29.6;3.1;0.3;27479.3;8.4;229.9;213.2;28942.2;0.1;0.0;5.1;13.1
4;2019-01-04 22:00:00;45.8;12.6;0.8;0.2;9744.0;6.6;111.3;96.1;16556.9;0.1;0.0;1.8;11.2
4;2019-01-04 23:00:00;38.9;12.4;1.0;0.2;10190.4;5.9;140.6;94.0;19766.4;0.1;0.0;2.1;80.7
4;2019-01-05 00:00:00;212.6;30.3;2.7;0.3;35857.1;42.9;515.9;266.6;25258.3;0.4;0.0;4.5;31.3
4;2019-01-05 01:00:00;155.7;23.6;9.2;0.3;12361.9;28.7;91.8;211.3;17567.0;0.1;0.0;4.1;21.0
4;2019-01-05 02:00:00;161.2;29.7;3.2;0.3;20560.5;12.9;199.3;201.2;27216.1;0.5;0.0;5.0;147.1
4;2019-01-05 03:00:00;366.8;36.0;79.1;0.6;42776.1;15.3;357.4;412.5;136678.6;10.2;3.6;6.7;358.5
4;2019-01-05 04:00:00;240.0;48.2;4.4;1.3;48839.2;18.0;410.0;530.6;19827.2;12.3;3.3;8.6;275.3
4;2019-01-05 05:00:00;181.6;35.3;7.5;0.5;79392.1;15.3;321.8;439.3;34981.3;13.8;0.7;7.1;269.7
4;2019-01-05 06:00:00;293.6;48.2;7.2;0.7;43538.9;23.4;435.5;668.4;24442.0;22.3;1.8;9.5;439.4
4;2019-01-05 07:00:00;202.9;53.8;10.5;0.9;52334.2;25.8;234.7;895.9;25405.2;17.2;0.6;13.3;411.4
4;2019-01-05 08:00:00;232.0;33.8;8.7;0.5;63019.9;19.0;1017.5;532.5;20898.7;25.7;0.5;7.2;295.0
4;2019-01-05 09:00:00;278.1;40.9;6.2;0.5;37739.0;18.3;1245.2;471.9;22890.8;32.0;2.1;8.4;281.1
4;2019-01-05 10:00:00;278.1;35.0;4.3;1.2;32033.0;12.6;1326.0;338.8;17971.8;30.0;2.8;6.2;267.0
4;2019-01-05 11:00:00;219.8;56.3;3.8;1.0;50113.9;15.1;1301.0;487.5;27102.2;25.1;5.2;8.3;370.8
4;2019-01-05 12:00:00;186.6;34.0;2.1;0.3;62228.0;14.3;996.3;459.5;25678.8;3.0;0.0;4.7;310.0
4;2019-01-05 13:00:00;129.7;24.1;2.1;0.3;25607.3;8.2;122.9;158.1;22958.7;1.8;0.1;4.3;186.0
4;2019-01-05 14:00:00;168.6;33.0;2.1;0.4;14646.1;8.8;142.1;271.1;21464.6;1.8;1.2;4.6;194.7
4;2019-01-05 15:00:00;126.6;20.7;1.0;0.2;11817.4;7.3;137.0;205.7;12883.5;2.8;0.2;3.8;201.9
4;2019-01-05 16:00:00;78.2;17.0;0.8;0.2;13509.8;5.7;138.8;127.1;12895.1;0.4;0.0;3.0;102.0
4;2019-01-05 17:00:00;24.3;11.8;0.6;0.2;13897.6;6.5;103.2;154.9;4618.9;0.9;0.0;2.3;6.5
4;2019-01-05 18:00:00;53.3;16.2;1.7;0.2;13943.7;6.9;126.0;179.2;18332.9;1.0;0.0;3.0;22.1
4;2019-01-05 19:00:00;87.3;23.9;1.9;0.3;16587.9;8.2;141.9;207.8;23270.0;2.3;0.0;4.2;209.2
4;2019-01-05 20:00:00;66.6;16.3;0.8;0.2;21746.1;5.7;147.2;113.0;15025.4;2.1;0.0;3.4;99.7
4;2019-01-05 21:00:00;109.5;26.4;4.7;0.3;24307.6;9.8;319.0;285.7;36360.4;0.4;0.0;4.9;72.3
4;2019-01-05 22:00:00;62.4;18.9;1.3;0.3;14015.7;6.5;168.9;170.0;21633.8;1.1;0.0;3.4;41.5
4;2019-01-05 23:00:00;73.1;21.1;1.6;0.2;12784.3;6.8;130.0;155.1;18084.4;0.7;0.0;2.7;15.7
4;2019-01-06 00:00:00;325.0;58.1;4.7;0.8;58789.8;53.7;738.8;497.9;25650.7;0.8;0.3;9.9;34.4
4;2019-01-06 01:00:00;254.3;57.4;8.5;0.7;64534.6;39.8;288.7;421.8;20322.7;3.6;1.5;12.0;97.7
4;2019-01-06 02:00:00;185.7;31.4;3.6;0.4;15735.6;17.3;208.7;292.8;23811.6;1.6;1.1;6.2;50.1
4;2019-01-06 03:00:00;132.8;35.3;4.2;0.5;28930.3;17.0;250.0;273.0;18897.6;4.6;0.6;7.5;229.2
4;2019-01-06 04:00:00;413.4;57.7;36.4;1.3;82283.1;24.8;3607.9;628.5;75498.7;14.8;2.3;10.2;283.1
4;2019-01-06 05:00:00;199.4;48.1;5.0;0.9;96349.9;22.2;5368.3;525.2;21310.6;18.3;0.5;8.9;491.0
4;2019-01-06 06:00:00;220.7;44.7;7.7;0.6;95067.7;19.8;912.4;501.1;19455.0;13.8;0.2;9.6;510.8
4;2019-01-06 07:00:00;405.4;75.5;10.0;7.9;128348.9;27.6;6891.3;1168.8;35070.0;21.4;0.7;16.3;629.4
4;2019-01-06 08:00:00;253.5;63.5;6.8;1.2;85933.8;24.8;156.9;878.0;38091.0;14.3;0.2;9.5;503.3
4;2019-01-06 09:00:00;342.3;68.7;6.5;4.6;60923.7;25.2;317.1;906.6;17495.9;26.3;1.4;12.0;475.0
4;2019-01-06 10:00:00;254.8;57.7;6.1;1.5;80895.5;14.9;155.1;423.0;21949.9;24.4;0.0;9.6;544.3
4;2019-01-06 11:00:00;373.5;70.5;7.0;3.4;61419.6;17.0;138.4;567.2;61663.5;22.8;0.1;11.6;455.0
4;2019-01-06 12:00:00;261.7;54.4;5.1;0.9;78491.8;13.7;140.0;466.3;22731.8;19.2;0.0;8.9;380.7
4;2019-01-06 13:00:00;246.2;49.1;3.5;2.1;64550.9;14.4;132.0;543.5;22992.5;18.6;0.0;8.0;419.9
4;2019-01-06 14:00:00;113.5;24.4;2.9;0.4;17226.0;9.4;111.0;331.0;20120.0;1.8;0.0;4.6;259.5
4;2019-01-06 15:00:00;149.0;34.4;2.6;0.3;31336.9;10.9;127.2;313.0;20110.2;3.0;0.0;4.5;199.3
4;2019-01-06 16:00:00;81.5;14.3;1.8;0.2;25910.0;9.3;115.9;235.0;16993.4;8.6;0.0;2.7;71.6
4;2019-01-06 17:00:00;59.4;15.4;1.0;0.2;17760.5;7.8;97.0;226.1;13701.7;0.3;0.0;3.0;96.7
4;2019-01-06 18:00:00;120.4;20.6;2.1;0.2;14962.8;8.1;94.0;277.3;12829.1;1.3;0.2;3.6;183.8
4;2019-01-06 19:00:00;63.2;19.6;2.6;0.3;30165.0;11.9;135.8;289.0;12542.8;0.7;0.0;4.0;232.1
4;2019-01-06 20:00:00;72.3;23.0;1.4;0.3;26235.0;9.0;114.2;260.4;22232.8;0.2;0.0;3.0;36.8
4;2019-01-06 21:00:00;77.8;19.1;2.4;0.2;32089.3;9.6;127.1;330.5;17453.5;4.6;0.0;3.4;129.9
4;2019-01-06 22:00:00;99.1;26.1;4.2;0.3;24362.5;8.8;118.1;250.9;14115.0;0.4;0.0;3.5;388.3
4;2019-01-06 23:00:00;96.6;22.8;2.5;0.3;57704.4;8.3;103.9;232.2;13561.8;0.9;0.6;4.1;408.6
4;2019-01-07 00:00:00;209.7;60.1;17.3;0.6;61433.8;38.2;622.9;452.4;15957.9;1.3;0.7;9.8;399.9
4;2019-01-07 01:00:00;147.4;47.0;10.8;0.5;63772.4;24.8;308.7;369.1;17659.1;0.6;0.2;8.1;379.0
4;2019-01-07 02:00:00;184.2;46.6;5.0;0.6;74988.1;17.5;173.1;391.5;18175.0;4.7;0.3;7.6;522.3
4;2019-01-07 03:00:00;355.9;26.5;107.1;0.3;73353.7;20.9;239.1;540.8;63976.6;13.0;0.0;4.7;400.5
4;2019-01-07 04:00:00;232.7;73.6;4.9;2.1;72089.2;27.4;6795.2;635.2;38503.7;11.9;0.7;11.1;552.0
4;2019-01-07 05:00:00;256.9;62.9;7.7;1.4;82894.8;22.7;7920.8;673.8;22202.5;22.2;2.8;10.7;804.2
4;2019-01-07 06:00:00;203.7;53.6;5.7;0.7;79486.8;20.5;239.5;727.3;13433.1;20.9;0.7;8.5;971.2
4;2019-01-07 07:00:00;213.3;65.8;9.6;1.5;65367.4;26.3;198.1;914.4;7799.3;24.8;1.2;13.0;553.5
4;2019-01-07 08:00:00;253.6;61.6;12.6;0.9;61903.4;23.3;523.8;792.4;20562.1;21.6;0.2;12.4;731.8
4;2019-01-07 09:00:00;169.3;52.0;10.6;0.7;55411.9;18.5;1129.1;594.9;26557.8;14.9;2.2;9.7;638.7
4;2019-01-07 10:00:00;243.2;61.0;4.6;1.9;60067.5;18.8;1019.0;557.6;5254.7;5.6;12.9;9.0;649.6
4;2019-01-07 11:00:00;273.9;81.1;8.3;5.5;91405.7;19.3;561.0;673.6;33396.5;23.9;12.7;10.7;477.5
4;2019-01-07 12:00:00;288.0;66.2;9.4;0.7;77752.6;16.1;1091.8;483.6;26279.7;3.0;10.0;8.3;467.8
4;2019-01-07 13:00:00;274.6;47.9;3.1;0.5;31072.1;10.7;1244.6;270.0;19614.5;4.5;7.4;6.1;443.1
4;2019-01-07 14:00:00;223.6;51.5;5.0;0.9;33771.0;11.1;1014.7;396.2;23157.5;1.7;6.1;8.3;561.5
4;2019-01-07 15:00:00;198.7;43.4;3.1;0.4;63672.0;9.7;121.4;261.7;16855.8;0.9;10.0;6.1;506.3
4;2019-01-07 16:00:00;167.4;38.9;2.2;0.4;33046.8;8.4;109.1;171.7;19698.6;1.8;9.4;5.1;522.0
4;2019-01-07 17:00:00;211.3;40.7;1.9;0.4;42244.1;8.8;97.2;162.0;15355.0;0.4;10.9;5.0;462.2
4;2019-01-07 18:00:00;174.4;39.0;2.5;0.3;40040.3;8.6;89.0;172.9;15274.7;0.3;11.5;4.7;561.5
4;2019-01-07 19:00:00;178.7;50.8;1.8;0.4;42426.8;12.5;108.9;308.9;14962.2;1.4;8.7;5.6;343.0
4;2019-01-07 20:00:00;171.0;32.0;2.0;0.3;54573.2;9.2;107.9;178.6;18549.2;4.5;0.9;4.5;364.8
4;2019-01-07 21:00:00;182.5;59.8;2.6;0.8;41447.4;12.5;186.9;337.8;19799.1;0.8;1.9;7.7;477.2
4;2019-01-07 22:00:00;77.4;32.0;1.5;0.3;22693.4;10.3;94.5;175.3;18259.4;1.0;1.7;3.3;345.0
4;2019-01-07 23:00:00;92.7;37.8;1.4;0.3;21425.0;8.5;106.4;166.1;20551.3;0.1;9.4;3.9;392.2
4;2019-01-08 00:00:00;387.2;70.7;5.0;1.3;73348.9;49.8;723.8;512.0;27873.9;0.7;17.1;9.5;483.6
4;2019-01-08 01:00:00;466.8;68.1;5.1;1.3;70809.4;44.9;447.3;546.9;23616.6;0.4;31.1;10.2;437.4
4;2019-01-08 02:00:00;356.3;75.3;8.4;7.5;68814.4;33.7;232.8;540.7;5871.6;0.6;36.5;11.6;817.4
4;2019-01-08 03:00:00;389.6;54.3;75.6;0.7;84294.8;30.9;220.0;641.0;95290.4;8.8;24.7;9.1;632.4
4;2019-01-08 04:00:00;247.8;62.3;9.0;1.3;90834.5;30.1;3935.8;640.5;19885.9;16.6;20.3;9.7;673.0
4;2019-01-08 05:00:00;364.3;64.0;8.2;4.7;75524.0;23.8;256.9;724.3;18519.4;10.5;19.7;9.8;634.7
4;2019-01-08 06:00:00;359.4;74.6;8.3;13.1;81443.0;31.5;167.9;1122.5;20227.2;16.7;30.9;12.2;905.8
4;2019-01-08 07:00:00;371.7;80.4;9.9;8.0;107750.2;40.5;272.9;1104.2;18050.8;32.7;19.7;15.0;646.9
4;2019-01-08 08:00:00;317.1;73.0;7.0;4.0;122229.6;40.9;215.8;1100.0;21121.6;40.9;11.4;12.6;774.7
4;2019-01-08 09:00:00;352.8;63.7;6.9;1.3;91044.3;35.9;275.1;902.0;17891.3;35.4;7.7;10.8;730.7
4;2019-01-08 10:00:00;203.4;50.6;3.6;0.8;76873.6;27.1;217.7;618.2;13743.0;12.8;1.5;7.9;548.2
4;2019-01-08 11:00:00;2503.5;56.0;5.8;0.7;67109.6;22.4;292.9;556.9;23264.3;9.4;3.7;8.6;572.3
4;2019-01-08 12:00:00;321.6;55.7;3.6;0.5;70200.6;14.4;161.1;384.1;30785.5;1.5;8.9;7.1;497.1
4;2019-01-08 13:00:00;299.0;35.8;3.9;0.4;66204.6;13.5;209.9;377.9;16166.7;3.7;7.5;5.6;147.4
4;2019-01-08 14:00:00;235.6;52.9;3.2;1.0;38659.7;13.0;131.1;457.6;33545.5;2.7;3.9;8.4;419.7
4;2019-01-08 15:00:00;159.2;41.1;2.5;0.4;41455.5;12.2;122.0;374.6;21649.5;0.7;6.6;6.0;355.4
4;2019-01-08 16:00:00;162.0;35.1;2.2;0.4;35262.2;10.3;108.1;304.5;23911.9;3.8;4.0;4.8;95.8
4;2019-01-08 17:00:00;136.9;33.9;3.9;0.4;33635.0;16.4;90.9;294.9;19879.1;3.0;7.6;5.3;92.7
4;2019-01-08 18:00:00;89.8;25.3;3.9;0.3;28737.2;9.8;112.0;226.4;18292.8;0.2;0.0;3.8;48.2
4;2019-01-08 19:00:00;113.5;30.6;4.0;0.4;32178.7;12.6;138.4;333.1;18951.5;6.7;1.7;5.2;236.4
4;2019-01-08 20:00:00;152.1;30.9;2.6;0.4;29022.5;7.8;116.1;142.8;21036.5;2.7;1.7;5.0;188.7
4;2019-01-08 21:00:00;181.2;38.0;5.1;0.4;66640.2;10.6;282.4;299.8;27636.2;0.6;5.8;5.2;131.9
4;2019-01-08 22:00:00;139.0;38.7;4.0;0.4;35202.8;13.2;110.4;275.7;18852.4;0.6;5.1;5.3;43.4
4;2019-01-08 23:00:00;114.3;41.3;2.8;0.4;34329.2;10.1;102.0;206.5;12685.1;2.5;2.1;4.5;34.8
4;2019-01-09 00:00:00;377.9;57.1;3.0;0.7;88671.5;64.9;262.6;688.2;16683.0;1.2;13.6;7.5;209.2
4;2019-01-09 01:00:00;389.6;58.3;5.5;0.6;59263.5;65.4;298.4;719.9;17529.0;1.9;5.3;8.3;542.8
4;2019-01-09 02:00:00;334.4;72.5;8.5;1.8;52794.6;41.3;196.4;532.9;15235.4;3.7;6.9;10.6;402.6
4;2019-01-09 03:00:00;206.2;51.5;10.0;0.6;74784.3;23.0;178.0;392.1;17605.4;9.0;10.9;8.8;400.7
4;2019-01-09 04:00:00;437.7;76.8;78.9;3.4;123054.1;38.4;3717.8;708.1;129120.4;8.8;4.9;11.5;451.1
4;2019-01-09 05:00:00;247.1;67.4;4.4;1.3;86100.0;28.6;237.8;651.3;35199.1;13.5;5.2;10.9;417.6
4;2019-01-09 06:00:00;213.4;43.8;5.2;0.5;95990.5;30.0;314.2;646.5;21151.7;17.4;15.0;7.7;315.5
4;2019-01-09 07:00:00;229.3;52.0;5.1;0.7;78704.1;21.8;168.7;550.4;19638.6;25.6;5.9;9.7;316.0
4;2019-01-09 08:00:00;415.6;69.2;7.9;2.5;93516.0;26.5;300.4;784.2;35044.9;15.3;4.2;12.8;545.3
4;2019-01-09 09:00:00;597.4;71.7;12.2;5.3;111197.3;41.0;294.0;1420.9;17852.3;22.1;11.7;13.9;409.9
4;2019-01-09 10:00:00;572.8;65.7;11.2;2.7;97510.9;34.7;206.0;1409.1;20288.9;20.5;7.3;12.3;420.6
4;2019-01-09 11:00:00;394.4;76.6;19.8;6.4;69574.6;35.4;192.8;1016.1;43192.0;16.9;8.8;12.9;426.5
4;2019-01-09 12:00:00;377.6;66.5;24.6;1.3;89165.1;36.0;189.0;1057.3;53535.5;18.7;3.3;12.2;275.6
4;2019-01-09 13:00:00;237.0;54.9;13.7;0.6;82303.4;25.8;181.0;650.2;23248.1;9.8;10.2;9.7;234.2
4;2019-01-09 14:00:00;305.9;66.1;13.7;1.2;60656.4;35.4;176.1;899.7;7790.3;19.4;3.8;12.9;195.2
4;2019-01-09 15:00:00;385.7;82.7;13.9;3.1;76279.1;30.2;150.8;901.1;5601.6;16.6;9.9;14.0;381.9
4;2019-01-09 16:00:00;407.4;67.6;11.9;3.2;81605.0;32.5;160.9;766.1;17606.8;18.2;28.2;10.7;388.8
4;2019-01-09 17:00:00;455.0;53.2;7.5;1.3;66804.1;32.3;195.5;670.7;17683.4;19.4;17.9;8.3;196.3
4;2019-01-09 18:00:00;322.6;53.1;10.1;0.7;85205.5;34.9;207.2;536.4;17349.7;13.8;20.5;10.2;370.2
4;2019-01-09 19:00:00;750.2;64.4;14.3;2.0;64179.2;44.6;163.0;1135.5;17873.3;36.1;23.0;12.0;502.6
4;2019-01-09 20:00:00;510.0;66.0;16.0;10.2;51874.0;32.5;156.2;1034.6;17461.5;92.6;32.9;11.3;594.9
4;2019-01-09 21:00:00;632.3;62.3;29.0;8.9;69404.6;32.5;110.4;996.4;12425.4;85.1;41.0;8.5;449.1
4;2019-01-09 22:00:00;285.9;41.9;8.1;0.5;42645.3;19.0;178.8;387.6;16787.7;15.3;10.6;6.5;201.1
4;2019-01-09 23:00:00;192.5;38.7;6.2;0.4;44546.9;17.3;122.7;400.7;14546.6;20.8;13.0;5.8;141.3
4;2019-01-10 00:00:00;506.3;62.7;14.0;1.0;50961.1;66.1;283.9;679.2;15762.5;25.8;12.6;12.0;110.1
4;2019-01-10 01:00:00;866.2;69.1;18.9;2.0;77614.9;63.2;200.8;694.1;14828.8;2.0;24.8;12.7;214.0
4;2019-01-10 02:00:00;467.3;65.3;18.3;3.6;90517.4;53.1;648.1;721.5;18469.7;2.4;43.5;12.9;145.4
4;2019-01-10 03:00:00;586.7;56.5;60.1;0.9;109255.6;38.7;203.2;911.3;82215.0;17.6;33.1;10.6;220.7
4;2019-01-10 04:00:00;454.4;80.4;16.1;4.5;88897.6;46.3;7038.3;900.1;35723.6;221.7;34.1;13.9;1211.7
4;2019-01-10 05:00:00;449.3;74.7;14.7;4.4;120195.9;46.7;4957.2;847.8;27083.2;20.6;42.4;13.0;514.5
4;2019-01-10 06:00:00;349.4;60.3;14.8;2.4;108662.4;35.1;6748.4;895.3;18886.7;23.6;14.4;12.0;443.2
4;2019-01-10 07:00:00;259.0;44.1;21.4;0.7;74151.0;30.1;198.0;653.2;16207.3;19.0;10.5;10.2;302.4
4;2019-01-10 08:00:00;286.3;41.0;14.9;0.7;40849.2;30.5;250.4;586.9;24785.6;23.2;5.9;10.1;143.2
4;2019-01-10 09:00:00;312.0;51.4;17.8;0.8;46730.4;36.0;327.2;713.8;36604.6;27.7;14.2;12.4;274.5
4;2019-01-10 10:00:00;495.5;49.3;14.7;3.1;55781.4;41.8;261.2;918.7;20427.6;29.5;29.6;11.2;229.5
4;2019-01-10 11:00:00;784.7;69.6;13.0;21.0;103875.2;57.4;236.5;1487.3;36029.4;17.0;50.4;13.6;287.5
4;2019-01-10 12:00:00;613.9;71.9;17.3;4.7;57663.4;52.7;480.4;1276.7;26701.2;18.6;12.8;13.1;295.0
4;2019-01-10 13:00:00;680.4;67.8;11.3;2.7;65444.1;44.4;292.2;1034.2;16894.5;14.8;20.0;14.7;387.7
4;2019-01-10 14:00:00;532.0;63.4;10.9;4.8;99012.5;51.1;346.0;1232.5;20541.4;39.5;32.5;12.5;575.5
4;2019-01-10 15:00:00;439.8;79.3;9.6;5.1;73362.9;51.4;540.9;1579.6;14524.2;20.5;25.9;13.0;538.6
4;2019-01-10 16:00:00;497.5;60.5;8.1;7.1;45586.2;36.5;656.6;919.4;5400.9;24.1;22.4;10.1;255.2
4;2019-01-10 17:00:00;401.1;62.6;8.7;1.6;113304.5;47.5;667.3;1104.7;16122.3;16.2;29.5;10.7;324.8
4;2019-01-10 18:00:00;345.8;60.0;7.5;2.2;99473.7;47.0;692.2;927.4;5949.7;9.1;25.4;11.2;274.9
4;2019-01-10 19:00:00;372.7;62.6;10.0;1.3;68631.1;44.1;642.3;866.7;36466.5;23.1;14.8;10.8;340.3
4;2019-01-10 20:00:00;491.1;46.5;6.1;0.5;77816.7;36.2;956.1;651.7;16039.7;19.0;13.3;8.2;266.4
4;2019-01-10 21:00:00;354.8;47.2;7.2;1.2;87600.6;29.4;1276.0;577.6;16305.0;1.1;16.3;8.7;233.1
4;2019-01-10 22:00:00;222.7;42.6;8.1;0.6;42079.2;23.4;686.1;478.2;34079.4;4.1;17.8;8.1;221.9
4;2019-01-10 23:00:00;183.8;37.0;7.1;0.5;32671.5;20.3;675.6;412.5;17815.1;2.9;4.4;7.3;216.0
4;2019-01-11 00:00:00;346.8;56.1;8.3;0.7;83982.8;71.5;704.5;716.0;22344.6;1.7;10.9;10.0;187.4
4;2019-01-11 01:00:00;386.4;69.3;9.0;1.1;89852.3;65.7;226.0;680.7;4715.4;1.0;19.2;11.7;366.8
4;2019-01-11 02:00:00;285.3;63.6;9.1;1.4;100466.8;47.2;190.8;632.5;21830.2;1.5;14.1;12.0;521.3
4;2019-01-11 03:00:00;470.1;52.1;82.6;1.2;79401.6;37.3;222.0;727.0;120461.7;11.3;14.7;9.4;283.9
4;2019-01-11 04:00:00;295.4;74.2;11.0;2.2;134681.3;46.1;5000.9;825.8;36331.9;6.6;21.1;12.7;585.2
4;2019-01-11 05:00:00;222.1;55.3;12.1;0.7;101839.9;38.3;6487.8;697.5;20700.6;10.3;19.3;9.5;527.5
4;2019-01-11 06:00:00;451.9;65.4;13.3;8.7;108671.0;41.7;272.8;882.4;19886.4;13.8;35.8;12.3;536.4
4;2019-01-11 07:00:00;342.6;46.7;6.7;2.1;93683.0;34.0;273.0;666.4;15403.9;5.5;38.7;9.4;260.6
4;2019-01-11 08:00:00;293.7;47.2;6.7;0.9;121754.8;32.0;128.0;548.7;9754.7;7.1;39.4;7.7;292.1
4;2019-01-11 09:00:00;376.8;49.4;7.1;1.9;86937.1;49.6;308.2;758.6;17813.8;7.2;68.8;9.3;276.6
4;2019-01-11 10:00:00;386.4;44.6;8.0;0.8;88983.7;47.1;199.8;742.9;18329.4;9.6;53.4;9.5;247.9
4;2019-01-11 11:00:00;728.2;66.6;13.6;7.9;174046.5;65.6;234.0;1606.7;24922.6;22.5;76.5;12.7;314.1
4;2019-01-11 12:00:00;702.0;67.3;12.2;6.6;134542.2;58.7;209.3;1384.4;14149.3;17.9;54.9;12.5;293.3
4;2019-01-11 13:00:00;561.8;70.1;11.3;4.3;77177.1;64.2;192.9;1381.3;7072.5;9.0;37.8;12.5;346.9
4;2019-01-11 14:00:00;444.0;62.3;17.1;2.8;76505.1;55.6;205.0;1422.8;27263.5;12.4;21.8;13.7;421.8
4;2019-01-11 15:00:00;395.1;54.5;12.0;1.2;123164.8;55.2;166.6;1166.1;15239.5;6.2;36.9;12.2;349.6
4;2019-01-11 16:00:00;445.9;64.7;9.6;2.4;55373.7;54.8;139.0;1269.2;12591.3;5.9;38.7;13.5;300.7
4;2019-01-11 17:00:00;373.1;53.3;9.6;0.9;66390.1;50.4;198.9;1153.3;12787.5;5.8;22.9;12.4;286.2
4;2019-01-11 18:00:00;325.2;36.5;13.2;0.8;45941.1;44.9;105.1;781.4;1380.9;2.4;12.9;10.0;164.3
4;2019-01-11 19:00:00;286.2;39.1;18.4;0.6;52710.9;39.8;155.4;729.5;48653.9;5.7;0.5;8.8;331.0
4;2019-01-11 20:00:00;1028.3;33.6;7.0;0.5;74760.5;27.7;156.9;561.8;16214.5;2.6;0.5;7.2;165.6
4;2019-01-11 21:00:00;605.0;34.2;8.2;0.6;75216.2;25.6;115.1;474.9;23908.4;5.4;1.7;7.7;143.7
4;2019-01-11 22:00:00;152.1;33.0;8.2;0.5;30259.8;20.4;83.8;445.0;11891.6;5.0;0.1;7.6;195.5
4;2019-01-11 23:00:00;285.2;31.7;7.1;0.5;31652.7;17.8;98.9;349.9;12924.0;5.3;1.1;7.1;341.5
4;2019-01-12 00:00:00;306.0;48.2;10.8;0.6;48295.6;59.9;476.3;503.8;14266.9;3.5;2.0;9.3;310.2
4;2019-01-12 01:00:00;293.5;46.0;7.0;0.6;56075.7;54.7;175.1;519.4;15725.1;4.1;3.3;9.0;217.7
4;2019-01-12 02:00:00;186.0;31.1;11.1;0.5;31150.5;28.6;141.7;493.7;13729.3;2.0;0.3;7.0;224.5
4;2019-01-12 03:00:00;328.8;42.1;46.1;0.6;86819.0;24.8;203.5;622.2;73613.4;8.7;1.2;9.8;265.9
4;2019-01-12 04:00:00;261.8;71.3;9.5;1.6;82766.7;41.8;403.7;656.2;18445.0;9.0;11.8;11.1;562.6
4;2019-01-12 05:00:00;206.1;59.1;7.6;0.8;106590.7;29.7;216.9;657.3;17002.3;9.8;2.7;11.5;524.4
4;2019-01-12 06:00:00;218.9;45.0;5.9;0.6;76803.2;26.6;145.6;590.8;13364.6;26.4;0.1;8.9;551.2
4;2019-01-12 07:00:00;206.9;44.4;12.8;0.7;68347.3;21.7;182.2;636.5;20598.9;16.9;0.7;10.7;270.9
4;2019-01-12 08:00:00;367.6;51.6;8.8;1.0;73738.4;30.5;178.3;1051.2;32288.2;15.8;2.0;11.6;357.6
4;2019-01-12 09:00:00;589.4;49.1;8.6;1.1;93922.7;31.1;178.4;1226.0;17668.2;19.9;7.8;10.1;345.1
4;2019-01-12 10:00:00;289.5;38.9;5.9;1.4;32974.7;31.8;312.6;1310.8;13067.0;21.0;3.2;7.7;281.0
4;2019-01-12 11:00:00;286.9;64.8;10.4;2.3;48264.8;19.2;207.7;631.7;59025.6;15.4;13.0;11.3;398.2
4;2019-01-12 12:00:00;234.4;53.7;5.2;1.5;73610.5;17.0;194.5;414.5;19962.5;21.1;5.3;9.3;337.5
4;2019-01-12 13:00:00;331.6;34.5;4.3;1.4;28816.7;16.3;119.9;438.1;17009.3;23.8;3.0;6.2;382.2
4;2019-01-12 14:00:00;206.6;31.0;3.1;0.6;23717.5;12.7;117.8;294.9;14834.0;19.2;1.1;5.2;553.6
4;2019-01-12 15:00:00;109.7;26.3;3.3;0.4;50219.6;8.1;121.3;187.3;15024.1;12.2;0.0;4.7;543.2
4;2019-01-12 16:00:00;55.7;25.9;3.0;0.3;23873.7;9.7;117.1;151.6;13679.1;2.7;0.1;4.3;585.1
4;2019-01-12 17:00:00;79.9;21.3;2.2;0.3;20966.5;8.0;93.5;130.2;15809.6;1.0;0.0;3.3;439.4
4;2019-01-12 18:00:00;60.2;26.7;1.8;0.3;19617.0;7.4;82.0;149.8;17283.3;3.4;0.0;4.1;493.9
4;2019-01-12 19:00:00;127.3;40.2;4.2;0.4;40863.9;10.8;102.0;255.0;42366.7;2.8;0.0;6.5;562.8
4;2019-01-12 20:00:00;55.2;21.3;2.6;0.3;20359.2;6.4;97.9;98.6;11819.6;0.6;0.0;4.0;517.6
4;2019-01-12 21:00:00;146.8;28.9;3.3;0.4;23650.8;8.0;103.3;182.3;13855.0;0.2;0.1;5.1;506.6
4;2019-01-12 22:00:00;49.1;21.8;1.8;0.3;17756.4;6.6;100.9;110.8;15737.8;1.3;0.0;3.3;628.9
4;2019-01-12 23:00:00;80.8;22.4;0.6;0.3;18096.4;4.8;81.9;116.1;12698.4;0.3;0.0;3.5;540.7
4;2019-01-13 00:00:00;355.6;50.1;4.5;0.5;74571.0;66.1;498.2;560.8;18503.8;0.7;1.7;8.0;498.8
4;2019-01-13 01:00:00;311.4;48.7;5.3;0.6;82496.5;55.0;385.4;520.6;17900.0;1.6;2.5;9.4;589.7
4;2019-01-13 02:00:00;282.4;61.3;9.0;1.2;73534.8;40.4;161.8;469.0;19366.3;1.8;2.2;10.7;703.1
4;2019-01-13 03:00:00;382.0;46.0;47.4;0.6;71591.9;21.0;310.5;400.1;65935.1;3.2;2.3;8.2;642.5
4;2019-01-13 04:00:00;221.5;64.5;8.9;0.8;79730.4;28.7;510.9;628.0;18823.2;9.9;1.7;11.7;640.7
4;2019-01-13 05:00:00;190.4;57.6;10.7;0.7;90257.6;27.1;261.0;530.5;30064.2;12.4;4.5;9.3;726.4
4;2019-01-13 06:00:00;281.0;81.7;12.7;5.9;74840.3;24.9;225.0;846.2;20638.5;24.7;11.0;14.6;913.1
4;2019-01-13 07:00:00;253.0;54.8;8.5;1.8;59972.1;22.4;240.2;599.8;19336.9;7.8;0.0;10.7;567.1
4;2019-01-13 08:00:00;314.2;78.7;8.5;2.9;60225.0;22.5;208.4;721.6;16453.6;24.4;0.2;12.6;952.0
4;2019-01-13 09:00:00;261.5;78.4;4.5;2.1;76597.7;26.7;251.2;938.4;14151.6;30.2;0.1;12.2;873.5
4;2019-01-13 10:00:00;265.5;56.2;7.5;1.5;49810.7;20.9;204.3;698.1;13509.6;31.2;0.1;9.4;690.3
4;2019-01-13 11:00:00;212.1;52.4;5.5;0.5;51495.2;13.2;202.0;426.7;43900.4;17.0;0.0;7.8;611.0
4;2019-01-13 12:00:00;196.7;59.9;3.6;1.0;51852.8;13.4;193.1;481.5;19377.9;12.9;0.0;7.9;587.6
4;2019-01-13 13:00:00;265.1;52.9;4.3;0.5;74048.6;12.2;116.5;398.6;18206.7;6.0;0.0;9.1;626.9
4;2019-01-13 14:00:00;142.1;37.1;3.2;0.4;20783.1;8.8;120.9;230.3;23640.1;0.5;0.0;6.4;593.4
4;2019-01-13 15:00:00;112.4;38.0;2.1;0.4;53628.8;9.3;123.9;238.3;25063.2;3.8;0.0;5.4;494.4
4;2019-01-13 16:00:00;60.3;22.2;1.7;0.3;20315.4;6.3;101.1;227.9;13661.3;3.2;0.0;3.6;579.6
4;2019-01-13 17:00:00;38.3;20.8;1.3;0.3;37407.7;7.3;123.0;173.3;13337.6;2.8;0.0;3.6;558.5
4;2019-01-13 18:00:00;153.9;39.4;3.8;0.4;55742.2;12.1;106.8;284.7;12413.9;1.8;1.4;6.7;581.9
4;2019-01-13 19:00:00;139.2;33.9;2.2;0.3;45549.7;8.7;113.2;221.3;15534.0;1.8;0.1;5.2;575.3
4;2019-01-13 20:00:00;131.8;27.4;0.6;0.3;18385.3;5.9;95.7;143.8;13661.8;1.7;0.0;4.1;611.9
4;2019-01-13 21:00:00;126.4;32.8;2.2;0.3;42721.8;9.1;106.0;186.4;23108.7;1.6;0.1;4.9;589.6
4;2019-01-13 22:00:00;80.7;25.7;6.6;0.4;40352.1;9.5;121.9;206.5;16328.4;4.4;0.0;4.7;578.0
4;2019-01-13 23:00:00;69.2;25.0;6.5;0.3;29705.8;8.1;90.8;175.6;14215.8;4.7;0.0;4.1;538.2
4;2019-01-14 00:00:00;301.7;58.7;8.7;0.6;73193.5;56.5;268.8;666.8;20700.5;4.9;0.2;8.9;492.1
4;2019-01-14 01:00:00;293.1;43.5;5.0;0.5;78278.4;55.6;242.6;528.6;14221.6;0.9;1.1;8.0;198.7
4;2019-01-14 02:00:00;414.4;63.0;7.6;0.9;76994.5;44.2;171.4;497.0;9415.1;3.0;1.7;11.5;281.1
4;2019-01-14 03:00:00;178.0;45.0;9.7;0.5;53317.6;17.8;177.1;385.7;16071.0;4.7;0.3;7.8;343.5
4;2019-01-14 04:00:00;305.8;46.3;16.0;0.5;80068.5;26.6;415.5;399.2;41148.6;3.0;2.3;8.2;399.3
4;2019-01-14 05:00:00;346.3;58.1;62.1;1.7;49655.9;27.5;229.9;675.8;102305.9;9.7;2.0;12.3;321.9
4;2019-01-14 06:00:00;308.1;46.7;4.8;0.8;41148.7;22.1;289.2;689.2;19626.3;10.7;16.8;11.2;233.7
4;2019-01-14 07:00:00;362.0;55.5;7.2;2.5;46189.8;29.2;156.0;903.9;23174.7;27.8;30.3;12.0;344.8
4;2019-01-14 08:00:00;309.4;69.9;8.4;1.8;73673.0;37.1;301.7;1155.6;18364.7;25.7;6.3;15.6;328.1
4;2019-01-14 09:00:00;280.9;64.4;7.4;1.1;102773.9;24.4;257.8;800.3;31637.4;11.7;11.0;14.5;442.3
4;2019-01-14 10:00:00;330.3;46.6;6.4;0.7;74857.3;30.0;368.6;694.0;32354.7;6.3;36.3;10.6;268.4
4;2019-01-14 11:00:00;282.2;42.9;7.0;0.7;74990.1;28.4;241.3;495.0;46205.9;5.3;30.0;11.1;293.0
4;2019-01-14 12:00:00;318.8;64.6;7.1;2.2;70768.7;28.1;237.8;629.8;17646.6;31.7;24.0;13.1;424.1
4;2019-01-14 13:00:00;369.1;65.9;6.8;3.3;75394.2;30.9;205.3;808.3;24367.9;21.6;17.9;13.0;367.7
4;2019-01-14 14:00:00;282.3;60.3;8.3;0.8;73531.2;27.5;240.2;626.4;25060.7;22.6;18.6;13.2;357.2
4;2019-01-14 15:00:00;225.9;42.4;7.7;0.6;74162.3;25.7;184.5;541.4;20817.4;3.0;2.8;9.5;116.1
4;2019-01-14 16:00:00;414.6;71.9;7.8;2.3;101080.0;32.6;284.0;817.2;19725.7;10.5;8.7;12.5;326.8
4;2019-01-14 17:00:00;352.9;45.8;5.2;0.5;71969.3;30.8;661.1;770.2;21763.0;4.2;9.8;7.5;277.3
4;2019-01-14 18:00:00;316.3;42.3;6.0;1.3;52279.7;31.7;299.0;583.2;8004.9;27.8;28.0;9.8;208.0
4;2019-01-14 19:00:00;330.7;52.5;9.2;1.4;77729.7;37.0;181.2;655.3;39753.9;28.2;33.1;12.0;299.3
4;2019-01-14 20:00:00;254.7;45.2;10.1;0.6;79249.9;32.6;451.6;589.8;39304.0;12.7;11.9;10.8;84.7
4;2019-01-14 21:00:00;243.3;39.7;7.1;0.6;73960.2;25.5;163.2;531.7;14181.3;5.4;5.2;8.7;213.4
4;2019-01-14 22:00:00;141.4;27.7;7.0;0.5;33424.1;23.1;120.0;415.6;14771.0;3.5;0.0;6.3;100.3
4;2019-01-14 23:00:00;148.5;26.5;5.7;0.5;25695.3;22.8;133.1;440.4;15521.0;3.3;0.2;6.5;83.3
4;2019-01-15 00:00:00;270.5;50.6;24.1;0.7;54241.4;38.0;451.6;465.1;21475.5;3.0;0.0;10.5;137.7
4;2019-01-15 01:00:00;259.1;55.2;8.4;0.9;65643.7;33.3;274.6;483.3;15053.6;1.3;2.1;11.2;288.4
4;2019-01-15 02:00:00;240.5;49.0;8.1;0.6;63194.4;30.8;163.6;541.3;14566.0;3.1;3.3;9.8;310.2
4;2019-01-15 03:00:00;1006.7;44.2;18.2;1.2;86915.3;26.3;329.6;386.0;22769.5;8.8;15.2;9.7;314.2
4;2019-01-15 04:00:00;488.7;69.2;64.0;1.5;131223.8;39.0;5057.8;745.5;109434.8;14.5;8.7;15.0;589.5
4;2019-01-15 05:00:00;208.0;48.4;11.4;0.6;69217.6;24.1;7010.9;495.8;39673.9;4.8;2.9;9.3;387.8
4;2019-01-15 06:00:00;232.2;67.8;8.7;0.7;70833.1;23.7;292.1;584.0;24694.0;13.1;4.4;13.0;357.1
4;2019-01-15 07:00:00;499.8;84.8;11.6;25.0;85212.1;34.2;167.4;910.9;19704.9;11.5;38.8;16.2;498.5
4;2019-01-15 08:00:00;378.7;81.0;9.6;2.8;71881.4;34.3;290.3;736.1;20705.6;26.2;24.7;16.9;205.5
4;2019-01-15 09:00:00;421.7;82.0;7.8;4.9;69706.8;36.4;237.7;797.7;24399.9;21.1;25.4;17.2;201.9
4;2019-01-15 10:00:00;399.4;75.8;5.5;3.8;73386.4;41.4;213.2;804.1;24799.2;28.1;31.2;13.8;246.2
4;2019-01-17 00:00:00;334.9;65.4;29.8;0.8;61710.0;53.3;393.1;837.8;25611.6;2.6;8.7;11.7;56.0
4;2019-01-17 01:00:00;627.1;52.3;9.7;0.6;72305.0;43.0;327.0;638.6;22370.6;1.8;12.4;10.1;105.7
4;2019-01-17 02:00:00;386.4;50.8;11.6;0.9;86143.9;37.1;229.6;643.2;24744.3;3.1;19.9;10.5;329.5
4;2019-01-17 03:00:00;277.7;45.5;9.6;0.6;75729.3;32.7;219.7;497.7;37264.8;1.4;29.2;9.2;269.2
4;2019-01-17 04:00:00;499.5;72.0;59.2;4.5;123608.0;54.5;576.9;924.0;89275.4;12.4;40.2;13.5;379.6
4;2019-01-17 05:00:00;700.0;66.4;10.0;1.5;104923.4;43.0;1551.4;752.4;23998.9;7.6;24.9;11.9;423.2
4;2019-01-17 06:00:00;574.1;62.4;9.3;10.7;85685.3;39.5;217.0;901.8;33770.1;6.3;26.2;13.5;331.7
4;2019-01-17 07:00:00;261.9;39.0;9.6;0.6;75986.7;32.2;106.2;579.9;24823.7;35.4;22.8;9.1;344.6
4;2019-01-17 08:00:00;340.3;66.9;12.1;3.3;95528.8;36.9;170.4;803.8;24332.1;28.7;27.9;15.3;480.9
4;2019-01-17 09:00:00;332.8;40.0;10.6;1.4;77059.1;43.7;311.5;725.0;33985.0;33.5;23.9;9.0;342.4
4;2019-01-17 10:00:00;358.0;41.7;6.3;0.5;97693.7;42.5;221.1;593.7;21722.3;23.0;37.0;8.1;366.1
4;2019-01-17 11:00:00;558.4;46.2;8.9;3.3;187514.7;49.4;270.8;915.2;43714.5;13.9;50.1;9.5;319.2
4;2019-01-17 12:00:00;521.1;57.0;7.9;4.3;73704.1;57.5;322.6;1269.7;21518.4;23.9;55.6;10.6;450.0
4;2019-01-17 13:00:00;709.9;57.0;8.9;9.8;134282.9;54.4;276.5;1083.9;29984.5;9.3;70.6;10.3;203.3
4;2019-01-17 14:00:00;734.4;55.6;8.9;5.8;125080.3;57.0;566.4;1126.0;38184.1;11.1;69.1;10.3;448.6
4;2019-01-17 15:00:00;440.8;37.6;7.8;0.9;97988.1;60.4;825.0;1309.2;29301.7;8.9;69.3;8.8;160.1
4;2019-01-17 16:00:00;488.8;41.9;13.9;0.7;72994.0;57.5;791.5;1071.7;38551.2;3.2;64.2;9.9;103.3
4;2019-01-17 17:00:00;864.4;52.6;10.7;1.9;71548.4;52.6;880.8;829.7;62295.7;4.3;63.2;10.9;238.9
4;2019-01-17 18:00:00;1524.3;36.3;4.5;0.4;55499.9;48.9;1231.1;664.6;8254.8;3.4;62.6;6.9;97.5
4;2019-01-17 19:00:00;765.7;44.8;5.5;0.7;61105.7;53.5;921.4;778.0;21089.3;2.1;51.7;8.3;275.5
4;2019-01-17 20:00:00;372.4;39.9;5.6;0.5;72471.0;51.7;1187.2;858.1;14675.1;3.7;40.7;7.2;199.4
4;2019-01-17 21:00:00;1453.1;33.4;9.4;0.5;77494.1;47.5;1036.5;729.4;16950.0;3.6;35.5;7.3;218.2
4;2019-01-17 22:00:00;413.1;37.9;6.4;0.5;74339.7;46.5;93.9;803.6;21658.4;5.7;26.1;7.1;169.5
4;2019-01-17 23:00:00;1587.7;26.6;4.5;0.5;53301.0;32.3;104.5;450.6;11763.2;3.9;16.2;6.5;158.1
4;2019-01-18 00:00:00;279.5;46.5;21.3;0.6;75330.6;44.0;613.2;455.6;18368.6;0.7;10.5;9.8;157.0
4;2019-01-18 01:00:00;260.1;52.5;6.6;0.6;101765.0;41.4;372.2;500.6;18853.8;0.6;16.2;9.9;244.5
4;2019-01-18 02:00:00;346.6;47.2;9.5;0.7;70402.7;34.8;214.5;556.9;14768.1;3.9;18.3;10.4;370.8
4;2019-01-18 03:00:00;405.9;40.1;52.4;0.6;73466.1;37.2;303.1;600.1;88431.2;12.2;25.2;8.8;311.6
4;2019-01-18 04:00:00;294.4;50.8;5.8;1.4;122660.1;38.5;2539.1;633.3;33768.8;3.6;37.9;9.4;624.9
4;2019-01-18 05:00:00;461.7;57.4;6.5;4.2;155695.3;44.5;297.5;864.3;41674.0;9.5;50.4;10.4;468.2
4;2019-01-18 06:00:00;496.7;62.2;9.7;2.9;112538.2;47.5;179.1;869.2;25882.6;9.1;49.5;13.4;642.7
4;2019-01-18 07:00:00;318.8;45.8;8.9;0.7;104957.2;39.6;247.6;634.2;20539.0;20.1;27.2;10.7;346.8
4;2019-01-18 08:00:00;586.5;63.4;13.2;3.7;117184.8;53.6;254.5;1613.7;18109.4;31.4;13.6;13.1;611.8
4;2019-01-18 09:00:00;1069.9;69.4;12.7;7.2;120688.1;60.0;354.6;1425.3;31752.1;24.3;31.2;13.3;522.6
4;2019-01-18 10:00:00;582.2;70.0;11.3;5.4;125071.6;62.3;233.9;1501.0;16682.3;23.2;33.8;13.4;390.5
4;2019-01-18 11:00:00;1066.4;60.3;14.1;2.3;73858.4;48.9;360.7;1640.6;59317.7;21.3;23.9;11.6;364.8
4;2019-01-18 12:00:00;2314.3;63.1;9.4;3.5;83976.0;57.3;262.6;1496.2;16988.1;28.5;34.6;11.1;393.3
4;2019-01-18 13:00:00;597.5;51.3;9.3;0.7;87469.8;47.1;256.7;1015.9;27104.4;12.1;45.1;10.2;400.9
4;2019-01-18 14:00:00;610.2;56.7;8.0;1.2;89724.3;44.2;286.0;823.6;19375.9;15.2;44.1;11.0;456.1
4;2019-01-18 15:00:00;373.3;53.9;10.2;1.2;72965.2;43.7;203.1;794.8;38937.1;21.8;34.0;9.7;309.0
4;2019-01-18 16:00:00;368.5;45.9;8.3;0.6;74284.7;42.3;212.2;773.4;27296.8;15.4;31.6;8.0;238.2
4;2019-01-18 17:00:00;507.7;64.9;5.5;8.1;118138.6;42.6;186.3;837.2;20265.4;16.4;45.2;10.5;454.8
4;2019-01-18 18:00:00;528.5;58.0;6.2;2.3;85049.8;29.9;166.1;612.6;23756.6;17.4;24.8;9.1;369.5
4;2019-01-18 19:00:00;228.1;41.0;6.0;0.5;75821.6;30.4;207.1;483.1;20277.3;16.5;16.1;7.3;305.0
4;2019-01-18 20:00:00;404.8;42.6;5.6;1.1;64772.9;28.2;258.9;494.7;32812.2;15.8;17.0;7.6;306.5
4;2019-01-18 21:00:00;376.0;32.7;9.1;0.5;47292.2;30.4;393.3;549.5;37347.4;7.0;8.8;7.4;180.7
4;2019-01-18 22:00:00;204.5;30.5;4.6;0.5;37274.2;20.9;388.7;360.4;36791.7;3.0;8.9;6.0;309.6
4;2019-01-18 23:00:00;96.5;23.5;5.8;0.4;37105.0;15.8;289.8;242.5;29207.5;1.2;3.0;4.8;343.8
4;2019-01-19 00:00:00;198.4;39.3;18.7;0.5;53660.3;32.0;658.0;286.6;58622.5;1.3;7.9;6.9;298.5
4;2019-01-19 01:00:00;170.7;29.0;4.6;0.4;57953.9;21.4;210.2;301.6;14349.5;1.3;8.9;4.5;313.5
4;2019-01-19 02:00:00;164.8;29.0;6.3;0.4;52008.4;20.1;213.4;315.8;29141.3;2.9;12.0;5.2;301.0
4;2019-01-19 03:00:00;191.2;31.0;5.0;0.5;42402.3;16.8;140.0;293.0;12115.3;11.5;19.3;7.2;205.4
4;2019-01-19 04:00:00;308.6;59.0;4.5;4.1;99205.0;26.1;234.5;368.8;9709.6;8.3;27.8;11.1;475.2
4;2019-01-19 05:00:00;543.6;50.6;42.6;0.7;80567.7;27.5;340.6;471.4;120665.8;11.9;24.8;9.4;448.9
4;2019-01-19 06:00:00;281.5;50.1;6.1;0.9;94726.6;19.2;320.7;437.6;13209.5;5.9;22.5;10.6;577.6
4;2019-01-19 07:00:00;644.4;60.6;7.9;13.1;117067.2;35.1;216.2;1349.4;14268.8;28.5;33.8;15.3;507.9
4;2019-01-19 08:00:00;312.8;52.0;8.1;2.8;68387.2;31.4;366.5;1069.3;6315.8;41.6;17.9;12.3;441.5
4;2019-01-19 09:00:00;345.9;45.8;5.1;1.1;44842.6;19.0;186.2;557.0;11956.5;26.9;19.3;10.3;449.7
4;2019-01-19 10:00:00;292.9;47.5;3.6;1.9;40594.0;17.1;521.9;440.0;14447.6;18.3;20.9;10.1;497.1
4;2019-01-19 11:00:00;430.4;75.5;7.2;4.2;70794.7;28.6;381.8;591.7;64711.9;18.5;20.9;13.1;506.0
4;2019-01-19 12:00:00;184.2;47.6;5.0;0.6;50935.8;18.0;554.7;360.9;15061.1;55.1;2.8;8.7;698.2
4;2019-01-19 13:00:00;337.2;57.8;6.1;2.8;75511.2;15.8;386.2;388.5;15890.2;18.7;5.5;9.4;785.0
4;2019-01-19 14:00:00;375.6;64.0;3.5;7.1;104473.6;16.0;229.4;505.2;15766.9;14.8;10.2;9.6;759.5
4;2019-01-19 15:00:00;174.3;54.9;3.5;0.6;72410.9;11.5;279.1;359.9;12523.5;11.8;0.4;8.7;857.2
4;2019-01-19 16:00:00;128.4;40.4;3.3;0.4;61161.3;10.8;331.0;239.7;12531.2;14.7;1.4;5.4;733.1
4;2019-01-19 17:00:00;111.1;32.1;3.5;0.4;45712.4;11.6;335.1;218.1;18577.2;0.9;1.4;5.5;359.4
4;2019-01-19 18:00:00;135.9;34.4;2.5;0.3;48339.7;13.3;251.8;288.6;20587.1;1.7;1.7;4.8;451.1
4;2019-01-19 19:00:00;153.8;33.5;2.2;0.3;32628.4;12.9;168.3;214.5;18930.9;1.4;0.0;4.6;498.8
4;2019-01-19 20:00:00;115.5;22.9;3.0;0.3;59216.4;9.1;152.0;238.9;33709.2;4.2;0.0;3.2;547.7
4;2019-01-19 21:00:00;129.5;32.3;3.1;0.4;30719.2;9.5;156.2;189.8;15899.0;2.0;0.0;5.1;589.9
4;2019-01-19 22:00:00;119.6;29.8;3.4;0.3;21358.5;7.2;136.2;146.3;19286.5;1.3;0.0;4.4;463.0
4;2019-01-19 23:00:00;91.2;24.4;1.6;0.3;23968.3;7.6;165.9;233.2;4730.7;1.1;0.0;3.5;544.2
4;2019-01-20 00:00:00;238.4;55.0;23.1;0.7;48893.3;33.7;411.5;350.4;29624.9;3.5;0.1;10.4;544.3
4;2019-01-20 01:00:00;237.1;60.8;7.1;0.8;66612.7;25.3;186.5;359.7;20336.9;2.1;0.3;11.2;503.2
4;2019-01-20 02:00:00;255.6;57.7;6.1;1.2;69119.0;22.0;237.1;415.1;18429.8;0.8;2.7;9.4;521.1
4;2019-01-20 03:00:00;686.5;62.0;76.5;3.4;99006.5;33.9;289.2;805.4;114200.8;9.6;10.7;11.7;451.9
4;2019-01-20 04:00:00;290.6;74.4;8.3;1.9;103334.5;29.6;7921.4;765.9;7071.5;4.9;2.9;13.4;553.9
4;2019-01-20 05:00:00;178.7;59.4;6.6;0.7;114532.7;23.2;7523.3;646.7;14322.4;13.3;0.3;10.2;641.5
4;2019-01-20 06:00:00;306.4;50.8;5.9;0.6;73837.2;24.3;223.0;481.5;22408.2;17.7;2.4;9.5;766.8
4;2019-01-20 07:00:00;302.3;63.6;9.0;2.6;94728.1;22.3;240.6;528.1;14761.6;22.8;0.4;12.4;588.2
4;2019-01-20 08:00:00;266.2;68.9;11.1;1.6;70958.7;21.9;236.9;629.5;57451.6;28.8;0.1;13.6;718.7
4;2019-01-20 09:00:00;345.4;76.0;11.8;4.1;76924.9;26.1;208.1;883.9;51750.9;20.8;0.5;13.8;857.6
4;2019-01-20 10:00:00;308.4;60.9;11.5;3.3;54783.1;30.2;126.1;1032.9;18066.4;22.6;0.6;10.1;550.6
4;2019-01-20 11:00:00;386.0;72.8;11.3;7.3;88864.9;24.9;165.6;917.9;41317.4;28.2;2.4;11.7;608.3
4;2019-01-20 12:00:00;255.7;67.9;4.1;1.6;85289.2;22.1;197.5;603.1;22242.7;22.7;0.0;8.9;643.5
4;2019-01-20 13:00:00;223.4;52.0;7.6;0.6;56197.7;21.3;192.3;572.9;18784.3;32.9;0.0;8.9;498.8
4;2019-01-20 14:00:00;212.2;39.1;2.7;0.4;79285.9;17.8;115.0;475.6;13330.3;21.0;0.0;6.0;497.6
4;2019-01-20 15:00:00;200.0;38.5;2.4;0.7;29307.8;13.3;124.1;318.3;14628.3;18.5;0.0;4.9;577.4
4;2019-01-20 16:00:00;174.6;42.0;3.4;0.4;48194.6;14.0;157.1;346.9;12948.8;4.6;0.0;6.3;493.3
4;2019-01-20 17:00:00;171.1;28.1;3.6;0.5;30019.9;12.4;176.9;237.1;14677.5;3.5;0.0;6.0;511.5
4;2019-01-20 18:00:00;172.1;41.7;7.0;0.6;39353.3;16.6;158.2;309.9;23249.4;2.0;1.5;8.0;521.5
4;2019-01-20 19:00:00;204.2;44.8;4.4;0.6;37625.4;20.2;141.5;307.9;22043.3;1.3;10.9;6.8;633.6
4;2019-01-20 20:00:00;144.9;33.9;4.7;0.5;28796.5;14.1;136.7;276.2;35822.3;2.9;0.4;5.9;535.2
4;2019-01-20 21:00:00;171.8;41.6;4.9;0.6;37658.3;16.8;157.9;297.4;18868.7;0.8;0.7;7.8;601.2
4;2019-01-20 22:00:00;57.9;22.1;1.3;0.2;20303.2;10.0;139.9;160.3;15830.1;0.5;0.0;3.0;438.8
4;2019-01-20 23:00:00;74.7;28.5;1.5;0.3;30263.8;10.0;157.7;212.1;15203.6;0.2;0.0;3.7;444.7
4;2019-01-21 00:00:00;246.2;42.7;12.5;0.6;53444.3;21.3;546.4;254.9;23410.5;3.1;0.0;7.8;468.1
4;2019-01-21 01:00:00;218.3;31.9;4.3;0.5;66634.0;19.1;262.4;302.8;16505.6;2.3;0.2;6.9;493.6
4;2019-01-21 02:00:00;247.8;56.0;4.8;2.0;93031.3;18.1;166.0;340.9;18037.4;3.4;1.8;8.9;505.1
4;2019-01-21 03:00:00;351.7;29.1;49.6;0.4;26377.1;15.6;230.8;323.0;77632.0;9.7;0.7;5.6;222.9
4;2019-01-21 04:00:00;306.1;60.0;36.0;0.7;58255.3;23.4;298.3;394.8;81167.3;7.7;0.5;10.6;487.1
4;2019-01-21 05:00:00;347.2;57.8;10.1;1.4;79468.3;23.6;201.1;780.9;15694.4;12.6;3.8;11.2;544.4
4;2019-01-21 06:00:00;245.8;52.7;11.5;1.0;84720.9;21.1;346.8;763.4;19596.2;22.7;6.2;10.2;306.6
4;2019-01-21 07:00:00;233.3;41.8;10.5;0.8;44850.7;21.4;376.5;635.8;22798.9;18.1;2.4;10.0;202.1
4;2019-01-21 08:00:00;288.1;43.9;9.8;0.9;98475.3;23.2;289.7;653.9;19873.4;9.2;2.7;9.4;198.0
4;2019-01-21 09:00:00;295.3;60.4;8.9;0.9;74534.7;29.1;1750.4;767.2;20734.3;25.9;9.1;10.5;469.9
4;2019-01-21 10:00:00;409.0;67.8;8.1;2.4;99547.6;28.7;1218.2;880.7;14043.8;48.3;17.0;11.6;435.2
4;2019-01-21 11:00:00;373.8;66.8;8.7;2.4;90171.2;35.0;1185.5;944.1;39770.6;40.2;22.0;13.0;471.7
4;2019-01-21 12:00:00;436.6;65.3;8.1;1.5;132381.6;32.1;1031.3;810.6;15008.0;19.9;18.3;12.9;303.7
4;2019-01-21 13:00:00;343.4;73.5;10.8;4.7;124616.4;26.4;744.7;599.5;25641.0;17.1;19.7;13.3;300.6
4;2019-01-21 14:00:00;304.1;49.5;9.3;1.4;88886.3;23.1;1417.1;508.0;19128.7;19.7;8.8;10.5;235.8
4;2019-01-21 15:00:00;412.5;40.4;3.7;0.4;49558.7;23.1;1881.9;427.1;25295.2;18.4;26.3;6.9;128.7
4;2019-01-21 16:00:00;429.8;46.6;6.0;2.1;68614.4;28.4;1050.9;504.4;24418.8;19.9;34.6;8.0;233.4
4;2019-01-21 17:00:00;325.3;44.8;7.4;0.5;96451.0;31.1;187.9;501.7;36157.0;5.1;38.1;8.1;256.2
4;2019-01-21 18:00:00;245.4;34.1;4.3;0.4;51164.3;23.7;116.9;386.1;12736.3;3.5;30.8;5.8;204.0
4;2019-01-21 19:00:00;142.0;26.1;5.0;0.4;45875.3;23.5;93.1;387.3;2554.7;0.8;10.8;4.4;146.1
4;2019-01-21 20:00:00;167.5;33.9;5.6;0.4;31592.2;18.1;163.5;309.5;20330.7;3.4;11.3;5.9;193.8
4;2019-01-21 21:00:00;248.9;34.7;3.9;0.4;75969.6;20.4;143.4;362.4;17172.7;0.8;11.9;5.6;228.0
4;2019-01-21 22:00:00;188.2;35.1;5.4;0.5;39115.1;20.8;181.3;356.6;16007.6;2.8;8.1;5.3;44.6
4;2019-01-21 23:00:00;233.3;42.9;6.7;0.6;43550.4;22.4;160.1;457.1;21164.6;2.9;14.1;7.9;274.6
4;2019-01-22 00:00:00;356.6;52.9;27.1;0.6;51933.2;43.9;892.1;474.9;29852.2;2.7;16.3;9.7;231.7
4;2019-01-22 01:00:00;331.7;60.0;10.6;1.2;73936.8;40.9;173.1;571.5;23935.9;4.1;22.4;11.7;284.0
4;2019-01-22 02:00:00;327.5;46.6;9.1;1.1;110467.6;33.0;190.1;524.2;18396.0;5.1;25.9;9.1;308.9
4;2019-01-22 03:00:00;656.3;44.8;88.4;1.1;52358.3;42.8;303.6;739.4;126866.2;13.5;32.8;8.3;237.2
4;2019-01-22 04:00:00;335.8;60.4;8.1;2.9;83188.9;42.5;323.9;577.5;35560.1;2.4;35.3;11.0;408.1
4;2019-01-22 05:00:00;429.1;71.0;7.6;1.7;94756.7;42.2;259.0;911.8;25260.7;4.9;38.2;12.3;324.6
4;2019-01-22 06:00:00;327.4;52.1;7.2;0.8;75063.0;37.2;236.9;861.8;14164.5;14.7;24.0;9.6;339.0
4;2019-01-22 07:00:00;270.0;49.3;7.4;0.7;82276.1;36.0;391.1;742.5;15105.8;39.9;20.9;9.0;405.1
4;2019-01-22 08:00:00;362.8;51.1;8.4;1.2;85232.0;34.5;256.9;764.7;25627.5;36.3;24.7;8.9;471.3
4;2019-01-22 09:00:00;469.0;49.5;7.6;3.4;95023.2;36.9;264.6;1025.7;21522.1;31.0;21.4;9.2;229.2
4;2019-01-22 10:00:00;663.4;51.5;7.1;4.0;101388.8;40.1;308.8;1017.2;17663.2;34.7;35.5;10.8;339.0
4;2019-01-22 11:00:00;617.6;70.6;11.7;14.7;153028.3;51.7;251.2;1378.3;49536.9;33.5;38.1;13.4;411.3
4;2019-01-22 12:00:00;465.8;65.4;13.5;1.7;116201.6;45.8;180.0;1132.5;19848.5;26.9;8.9;11.7;309.3
4;2019-01-22 13:00:00;377.7;62.2;9.8;4.3;111482.2;37.4;159.9;967.4;24233.9;18.4;18.2;10.4;372.9
4;2019-01-22 14:00:00;427.4;64.7;10.4;5.0;99015.4;35.7;214.4;882.9;27984.2;20.4;26.0;12.3;329.7
4;2019-01-22 15:00:00;507.3;42.2;10.3;0.9;114822.6;26.0;174.4;605.9;23052.1;17.4;2.6;9.1;278.8
4;2019-01-22 16:00:00;221.4;31.4;7.4;0.5;64829.6;24.1;159.2;518.7;21608.5;17.9;0.1;6.1;224.2
4;2019-01-22 17:00:00;406.5;29.8;8.3;0.5;73950.4;26.0;282.6;583.5;35033.2;20.1;0.1;6.9;132.8
4;2019-01-22 18:00:00;247.1;36.0;6.4;0.5;63311.5;32.5;184.5;586.0;29861.7;15.3;6.3;6.7;255.0
4;2019-01-22 19:00:00;287.0;40.6;6.9;0.6;110231.6;31.4;297.5;527.0;29120.4;2.6;8.9;8.6;293.6
4;2019-01-22 20:00:00;345.9;34.1;9.4;0.5;102175.1;26.6;184.0;477.9;39607.6;7.1;2.0;8.0;231.0
4;2019-01-22 21:00:00;191.3;39.3;8.5;0.7;61290.0;26.7;250.8;505.9;32016.5;2.2;7.2;8.6;25.8
4;2019-01-22 22:00:00;161.3;21.3;8.7;0.4;53207.4;21.9;190.6;382.8;21183.3;3.3;0.1;4.7;186.4
4;2019-01-22 23:00:00;399.8;34.4;7.4;0.8;52284.0;20.7;219.6;462.9;21875.9;2.0;0.7;7.4;159.7
4;2019-01-23 00:00:00;386.6;52.0;36.1;1.0;92752.1;45.9;990.3;714.2;30853.5;3.0;1.8;10.9;222.5
4;2019-01-23 01:00:00;221.2;46.3;9.4;0.7;92499.3;29.3;275.7;482.6;21146.8;3.5;6.0;9.7;155.2
4;2019-01-23 02:00:00;276.2;46.1;9.5;0.7;97558.7;33.4;210.6;582.9;6961.6;2.3;11.0;10.8;199.7
4;2019-01-23 03:00:00;324.5;42.5;28.6;0.6;69621.5;32.7;283.8;629.7;53713.5;6.3;3.8;10.7;224.1
4;2019-01-23 04:00:00;423.0;79.2;21.2;2.6;110502.9;41.0;365.6;699.0;34767.1;10.9;22.1;11.5;369.2
4;2019-01-23 05:00:00;302.0;76.1;6.3;2.8;102976.6;39.1;197.1;816.4;25672.1;7.1;20.1;11.7;369.4
4;2019-01-23 06:00:00;217.7;42.3;7.0;0.6;77317.9;35.8;195.1;805.0;19510.7;26.8;4.9;8.7;417.7
4;2019-01-23 07:00:00;356.8;63.0;9.7;1.5;78816.5;37.3;270.1;787.9;10284.4;18.6;19.2;13.6;611.9
4;2019-01-23 08:00:00;478.9;54.2;6.5;1.0;95287.5;39.6;238.8;815.2;34306.5;30.0;21.2;10.1;382.5
4;2019-01-23 09:00:00;444.2;66.1;11.9;3.4;104397.6;51.9;270.2;1215.8;26533.0;32.9;31.5;14.3;504.4
4;2019-01-23 10:00:00;442.8;54.8;8.0;0.9;76259.4;50.7;214.1;1012.4;17100.8;33.4;39.6;10.7;364.8
4;2019-01-23 11:00:00;376.2;54.2;13.1;1.0;83202.1;51.6;821.1;913.2;28288.7;18.4;41.3;11.4;210.6
4;2019-01-23 12:00:00;375.3;70.4;11.2;6.1;90776.4;43.4;824.7;876.6;29311.6;22.7;34.1;11.3;230.0
4;2019-01-23 13:00:00;434.0;53.8;8.3;1.0;112251.3;34.6;857.7;682.5;22548.4;11.3;18.4;9.8;399.5
4;2019-01-23 14:00:00;295.9;47.9;6.2;0.5;72187.7;30.0;707.2;603.2;6537.4;5.7;16.7;8.0;260.1
4;2019-01-23 15:00:00;233.1;57.3;8.1;0.6;55879.0;27.8;1038.6;611.3;18757.3;3.2;8.0;9.8;343.3
4;2019-01-23 16:00:00;291.5;54.1;6.5;0.6;71444.9;27.4;1289.8;634.6;23106.1;3.6;11.8;9.9;379.3
4;2019-01-23 17:00:00;297.2;37.7;5.2;0.4;47433.0;26.0;830.8;458.9;18556.8;7.9;31.7;6.1;165.4
4;2019-01-23 18:00:00;263.6;34.2;2.8;0.4;57675.0;24.3;1481.0;392.1;22212.8;16.1;34.2;4.4;119.9
4;2019-01-23 19:00:00;314.1;31.0;3.7;0.4;73566.3;27.6;100.4;415.4;21866.1;23.0;39.0;4.7;113.0
4;2019-01-23 20:00:00;245.5;36.6;4.4;0.3;73206.5;22.6;162.6;352.2;20741.0;12.8;31.1;4.7;73.0
4;2019-01-23 21:00:00;302.5;29.3;4.1;0.3;49379.4;21.7;131.2;325.4;18343.2;16.5;31.7;4.3;87.7
4;2019-01-23 22:00:00;315.2;38.5;4.6;1.3;60941.6;24.1;167.9;380.3;21651.1;25.6;36.4;5.8;217.0
4;2019-01-23 23:00:00;255.2;26.4;3.8;0.3;57532.5;22.7;132.3;345.1;22684.6;4.6;36.5;4.6;126.1
4;2019-01-24 00:00:00;341.7;44.5;11.7;0.9;77223.3;33.9;535.1;401.1;24603.8;1.5;38.5;8.6;258.4
4;2019-01-24 01:00:00;336.0;40.6;6.9;0.5;91648.3;33.4;236.6;424.5;20260.0;0.6;39.6;7.3;133.4
4;2019-01-24 02:00:00;282.8;40.7;6.4;0.6;89850.1;32.5;155.1;435.0;22266.0;2.6;38.6;7.1;277.7
4;2019-01-24 03:00:00;539.5;40.8;77.3;0.8;51824.3;37.6;252.0;613.4;119508.3;8.5;50.6;7.5;196.6
4;2019-01-24 04:00:00;320.2;58.9;4.2;1.4;117666.5;44.2;253.2;673.6;12303.8;14.1;43.0;9.9;546.0
4;2019-01-24 05:00:00;324.8;60.9;7.2;2.6;113905.4;38.8;149.7;733.3;22919.4;11.2;38.0;10.8;428.4
4;2019-01-24 06:00:00;287.7;39.9;6.1;0.5;79786.3;32.5;193.8;559.9;19595.4;33.5;42.1;7.5;439.1
4;2019-01-24 07:00:00;456.6;51.1;9.4;3.0;123039.3;36.1;257.4;845.5;26214.9;19.0;29.7;10.3;355.5
4;2019-01-24 08:00:00;413.0;49.3;10.1;2.0;75568.6;42.0;341.7;957.1;19808.3;20.5;52.8;9.7;311.4
4;2019-01-24 09:00:00;499.8;51.3;10.2;2.3;103030.2;52.5;258.9;794.2;23216.1;33.2;72.8;10.5;429.8
4;2019-01-24 10:00:00;459.6;51.6;9.7;2.1;102287.7;51.9;317.1;953.8;8346.2;41.1;65.8;10.1;285.3
4;2019-01-24 11:00:00;534.2;50.0;11.5;6.2;126780.3;46.0;222.9;775.5;51834.1;28.5;70.6;10.4;301.0
4;2019-01-24 12:00:00;489.6;72.0;10.6;11.3;111776.3;52.3;186.0;944.4;22732.9;16.5;79.8;11.2;304.2
4;2019-01-24 13:00:00;493.5;51.3;10.2;1.9;98637.4;46.8;139.9;768.6;19485.3;17.6;63.6;9.0;415.9
4;2019-01-24 14:00:00;510.0;55.3;10.4;1.8;79145.6;42.6;111.9;821.1;21696.9;16.0;65.2;9.3;349.3
4;2019-01-24 15:00:00;1714.8;50.4;7.9;1.1;68662.2;34.8;102.6;670.9;18371.4;16.0;61.2;8.9;383.4
4;2019-01-24 16:00:00;519.0;43.6;6.8;0.9;106713.7;34.4;154.1;576.6;19089.9;16.6;63.4;8.0;299.0
4;2019-01-24 17:00:00;434.6;38.4;5.8;0.8;101037.4;36.5;191.1;543.5;18163.4;0.5;56.1;6.5;195.1
4;2019-01-24 18:00:00;296.6;26.2;3.5;0.4;85723.7;32.1;169.0;468.9;20355.3;0.3;51.7;4.9;108.9
4;2019-01-24 19:00:00;350.6;33.8;6.2;0.4;86861.6;35.7;165.9;516.4;20296.2;2.2;50.6;6.0;237.7
4;2019-01-24 20:00:00;364.0;37.9;8.6;0.5;41209.4;28.5;157.2;437.7;20359.3;3.5;31.9;7.5;187.2
4;2019-01-24 21:00:00;377.7;49.5;7.2;0.9;39340.3;23.7;171.9;513.4;19960.4;4.6;26.2;8.3;128.2
4;2019-01-24 22:00:00;304.3;49.5;9.9;0.6;45458.8;25.8;137.2;437.4;23450.9;6.8;32.8;8.3;79.8
4;2019-01-24 23:00:00;282.6;47.5;7.1;0.5;45641.6;20.2;80.2;334.6;19914.4;1.0;22.0;7.6;103.9
4;2019-01-25 00:00:00;309.7;49.9;22.5;0.5;72352.0;34.4;313.7;533.0;23084.4;1.3;22.9;7.7;103.0
4;2019-01-25 01:00:00;340.9;44.7;7.4;0.6;98468.8;38.3;350.6;516.8;23355.0;0.9;34.1;8.2;149.6
4;2019-01-25 02:00:00;343.4;36.3;7.1;0.5;40277.8;34.7;165.8;478.3;26767.5;3.1;48.0;6.9;151.3
4;2019-01-25 03:00:00;366.0;38.9;13.0;0.5;84752.6;29.2;198.0;440.6;30807.2;7.8;32.9;7.3;233.1
4;2019-01-25 04:00:00;810.0;67.9;85.2;2.5;89426.7;43.5;212.0;898.1;178476.8;9.1;37.5;12.6;351.0
4;2019-01-25 05:00:00;425.0;63.9;7.7;2.9;95678.3;40.4;117.1;685.4;25784.1;7.5;48.2;10.9;481.5
4;2019-01-25 06:00:00;477.3;63.4;11.1;5.5;99836.1;45.7;220.9;982.7;22662.0;19.0;53.8;13.5;554.3
4;2019-01-25 07:00:00;417.2;38.5;7.8;0.7;91850.9;34.5;232.3;702.9;17956.3;38.3;44.4;8.8;421.3
4;2019-01-25 08:00:00;427.2;58.0;7.9;4.3;118243.1;47.1;268.1;1247.9;26504.9;36.4;51.0;11.4;751.3
4;2019-01-25 09:00:00;1612.5;54.6;6.2;4.6;141745.0;59.3;283.1;1111.2;24109.7;20.5;94.1;8.9;327.2
4;2019-01-25 10:00:00;567.9;48.2;5.5;5.7;150791.7;56.8;190.0;1086.0;27403.5;44.0;89.4;8.2;398.9
4;2019-01-25 11:00:00;625.2;50.2;6.6;3.5;108138.7;53.1;182.6;948.0;4916.1;15.7;74.7;8.9;512.9
4;2019-01-25 12:00:00;666.9;64.4;7.1;3.1;146488.7;46.2;163.9;888.6;19120.8;24.8;55.7;10.3;439.4
4;2019-01-25 13:00:00;484.4;53.5;5.1;1.1;139604.9;43.7;142.0;724.1;4764.6;16.6;53.7;8.3;301.5
4;2019-01-25 14:00:00;481.5;60.6;7.0;9.0;107464.8;42.0;110.0;744.8;20503.8;18.4;58.0;9.9;377.9
4;2019-01-25 15:00:00;363.2;54.1;11.0;2.2;111211.0;38.7;155.7;756.0;19781.9;19.3;39.2;9.8;398.2
4;2019-01-25 16:00:00;284.4;39.7;7.7;0.5;106867.9;32.4;229.7;503.9;16260.4;15.1;28.3;7.5;274.7
4;2019-01-25 17:00:00;264.7;37.5;5.9;0.5;86405.7;38.7;193.5;590.2;23276.1;4.5;35.5;7.1;129.6
4;2019-01-25 18:00:00;196.6;35.0;7.3;0.5;111038.0;26.0;1397.1;395.0;20470.6;4.7;18.7;7.0;114.9
4;2019-01-25 19:00:00;188.4;39.1;9.9;0.5;132752.7;31.5;1789.2;426.2;18268.9;2.3;13.5;7.9;422.7
4;2019-01-25 20:00:00;230.6;42.5;13.5;0.6;119915.0;27.1;327.5;414.6;38169.1;38.1;9.6;9.2;273.9
4;2019-01-25 21:00:00;277.7;55.3;10.6;0.7;123409.1;25.8;436.9;451.2;31312.2;1.1;13.9;11.2;208.0
4;2019-01-25 22:00:00;216.9;46.4;5.4;0.6;112439.1;22.8;362.7;400.4;21268.4;3.9;9.8;8.4;250.5
4;2019-01-25 23:00:00;124.1;33.6;5.9;0.5;93042.8;21.4;353.2;301.7;21710.1;0.5;3.9;6.9;202.2
4;2019-01-26 00:00:00;53642.0;33.5;23.7;0.5;67698.3;29.8;481.2;329.7;21047.3;1.0;0.0;6.8;173.9
4;2019-01-26 01:00:00;130.8;25.7;2.7;0.4;64046.9;17.6;416.8;323.3;1500.3;2.1;0.7;4.5;128.5
4;2019-01-26 02:00:00;129.3;23.3;3.4;0.3;71883.6;14.8;229.6;268.2;17351.4;3.7;0.4;4.1;120.9
4;2019-01-26 03:00:00;379.8;25.0;74.2;0.4;65823.8;17.7;305.0;426.8;116174.7;15.4;0.3;5.2;187.3
4;2019-01-26 04:00:00;320.8;77.2;8.1;9.5;109842.6;28.0;359.4;546.5;32921.7;12.8;0.9;12.3;801.8
4;2019-01-26 05:00:00;1425.4;54.9;4.5;0.6;95300.6;20.8;248.4;416.2;35084.0;19.2;0.1;8.3;479.2
4;2019-01-26 06:00:00;130.0;36.7;5.0;0.9;114043.4;13.7;295.4;383.1;18228.7;15.9;1.6;7.7;337.7
4;2019-01-26 07:00:00;366.6;54.5;7.1;1.2;77951.0;22.5;254.4;767.2;29423.2;20.0;6.9;12.2;514.7
4;2019-01-26 08:00:00;224.9;44.5;5.8;0.8;56066.8;18.6;211.9;502.0;38926.8;16.3;3.2;8.1;410.8
4;2019-01-26 09:00:00;147.8;40.4;6.7;0.5;72426.4;13.6;1183.4;409.8;16163.7;51.6;1.0;7.4;300.0
4;2019-01-26 10:00:00;131.1;30.0;6.1;0.4;49300.2;11.7;1347.6;267.6;17760.5;62.4;0.0;5.6;252.2
4;2019-01-26 11:00:00;141.6;41.1;6.7;0.5;55823.7;11.1;2095.1;293.4;22323.9;55.0;0.0;6.6;486.8
4;2019-01-26 12:00:00;63.4;25.3;5.1;0.4;51891.1;9.0;1445.2;204.4;15766.7;53.1;0.0;4.5;220.8
4;2019-01-26 13:00:00;82.2;22.2;3.8;0.3;45199.2;7.7;944.4;189.8;15354.1;12.2;0.0;4.1;106.6
4;2019-01-26 14:00:00;138.2;16.3;4.2;0.2;42210.8;5.7;158.1;97.7;21012.6;12.2;0.0;2.9;76.1
4;2019-01-26 15:00:00;53.0;14.4;3.7;0.2;40601.7;9.6;162.7;92.0;20877.1;11.1;1.1;2.8;55.3
4;2019-01-26 16:00:00;110.2;22.2;1.3;0.2;40156.0;9.3;101.9;92.5;19444.6;2.5;16.8;2.8;10.7
4;2019-01-26 17:00:00;152.3;24.4;1.7;0.3;41820.9;8.0;129.9;129.2;17006.5;0.2;16.1;3.6;45.1
4;2019-01-26 18:00:00;115.0;23.8;2.0;0.2;42572.0;7.6;137.4;140.4;18494.7;0.5;17.3;3.0;20.8
4;2019-01-26 19:00:00;171.6;28.6;1.9;0.3;55937.5;10.5;150.9;172.4;19011.5;0.3;17.4;3.5;74.1
4;2019-01-26 20:00:00;118.2;25.0;1.4;0.2;44613.0;9.7;127.8;167.1;20421.5;1.5;22.1;2.7;24.4
4;2019-01-26 21:00:00;151.7;23.4;1.2;0.2;49196.1;12.9;148.9;196.4;2392.9;2.1;27.1;2.9;33.3
4;2019-01-26 22:00:00;198.9;22.7;2.0;0.2;49640.3;10.7;99.9;179.7;17170.8;2.8;23.4;3.0;56.7
4;2019-01-26 23:00:00;132.9;26.1;2.1;0.3;46453.7;8.9;126.1;164.4;18159.7;0.4;17.1;3.8;84.5
4;2019-01-27 00:00:00;224.9;50.0;15.0;0.5;66816.4;22.9;266.3;279.4;21258.6;1.7;12.5;7.2;107.8
4;2019-01-27 01:00:00;237.8;46.9;6.0;0.5;85789.5;26.5;215.0;359.5;19771.7;1.5;20.3;7.6;142.0
4;2019-01-27 02:00:00;218.9;39.6;5.9;0.5;60175.7;20.4;177.0;328.4;19481.3;2.8;19.4;7.3;130.6
4;2019-01-27 03:00:00;321.2;40.0;43.5;0.4;66998.4;18.3;281.7;440.9;85879.1;5.6;21.6;5.8;161.0
4;2019-01-27 04:00:00;475.9;79.2;6.0;13.6;107242.5;26.6;189.7;721.1;29907.6;12.1;32.6;11.3;486.1
4;2019-01-27 05:00:00;418.5;64.5;6.9;1.8;102480.1;21.8;180.0;785.7;22228.3;22.5;17.5;9.6;714.4
4;2019-01-27 06:00:00;222.9;45.7;5.1;0.5;116085.2;22.0;152.2;709.7;18480.7;23.8;16.2;6.8;223.9
4;2019-01-27 07:00:00;296.0;74.7;4.6;0.9;86238.1;14.5;177.3;517.3;12440.7;13.9;0.0;10.0;276.8
4;2019-01-27 08:00:00;307.3;96.1;7.6;7.9;77696.3;16.6;144.2;648.0;18430.2;6.9;0.3;11.3;624.6
4;2019-01-27 09:00:00;231.6;85.4;5.3;0.8;81262.6;13.4;161.6;453.7;18058.7;17.4;0.0;10.4;500.1
4;2019-01-27 10:00:00;193.2;79.5;2.6;0.5;76589.6;9.9;150.9;303.2;25562.4;25.9;0.0;7.3;398.4
4;2019-01-27 11:00:00;328.9;67.0;3.2;0.4;60725.5;6.5;147.6;248.1;18490.7;3.7;0.0;6.2;323.7
4;2019-01-27 12:00:00;170.2;52.0;2.8;0.4;64290.1;6.7;200.8;165.1;17552.3;1.0;0.0;5.9;28.1
4;2019-01-27 13:00:00;146.0;41.8;3.3;0.3;58643.4;7.0;185.7;148.1;13769.4;0.7;0.0;4.5;76.6
4;2019-01-27 14:00:00;148.1;47.1;3.3;0.3;41672.6;6.0;174.3;110.6;22704.3;0.8;0.0;4.5;18.5
4;2019-01-27 15:00:00;152.5;42.9;3.2;0.3;42903.2;6.3;221.6;117.9;18795.1;2.8;0.0;4.5;152.0
4;2019-01-27 16:00:00;221.5;55.7;3.4;0.4;91304.7;7.8;243.2;238.2;17962.1;5.1;0.1;6.7;167.0
4;2019-01-27 17:00:00;194.1;40.2;2.9;0.4;56659.8;7.6;269.8;254.3;17322.1;5.9;7.9;4.8;114.4
4;2019-01-27 18:00:00;173.9;25.3;3.8;0.3;56298.1;9.1;271.6;213.6;36900.5;3.9;1.9;3.7;42.2
4;2019-01-27 19:00:00;156.6;40.5;3.2;0.3;55272.2;10.4;313.3;289.7;23574.2;0.4;0.1;4.6;44.6
4;2019-01-27 20:00:00;1206.4;25.7;3.7;0.3;49677.0;10.9;261.1;290.7;38219.1;1.3;0.0;3.5;19.5
4;2019-01-27 21:00:00;132.1;16.1;2.5;0.3;57931.5;6.4;338.8;155.6;22392.0;2.7;0.0;3.5;74.8
4;2019-01-27 22:00:00;117.7;17.3;4.2;0.3;52552.0;7.9;297.4;130.7;22629.7;1.0;0.0;3.8;86.2
4;2019-01-27 23:00:00;64.8;14.1;1.8;0.2;47296.6;5.5;296.5;127.1;20559.4;1.3;0.0;2.5;62.3
4;2019-01-28 00:00:00;186.8;38.8;14.7;0.5;80977.4;22.4;725.3;210.4;33859.1;1.5;0.0;6.9;103.4
4;2019-01-28 01:00:00;154.7;48.2;7.8;0.6;89278.8;24.3;317.6;292.3;6866.6;0.8;0.6;9.9;88.5
4;2019-01-28 02:00:00;282.8;40.1;6.0;0.5;67551.6;18.2;326.2;302.2;29241.6;3.8;2.6;7.4;136.2
4;2019-01-28 03:00:00;240.0;40.7;35.0;0.5;64092.9;16.8;442.9;404.4;83123.6;7.5;0.8;7.1;260.9
4;2019-01-28 04:00:00;340.0;63.2;28.4;2.8;99372.2;25.7;1480.4;618.5;66000.4;13.7;7.5;10.0;606.8
4;2019-01-28 05:00:00;269.3;42.5;7.9;0.5;71459.6;21.9;341.5;635.7;23020.0;19.1;5.2;8.0;272.6
4;2019-01-28 06:00:00;208.5;44.5;4.9;0.5;66541.6;21.7;320.1;550.6;36501.4;19.3;5.2;7.9;182.6
4;2019-01-28 07:00:00;238.8;51.2;7.8;0.7;93088.6;21.8;347.4;599.1;42456.9;12.8;7.1;9.2;211.7
4;2019-01-28 08:00:00;435.9;53.3;7.4;0.9;83908.5;31.1;1002.3;814.1;27806.3;36.5;21.3;9.4;372.5
4;2019-01-28 09:00:00;312.7;43.1;5.0;0.7;79811.8;22.2;1079.9;534.5;29375.4;39.6;13.2;7.5;302.7
4;2019-01-28 10:00:00;272.8;61.5;7.1;0.6;92504.2;21.0;986.6;592.4;39917.0;19.9;12.0;9.3;360.2
4;2019-01-28 11:00:00;312.7;56.9;6.6;0.6;89853.5;20.1;753.0;477.9;35478.8;6.0;27.3;8.0;354.1
4;2019-01-28 12:00:00;269.2;60.5;10.2;0.6;88441.4;21.9;833.7;411.9;29322.9;5.2;5.5;10.5;350.4
4;2019-01-28 13:00:00;148.3;43.5;5.4;0.5;77764.0;13.1;1056.8;368.5;26006.1;1.0;0.1;7.1;288.5
4;2019-01-28 14:00:00;238.4;70.7;4.4;1.3;94130.0;17.2;1042.4;496.1;25409.9;15.9;3.2;8.8;399.7
4;2019-01-28 15:00:00;163.5;53.5;1.8;0.4;75842.6;19.0;887.7;413.1;15737.7;1.2;0.6;6.9;277.9
4;2019-01-28 16:00:00;194.4;55.9;4.8;0.6;78150.4;18.7;976.1;353.2;17871.7;3.0;1.4;8.4;385.3
4;2019-01-28 17:00:00;180.1;46.8;5.4;0.4;74027.8;17.3;129.0;400.4;22582.2;0.8;0.9;7.0;299.8
4;2019-01-28 18:00:00;117.1;32.5;4.2;0.4;76027.5;14.9;140.0;356.8;13625.8;31.6;0.0;5.5;303.1
4;2019-01-28 19:00:00;216.9;69.4;2.6;0.5;85342.7;21.8;136.9;566.3;19301.5;62.9;7.9;8.1;376.9
4;2019-01-28 20:00:00;127.8;41.9;2.2;0.3;58208.2;14.3;125.0;349.1;35110.1;45.9;0.0;4.3;202.0
4;2019-01-28 21:00:00;194.2;59.8;3.4;0.4;68985.8;13.8;134.0;471.4;18880.9;69.1;1.4;6.4;291.4
4;2019-01-28 22:00:00;143.1;32.4;3.0;0.4;77247.4;12.6;146.1;290.2;19134.8;27.0;0.0;4.8;111.3
4;2019-01-28 23:00:00;154.1;47.3;2.1;0.3;62106.6;11.4;94.4;389.1;11730.3;69.2;0.1;5.2;280.0
4;2019-01-29 00:00:00;653.4;56.7;18.4;0.5;84143.8;25.5;240.0;492.8;23596.1;70.9;0.0;8.2;359.2
4;2019-01-29 01:00:00;190.3;56.7;5.2;0.5;98365.7;24.5;218.9;433.4;14674.9;33.2;0.6;8.8;221.9
4;2019-01-29 02:00:00;317.1;32.1;5.7;0.5;48752.6;18.5;252.4;289.6;18383.0;2.6;0.6;6.2;129.1
4;2019-01-29 03:00:00;297.2;31.6;45.5;0.5;94005.0;19.3;403.5;408.5;96612.3;11.3;0.2;6.8;199.0
4;2019-01-29 04:00:00;241.7;61.4;10.2;0.7;139614.6;24.9;527.3;635.9;29831.3;6.5;0.1;11.0;619.1
4;2019-01-29 05:00:00;279.3;75.9;12.7;2.1;145773.6;27.7;274.7;790.9;44745.6;16.3;0.4;13.5;821.7
4;2019-01-29 06:00:00;111.9;27.4;4.3;0.4;77711.5;15.4;224.6;370.3;29235.8;30.2;0.0;4.9;416.5
4;2019-01-29 07:00:00;190.5;31.8;4.7;0.6;66491.9;15.1;245.0;347.0;23682.6;33.6;1.3;6.6;318.2
4;2019-01-29 08:00:00;208.5;29.7;5.1;0.5;57516.0;14.3;330.1;330.7;24062.1;38.5;1.1;5.3;337.4
4;2019-01-29 09:00:00;180.4;33.7;8.7;0.5;78268.6;20.4;137.9;352.9;25335.1;26.2;6.4;8.0;263.1
4;2019-01-29 10:00:00;163.2;28.9;7.2;0.5;116085.5;15.3;130.7;279.6;21861.4;4.4;3.9;7.0;159.8
4;2019-01-29 11:00:00;369.3;75.7;14.3;1.9;90623.5;24.9;133.7;620.4;67460.9;40.8;10.1;12.2;330.0
4;2019-01-29 12:00:00;452.8;70.1;8.5;3.0;104586.9;29.9;131.1;1173.6;15859.8;8.7;13.3;13.3;836.3
4;2019-01-29 13:00:00;284.8;62.1;9.8;1.0;84554.0;31.4;233.1;1317.9;18777.7;16.7;16.0;10.2;425.8
4;2019-01-29 14:00:00;330.1;57.4;8.1;0.8;94007.3;38.3;747.3;904.6;17279.9;15.5;29.7;11.9;241.9
4;2019-01-29 15:00:00;201.0;41.5;6.0;0.5;73508.0;29.5;1052.0;648.3;3249.9;17.6;23.2;7.2;220.2
